Bandleader,Title,Date,AudioKey
Rodolfo Biagi,Cruz Diablo,1927-08-22,Biagi Rodolfo/1925-1929/Biagi - Cruz Diablo - Instrumental - 1927.opus
Rodolfo Biagi,Alma de Bohemio,1939-03-24,Biagi Rodolfo/1935-1939/Biagi - Alma De Bohemio - Ibanez - 1939.opus
Rodolfo Biagi,Campo Afuera,1939-04-27,Biagi Rodolfo/1935-1939/Biagi - Campo Afuera - Ibanez - 1939.opus
Rodolfo Biagi,Cielo,1939-09-18,Biagi Rodolfo/1935-1939/Biagi - Cielo - Falgas - 1939.opus
Rodolfo Biagi,Déjame Amarte Aunque Sea un Día,1939-09-22,Biagi Rodolfo/1935-1939/Biagi - Dejame Amarte Aunque Sea Un Dia - Falgas - 1939.opus
Rodolfo Biagi,Dichas Que Viví,1939-07-13,Biagi Rodolfo/1935-1939/Biagi - Dichas Que Vivi - Falgas - 1939.opus
Rodolfo Biagi,El Incendio,1938-08-15,Biagi Rodolfo/1935-1939/Biagi - El Incendio - Instrumental - 1938.opus
Rodolfo Biagi,El Rápido,1939-09-18,Biagi Rodolfo/1935-1939/Biagi - El Rapido - Instrumental - 1939.opus
Rodolfo Biagi,El Trece,1938-11-15,Biagi Rodolfo/1935-1939/Biagi - El Trece - Instrumental - 1938.opus
Rodolfo Biagi,Gólgota,1938-08-15,Biagi Rodolfo/1935-1939/Biagi - Golgota - Ibanez - 1938.opus
Rodolfo Biagi,Griseta,1939-10-26,Biagi Rodolfo/1935-1939/Biagi - Griseta - Falgas - 1939.opus
Rodolfo Biagi,La Maleva,1939-03-24,Biagi Rodolfo/1935-1939/Biagi - La Maleva - Instrumental - 1939.opus
Rodolfo Biagi,La Novena,1939-04-27,Biagi Rodolfo/1935-1939/Biagi - La Novena - Ibanez - 1939.opus
Rodolfo Biagi,Lejos de Ti,1938-12-02,Biagi Rodolfo/1935-1939/Biagi - Lejos De Ti - Ibanez - 1938.opus
Rodolfo Biagi,Loca de Amor,1938-11-15,Biagi Rodolfo/1935-1939/Biagi - Loca De Amor - Ibanez - 1938.opus
Rodolfo Biagi,Pura Clase,1939-07-13,Biagi Rodolfo/1935-1939/Biagi - Pura Clase - Instrumental - 1939.opus
Rodolfo Biagi,Queja Indiana,1939-10-26,Biagi Rodolfo/1935-1939/Biagi - Queja Indiana - Falgas - 1939.opus
Rodolfo Biagi,Son Cosas del Bandoneón,1939-09-22,Biagi Rodolfo/1935-1939/Biagi - Son Cosas Del Bandoneon - Falgas - 1939.opus
Rodolfo Biagi,Una Pena,1938-12-02,Biagi Rodolfo/1935-1939/Biagi - Una Pena - Ibanez - 1938.opus
Rodolfo Biagi,Unión Cívica,1938-10-17,Biagi Rodolfo/1935-1939/Biagi - Union Civica - Instrumental - 1938.opus
Rodolfo Biagi,Viejo Portón,1938-10-17,Biagi Rodolfo/1935-1939/Biagi - Viejo Porton - Ibanez - 1938.opus
Rodolfo Biagi,A la Luz del Candil,1943-03-03,Biagi Rodolfo/1940-1944/Biagi - A La Luz Del Candil - Acuna - 1943.opus
Rodolfo Biagi,A Mí No Me Interesa,1940-04-12,Biagi Rodolfo/1940-1944/Biagi - A Mi No Me Interesa - Falgas - 1940.opus
Rodolfo Biagi,A Suerte y Verdad,1944-08-11,Biagi Rodolfo/1940-1944/Biagi - A Suerte Y Verdad - Acuna - 1944.opus
Rodolfo Biagi,Adiós Te Vas,1943-08-24,Biagi Rodolfo/1940-1944/Biagi - Adios Te Vas - Acuna - 1943.opus
Rodolfo Biagi,Ahora No Me Conocés,1941-09-26,Biagi Rodolfo/1940-1944/Biagi - Ahora No Me Conoces - Ortiz - 1941.opus
Rodolfo Biagi,Amor y Vals,1942-05-22,Biagi Rodolfo/1940-1944/Biagi - Amor Y Vals - Lago - 1942.opus
Rodolfo Biagi,Arlette,1943-03-03,Biagi Rodolfo/1940-1944/Biagi - Arlette - Amor - 1943.opus
Rodolfo Biagi,Arrebato,1942-01-16,Biagi Rodolfo/1940-1944/Biagi - Arrebato - Lago - 1942.opus
Rodolfo Biagi,Barrio Reo,1943-04-29,Biagi Rodolfo/1940-1944/Biagi - Barrio Reo - Acuna - 1943.opus
Rodolfo Biagi,Bélgica,1942-01-20,Biagi Rodolfo/1940-1944/Biagi - Belgica - Instrumental - 1942.opus
Rodolfo Biagi,Calla Corazón,1942-04-15,Biagi Rodolfo/1940-1944/Biagi - Calla Corazon - Ortiz - 1942.opus
Rodolfo Biagi,Callecita de Mi Barrio,1940-10-04,Biagi Rodolfo/1940-1944/Biagi - Callecita De Mi Barrio - Ortiz - 1940.opus
Rodolfo Biagi,Canción de Rango,1943-04-29,Biagi Rodolfo/1940-1944/Biagi - Cancion De Rango - Acuna - 1943.opus
Rodolfo Biagi,Cantando Se Van las Penas,1940-06-28,Biagi Rodolfo/1940-1944/Biagi - Cantando Se Van Las Penas - Ortiz - 1940.opus
Rodolfo Biagi,Carrillón de la Mercéd,1941-09-26,Biagi Rodolfo/1940-1944/Biagi - Carrillon de la Merced - Ortiz - 1941.opus
Rodolfo Biagi,Catorce Primaveras,1942-08-28,Biagi Rodolfo/1940-1944/Biagi - Catorce Primaveras - Ortiz - 1942.opus
Rodolfo Biagi,Cicatrices,1940-03-27,Biagi Rodolfo/1940-1944/Biagi - Cicatrices - Falgas - 1940.opus
Rodolfo Biagi,Como el Hornero,1944-08-11,Biagi Rodolfo/1940-1944/Biagi - Como El Hornero - Amor - 1944.opus
Rodolfo Biagi,Cuatro Palabras,1941-07-29,Biagi Rodolfo/1940-1944/Biagi - Cuatro Palabras - Ortiz - 1941.opus
Rodolfo Biagi,Deja el Mundo Como Está,1940-03-14,Biagi Rodolfo/1940-1944/Biagi - Deja El Mundo Como Esta - Falgas - 1940.opus
Rodolfo Biagi,Didí,1941-10-21,Biagi Rodolfo/1940-1944/Biagi - Didi - Instrumental - 1941.opus
Rodolfo Biagi,El Entrerriano,1941-01-14,Biagi Rodolfo/1940-1944/Biagi - El Entrerriano - Instrumental - 1941.opus
Rodolfo Biagi,El Estribo,1940-04-12,Biagi Rodolfo/1940-1944/Biagi - El Estribo - Instrumental - 1940.opus
Rodolfo Biagi,El Último Adiós,1940-03-27,Biagi Rodolfo/1940-1944/Biagi - El Ultimo Adios - Falgas - 1940.opus
Rodolfo Biagi,El Yaguarón,1940-06-19,Biagi Rodolfo/1940-1944/Biagi - El Yaguaron - Instrumental - 1940.opus
Rodolfo Biagi,Guapo y Varón,1940-07-16,Biagi Rodolfo/1940-1944/Biagi - Guapo Y Varon - Ortiz - 1940.opus
Rodolfo Biagi,Humillación,1941-03-15,Biagi Rodolfo/1940-1944/Biagi - Humillacion - Ortiz - 1941.opus
Rodolfo Biagi,Indiferencia,1942-09-10,Biagi Rodolfo/1940-1944/Biagi - Indiferencia - Ortiz - 1942.opus
Rodolfo Biagi,La Chacarera,1940-03-14,Biagi Rodolfo/1940-1944/Biagi - La Chacarera - Falgas - 1940.opus
Rodolfo Biagi,La Cumparsita,1942-09-10,Biagi Rodolfo/1940-1944/Biagi - La Cumparsita - Instrumental - 1942.opus
Rodolfo Biagi,La Marca de Fuego,1940-12-17,Biagi Rodolfo/1940-1944/Biagi - La Marca De Fuego - Instrumental - 1940.opus
Rodolfo Biagi,La Marcha Nupcial,1941-03-26,Biagi Rodolfo/1940-1944/Biagi - La Marcha Nupcial - Ortiz - 1941.opus
Rodolfo Biagi,Lágrimas y Sonrisas,1941-03-26,Biagi Rodolfo/1940-1944/Biagi - Lagrimas Y Sonrisas - Instrumental - 1941.opus
Rodolfo Biagi,Lisón,1944-04-11,Biagi Rodolfo/1940-1944/Biagi - Lison - Amor - 1944.opus
Rodolfo Biagi,Lonjazos,1943-12-07,Biagi Rodolfo/1940-1944/Biagi - Lonjazos - Acuna - 1943.opus
Rodolfo Biagi,Marcas,1940-10-15,Biagi Rodolfo/1940-1944/Biagi - Marcas - Ortiz - 1940.opus
Rodolfo Biagi,Marcheta,1941-12-03,Biagi Rodolfo/1940-1944/Biagi - Marcheta - Instrumental - 1941.opus
Rodolfo Biagi,Metido,1942-05-22,Biagi Rodolfo/1940-1944/Biagi - Metido - Lago - 1942.opus
Rodolfo Biagi,Misa de Once,1940-10-15,Biagi Rodolfo/1940-1944/Biagi - Misa De Once - Ortiz - 1940.opus
Rodolfo Biagi,Nada,1944-05-09,Biagi Rodolfo/1940-1944/Biagi - Nada - Amor - 1944.opus
Rodolfo Biagi,No Le Digas Que la Quiero,1940-12-17,Biagi Rodolfo/1940-1944/Biagi - No Le Digas Que La Quiero - Ortiz - 1940.opus
Rodolfo Biagi,No Puede Ser,1941-12-03,Biagi Rodolfo/1940-1944/Biagi - No Puede Ser - Lago - 1941.opus
Rodolfo Biagi,Oyendo Tu Voz,1942-08-28,Biagi Rodolfo/1940-1944/Biagi - Oyendo Tu Voz - Ortiz - 1942.opus
Rodolfo Biagi,Pájaro Ciego,1941-01-14,Biagi Rodolfo/1940-1944/Biagi - Pajaro Ciego - Ortiz - 1941.opus
Rodolfo Biagi,Pájaro Herido,1941-10-07,Biagi Rodolfo/1940-1944/Biagi - Pajaro Herido - Instrumental - 1941.opus
Rodolfo Biagi,Picante,1941-10-21,Biagi Rodolfo/1940-1944/Biagi - Picante - Instrumental - 1941.opus
Rodolfo Biagi,Pinta Orillera,1940-06-28,Biagi Rodolfo/1940-1944/Biagi - Pinta Orillera - Ortiz - 1940.opus
Rodolfo Biagi,Por Algo Será,1943-03-03,Biagi Rodolfo/1940-1944/Biagi - Por Algo Sera - Amor - 1943.opus
Rodolfo Biagi,Por un Beso de Amor,1940-10-04,Biagi Rodolfo/1940-1944/Biagi - Por Un Beso De Amor - Ortiz - 1940.opus
Rodolfo Biagi,Prisionero,1943-08-24,Biagi Rodolfo/1940-1944/Biagi - Prisionero - Amor - 1943.opus
Rodolfo Biagi,Pueblito de Provincia,1943-01-15,Biagi Rodolfo/1940-1944/Biagi - Pueblito De Provincia - Ortiz - 1943.opus
Rodolfo Biagi,Quejas de Bandoneón,1941-10-07,Biagi Rodolfo/1940-1944/Biagi - Quejas De Bandoneon - Instrumental - 1941.opus
Rodolfo Biagi,Quiero Verte una Vez Más,1940-07-16,Biagi Rodolfo/1940-1944/Biagi - Quiero Verte Una Vez Mas - Ortiz - 1940.opus
Rodolfo Biagi,Re Fa Si,1940-12-26,Biagi Rodolfo/1940-1944/Biagi - Re FA Si - Instrumental - 1940.opus
Rodolfo Biagi,Romántico Bulincito,1941-03-26,Biagi Rodolfo/1940-1944/Biagi - Romantico Bulincito - Ortiz - 1941.opus
Rodolfo Biagi,Seamos Amigos,1944-09-15,Biagi Rodolfo/1940-1944/Biagi - Seamos Amigos - Amor - 1944.opus
Rodolfo Biagi,Señor Señor,1943-01-15,Biagi Rodolfo/1940-1944/Biagi - Senor Senor - Ortiz - 1943.opus
Rodolfo Biagi,Sentimiento Gaucho,1942-02-02,Biagi Rodolfo/1940-1944/Biagi - Sentimiento Gaucho - Instrumental - 1942.opus
Rodolfo Biagi,Será Lo Mejor,1941-03-15,Biagi Rodolfo/1940-1944/Biagi - Sera Lo Mejor - Ortiz - 1941.opus
Rodolfo Biagi,Si de Mí Te Has Olvidado,1942-10-29,Biagi Rodolfo/1940-1944/Biagi - Si De Mi Te Has Olvidado - Ortiz - 1942.opus
Rodolfo Biagi,Si la Llegaran a Ver,1943-12-07,Biagi Rodolfo/1940-1944/Biagi - Si La Llegaran A Ver - Amor - 1943.opus
Rodolfo Biagi,Sosiego en la Noche,1944-05-30,Biagi Rodolfo/1940-1944/Biagi - Sosiego En La Noche - Acuna - 1944.opus
Rodolfo Biagi,Soy del 90',1943-07-08,Biagi Rodolfo/1940-1944/Biagi - Soy Del 90' - Acuna - 1943.opus
Rodolfo Biagi,Sueño de Juventud,1944-04-11,Biagi Rodolfo/1940-1944/Biagi - Sueno De Juventud - Acuna - 1944.opus
Rodolfo Biagi,Te Odio,1942-02-02,Biagi Rodolfo/1940-1944/Biagi - Te Odio - Lago - 1942.opus
Rodolfo Biagi,Todo Te Nombra,1940-06-19,Biagi Rodolfo/1940-1944/Biagi - Todo Te Nombra - Ortiz - 1940.opus
Rodolfo Biagi,Tres Horas,1943-07-08,Biagi Rodolfo/1940-1944/Biagi - Tres Horas - Amor - 1943.opus
Rodolfo Biagi,Tu Voz,1944-05-09,Biagi Rodolfo/1940-1944/Biagi - Tu Voz - Acuna - 1944.opus
Rodolfo Biagi,Uno,1944-04-11,Biagi Rodolfo/1940-1944/Biagi - Uno - Acuna - 1944.opus
Rodolfo Biagi,Viento Malo,1944-09-15,Biagi Rodolfo/1940-1944/Biagi - Viento Malo - Amor - 1944.opus
Rodolfo Biagi,Ya Lo Ves,1941-07-29,Biagi Rodolfo/1940-1944/Biagi - Ya Lo Ves - Ortiz - 1941.opus
Rodolfo Biagi,Yo También,1940-12-26,Biagi Rodolfo/1940-1944/Biagi - Yo Tambien - Ortiz - 1940.opus
Rodolfo Biagi,Yo Tengo un Puñal,1943-03-03,Biagi Rodolfo/1940-1944/Biagi - Yo Tengo Un Punal - Acuna - 1943.opus
Rodolfo Biagi,Zaraza,1941-03-26,Biagi Rodolfo/1940-1944/Biagi - Zaraza - Ortiz - 1941.opus
Rodolfo Biagi,Adiós Pampa Mía,1946-01-31,Biagi Rodolfo/1945-1949/Biagi - Adios Pampa Mia - Amor - 1946.opus
Rodolfo Biagi,Anselmo Laguna,1945-10-15,Biagi Rodolfo/1945-1949/Biagi - Anselmo Laguna - Amor - 1945.opus
Rodolfo Biagi,Aroma de Amor,1946-01-18,Biagi Rodolfo/1945-1949/Biagi - Aroma De Amor - Amor - 1946.opus
Rodolfo Biagi,Café de los Angelitos,1945-06-15,Biagi Rodolfo/1945-1949/Biagi - Cafe De Los Angelitos - Amor - 1945.opus
Rodolfo Biagi,Camino del Tucumán,1946-05-23,Biagi Rodolfo/1945-1949/Biagi - Camino Del Tucuman - Amor - 1946.opus
Rodolfo Biagi,Con Mi Perro,1946-07-10,Biagi Rodolfo/1945-1949/Biagi - Con Mi Perro - Amor - 1946.opus
Rodolfo Biagi,Copas Amigas y Besos,1945-02-06,Biagi Rodolfo/1945-1949/Biagi - Copas Amigas Y Besos - Ortiz - 1945.opus
Rodolfo Biagi,Cuando Llora la Milonga,1946-11-22,Biagi Rodolfo/1945-1949/Biagi - Cuando Llora La Milonga - Amor - 1946.opus
Rodolfo Biagi,Cuando Se Ha Querido Mucho,1945-06-15,Biagi Rodolfo/1945-1949/Biagi - Cuando Se Ha Querido Mucho - Ortiz - 1945.opus
Rodolfo Biagi,Cuatro Lágrimas,1946-04-17,Biagi Rodolfo/1945-1949/Biagi - Cuatro Lagrimas - Amor - 1946.opus
Rodolfo Biagi,El Irresistible,1946-06-18,Biagi Rodolfo/1945-1949/Biagi - El Irresistible - Instrumental - 1946.opus
Rodolfo Biagi,Equipaje,1945-04-24,Biagi Rodolfo/1945-1949/Biagi - Equipaje - Ortiz - 1945.opus
Rodolfo Biagi,Esta Noche Me Emborracho,1946-12-30,Biagi Rodolfo/1945-1949/Biagi - Esta Noche Me Emborracho - Saavedra - 1946.opus
Rodolfo Biagi,Flor de Monserrat,1945-11-30,Biagi Rodolfo/1945-1949/Biagi - Flor De Monserrat - Amor - 1945.opus
Rodolfo Biagi,Gracias,1946-06-18,Biagi Rodolfo/1945-1949/Biagi - Gracias - Saavedra - 1946.opus
Rodolfo Biagi,Hoy Te Quiero Mucho Más,1945-11-30,Biagi Rodolfo/1945-1949/Biagi - Hoy Te Quiero Mucho Mas - Amor - 1945.opus
Rodolfo Biagi,La Huella,1946-08-16,Biagi Rodolfo/1945-1949/Biagi - La Huella - Instrumental - 1946.opus
Rodolfo Biagi,La Viruta,1948-07-22,Biagi Rodolfo/1945-1949/Biagi - La Viruta - Instrumental - 1948.opus
Rodolfo Biagi,Levanta Tu Corazón,1946-04-17,Biagi Rodolfo/1945-1949/Biagi - Levanta Tu Corazon - Amor - 1946.opus
Rodolfo Biagi,Lucienne,1946-07-10,Biagi Rodolfo/1945-1949/Biagi - Lucienne - Amor - 1946.opus
Rodolfo Biagi,Magdala,1945-01-24,Biagi Rodolfo/1945-1949/Biagi - Magdala - Ortiz - 1945.opus
Rodolfo Biagi,Mañana Por la Mañana,1946-12-30,Biagi Rodolfo/1945-1949/Biagi - Manana Por La Manana - Amor - 1946.opus
Rodolfo Biagi,Margot,1947-09-23,Biagi Rodolfo/1945-1949/Biagi - Margot - Saavedra - 1947.opus
Rodolfo Biagi,Marol,1946-01-31,Biagi Rodolfo/1945-1949/Biagi - Marol - Amor - 1946.opus
Rodolfo Biagi,Me Quedé Mirándola,1945-05-25,Biagi Rodolfo/1945-1949/Biagi - Me Quede Mirandola - Amor - 1945.opus
Rodolfo Biagi,Mientras Duerme la Ciudad,1946-05-23,Biagi Rodolfo/1945-1949/Biagi - Mientras Duerme La Ciudad - Saavedra - 1946.opus
Rodolfo Biagi,Mis Amores de Ayer,1945-09-06,Biagi Rodolfo/1945-1949/Biagi - Mis Amores De Ayer - Amor - 1945.opus
Rodolfo Biagi,Paloma,1945-02-06,Biagi Rodolfo/1945-1949/Biagi - Paloma - Amor - 1945.opus
Rodolfo Biagi,Por Eso Grito,1946-08-16,Biagi Rodolfo/1945-1949/Biagi - Por Eso Grito - Saavedra - 1946.opus
Rodolfo Biagi,Por la Güella,1948-07-22,Biagi Rodolfo/1945-1949/Biagi - Por la Guella - Saavedra - 1948.opus
Rodolfo Biagi,Pudo Ser una Vida,1946-01-18,Biagi Rodolfo/1945-1949/Biagi - Pudo Ser Una Vida - Amor - 1946.opus
Rodolfo Biagi,Sin Palabras,1946-11-22,Biagi Rodolfo/1945-1949/Biagi - Sin Palabras - Saavedra - 1946.opus
Rodolfo Biagi,Soledad la de Barracas,1945-09-06,Biagi Rodolfo/1945-1949/Biagi - Soledad La De Barracas - Ortiz - 1945.opus
Rodolfo Biagi,Trenzas,1945-04-25,Biagi Rodolfo/1945-1949/Biagi - Trenzas - Ortiz - 1945.opus
Rodolfo Biagi,Tu Melodía,1945-05-25,Biagi Rodolfo/1945-1949/Biagi - Tu Melodia - Ortiz - 1945.opus
Rodolfo Biagi,Tus Labios Me Dirán,1945-10-15,Biagi Rodolfo/1945-1949/Biagi - Tus Labios Me Diran - Amor - 1945.opus
Rodolfo Biagi,Y Dicen Que No Te Quiero,1947-09-23,Biagi Rodolfo/1945-1949/Biagi - Y Dicen Que No Te Quiero - Amor - 1947.opus
Rodolfo Biagi,Yuyo Verde,1945-01-24,Biagi Rodolfo/1945-1949/Biagi - Yuyo Verde - Ortiz - 1945.opus
Rodolfo Biagi,A la Gran Muñeca,1950-04-13,Biagi Rodolfo/1950-1954/Biagi - A La Gran Muneca - Instrumental - 1950.opus
Rodolfo Biagi,Adoración,1951-10-04,Biagi Rodolfo/1950-1954/Biagi - Adoracion - Duval y Heredia - 1951.opus
Rodolfo Biagi,Bailarina de Tango,1951-07-30,Biagi Rodolfo/1950-1954/Biagi - Bailarina De Tango - Duval - 1951.opus
Rodolfo Biagi,Caricias,1951-07-30,Biagi Rodolfo/1950-1954/Biagi - Caricias - Heredia - 1951.opus
Rodolfo Biagi,Cielito Mío,1954-06-29,Biagi Rodolfo/1950-1954/Biagi - Cielito Lindo - Instrumental - 1954.opus
Rodolfo Biagi,El Internado,1953-05-19,Biagi Rodolfo/1950-1954/Biagi - El Internado - Instrumental - 1953.opus
Rodolfo Biagi,El Recodo,1952-11-05,Biagi Rodolfo/1950-1954/Biagi - El Recodo - Instrumental - 1952.opus
Rodolfo Biagi,Estás Llorando,1953-12-12,Biagi Rodolfo/1950-1954/Biagi - Estas Llorando - Duval - 1953.opus
Rodolfo Biagi,La Copa del Olvido,1952-11-05,Biagi Rodolfo/1950-1954/Biagi - La Copa Del Olvido - Duval - 1952.opus
Rodolfo Biagi,Matala,1950-04-13,Biagi Rodolfo/1950-1954/Biagi - Matala - Heredia - 1950.opus
Rodolfo Biagi,Mi Pecadora,1953-12-12,Biagi Rodolfo/1950-1954/Biagi - Mi Pecadora - Duval - 1953.opus
Rodolfo Biagi,No Me Digas Que No,1954-12-29,Biagi Rodolfo/1950-1954/Biagi - No Me Digas Que No - Duval - 1954.opus
Rodolfo Biagi,Por Tener un Corazón,1951-10-04,Biagi Rodolfo/1950-1954/Biagi - Por Tener Un Corazon - Duval - 1951.opus
Rodolfo Biagi,Racing Club,1950-09-13,Biagi Rodolfo/1950-1954/Biagi - Racing Club - Instrumental - 1950.opus
Rodolfo Biagi,Sangre de Mi Sangre,1954-06-29,Biagi Rodolfo/1950-1954/Biagi - Sangre De Mi Sangre - Duval - 1954.opus
Rodolfo Biagi,Serenata Campera,1950-09-13,Biagi Rodolfo/1950-1954/Biagi - Serenata Campera - Duval - 1950.opus
Rodolfo Biagi,Y No Te Voy a Llorar,1954-12-29,Biagi Rodolfo/1950-1954/Biagi - Y No Te Voy A Llorar - Duval - 1954.opus
Rodolfo Biagi,Y Volvemos a Querernos,1953-05-19,Biagi Rodolfo/1950-1954/Biagi - Y Volvemos A Querernos - Heredia - 1953.opus
Rodolfo Biagi,Alguien,1956-03-24,Biagi Rodolfo/1955-1959/Biagi - Alguien - Duval - 1956.opus
Rodolfo Biagi,Amor Mío,1958-11-12,Biagi Rodolfo/1955-1959/Biagi - Amor Mio - Duval - 1958.opus
Rodolfo Biagi,Aquí en la Tierra,1958-09-09,Biagi Rodolfo/1955-1959/Biagi - Aqui En La Tierra - Duval - 1958.opus
Rodolfo Biagi,Como en un Cuento,1958-09-09,Biagi Rodolfo/1955-1959/Biagi - Como En Un Cuento - Duval - 1958.opus
Rodolfo Biagi,El Carrerito,1956-08-28,Biagi Rodolfo/1955-1959/Biagi - El Carrerito - Duval - 1956.opus
Rodolfo Biagi,En el Lago Azul,1959-03-06,Biagi Rodolfo/1955-1959/Biagi - En El Lago Azul - Duval - 1959.opus
Rodolfo Biagi,Espérame en el Cielo,1957-05-24,Biagi Rodolfo/1955-1959/Biagi - Esperame En El Cielo - Duval - 1957.opus
Rodolfo Biagi,La Canción,1959-09-16,Biagi Rodolfo/1955-1959/Biagi - La Cancion - Duval - 1959.opus
Rodolfo Biagi,Mi Alondra,1959-03-06,Biagi Rodolfo/1955-1959/Biagi - Mi Alondra - Duval - 1959.opus
Rodolfo Biagi,Mi Vida en Tus Manos,1957-01-09,Biagi Rodolfo/1955-1959/Biagi - Mi Vida En Tus Manos - Duval - 1957.opus
Rodolfo Biagi,Oh Mamá Mía,1959-09-16,Biagi Rodolfo/1955-1959/Biagi - Oh Mama Mia - Duval - 1959.opus
Rodolfo Biagi,Organito de la Tarde,1956-03-24,Biagi Rodolfo/1955-1959/Biagi - Organito De La Tarde - Instrumental - 1956.opus
Rodolfo Biagi,Ramona,1956-08-28,Biagi Rodolfo/1955-1959/Biagi - Ramona - Duval - 1956.opus
Rodolfo Biagi,Santa Milonguita,1955-04-11,Biagi Rodolfo/1955-1959/Biagi - Santa Milonguita - Duval - 1955.opus
Rodolfo Biagi,Solamente Dios y Yo,1957-05-24,Biagi Rodolfo/1955-1959/Biagi - Solamente Dios Y Yo - Duval - 1957.opus
Rodolfo Biagi,Soñemos,1957-01-09,Biagi Rodolfo/1955-1959/Biagi - Sonemos - Duval - 1957.opus
Rodolfo Biagi,Todo Es Amor,1958-11-12,Biagi Rodolfo/1955-1959/Biagi - Todo Es Amor - Duval - 1958.opus
Rodolfo Biagi,Triste Comedia,1955-04-11,Biagi Rodolfo/1955-1959/Biagi - Triste Comedia - Duval - 1955.opus
Rodolfo Biagi,Amor de Verano,1962,Biagi Rodolfo/1960-1964/Biagi - Amor De Verano - Duval - 1962.opus
Rodolfo Biagi,Andrajos,1961-08-07,Biagi Rodolfo/1960-1964/Biagi - Andrajos - Duval - 1961.opus
Rodolfo Biagi,Ayúdame,1960-07-20,Biagi Rodolfo/1960-1964/Biagi - Ayudame - Duval - 1960.opus
Rodolfo Biagi,Bar Exposición,1961-10-04,Biagi Rodolfo/1960-1964/Biagi - Bar Exposicion - Instrumental - 1961.opus
Rodolfo Biagi,Canaro,1962,Biagi Rodolfo/1960-1964/Biagi - Canaro - Instrumental - 1962.opus
Rodolfo Biagi,Canción Para un Cariño,1961-10-04,Biagi Rodolfo/1960-1964/Biagi - Cancion Para Un Carino - Duval - 1961.opus
Rodolfo Biagi,Con un Silbido en los Labios,1962,Biagi Rodolfo/1960-1964/Biagi - Con Un Silbido En Los Labios - Almagro - 1962.opus
Rodolfo Biagi,Duerme Mi Niña,1962,Biagi Rodolfo/1960-1964/Biagi - Duerme Mi Nina - Almagro - 1962.opus
Rodolfo Biagi,La Tablada,1962,Biagi Rodolfo/1960-1964/Biagi - La Tablada - Instrumental - 1962.opus
Rodolfo Biagi,Mariposita,1962,Biagi Rodolfo/1960-1964/Biagi - Mariposita - Duval - 1962.opus
Rodolfo Biagi,Milonga con Variaciónes,1962,Biagi Rodolfo/1960-1964/Biagi - Milonga Con Variaciones - Instrumental - 1962.opus
Rodolfo Biagi,Si No Estuvieras Tú,1962,Biagi Rodolfo/1960-1964/Biagi - Si No Estuvieras Tu - Almagro - 1962.opus
Rodolfo Biagi,Te Burlas Tristeza,1960-07-20,Biagi Rodolfo/1960-1964/Biagi - Te Burlas Tristeza - Duval - 1960.opus
Rodolfo Biagi,Venus,1961-08-07,Biagi Rodolfo/1960-1964/Biagi - Venus - Instrumental - 1961.opus
Rodolfo Biagi,Y a Mí Qué,1962,Biagi Rodolfo/1960-1964/Biagi - Y a Mi Que - Almagro - 1962.opus
Rodolfo Biagi,Arriba Jara,1966,Biagi Rodolfo/1965-1969/Biagi - Arriba Jara - Duval - 1966.opus
Rodolfo Biagi,Estrella,1966,Biagi Rodolfo/1965-1969/Biagi - Estrella - Duval - 1966.opus
Rodolfo Biagi,Palermo,1966,Biagi Rodolfo/1965-1969/Biagi - Palermo - Almagro - 1966.opus
Miguel Caló,No Vale la Pena,1934-10-05,Calo Miguel/1930-1934/Calo - No Vale La Pena - Dante - 1934.opus
Miguel Caló,Caballo de Calesita,1936-03-14,Calo Miguel/1935-1939/Calo - Caballo De Calesita - Dante - 1936.opus
Miguel Caló,Dulce Amargura,1938-12-21,Calo Miguel/1935-1939/Calo - Dulce Amargura - Calo - 1938.opus
Miguel Caló,Las Campanas,1936-07-13,Calo Miguel/1935-1939/Calo - Las Campanas - Morel - 1936.opus
Miguel Caló,Nostalgias,1936-10-23,Calo Miguel/1935-1939/Calo - Nostalgias - Morel - 1936.opus
Miguel Caló,Si Volviera Jesús,1935-09-28,Calo Miguel/1935-1939/Calo - Si Volviera Jesus - Dante - 1935.opus
Miguel Caló,A las Siete en el Café,1943-01-20,Calo Miguel/1940-1944/Calo - A Las Siete En El Cafe - Ortiz - 1943.opus
Miguel Caló,A Martín Fierro,1943-03-18,Calo Miguel/1940-1944/Calo - A Martin Fierro - Instrumental - 1943.opus
Miguel Caló,A Mí Me Llaman Juan Tango,1943-11-23,Calo Miguel/1940-1944/Calo - A Mi Me Llaman Juan Tango - Iriarte - 1943.opus
Miguel Caló,Al Compás del Corazón,1942-04-29,Calo Miguel/1940-1944/Calo - Al Compas Del Corazon - Beron - 1942.opus
Miguel Caló,Azabache,1942-09-29,Calo Miguel/1940-1944/Calo - Azabache - Beron - 1942.opus
Miguel Caló,Bajo un Cielo de Estrellas,1941-03-12,Calo Miguel/1940-1944/Calo - Bajo Un Cielo De Estrellas - Podesta - 1941.opus
Miguel Caló,Barrio de Tango,1943-01-19,Calo Miguel/1940-1944/Calo - Barrio De Tango - Ortiz - 1943.opus
Miguel Caló,Bohardilla,1944-04-19,Calo Miguel/1940-1944/Calo - Bohardilla - Iriarte - 1944.opus
Miguel Caló,Cada Día Te Extraño Más,1943-09-16,Calo Miguel/1940-1944/Calo - Cada Dia Te Extrano Mas - Iriarte - 1943.opus
Miguel Caló,Corazón No Le Hagas Caso,1942-09-29,Calo Miguel/1940-1944/Calo - Corazon No Le Hagas Caso - Beron - 1942.opus
Miguel Caló,Cuando Tallan los Recuerdos,1943-05-21,Calo Miguel/1940-1944/Calo - Cuando Tallan Los Recuerdos - Iriarte - 1943.opus
Miguel Caló,Cuatro Compases,1942-12-01,Calo Miguel/1940-1944/Calo - Cuatro Compases - Beron - 1942.opus
Miguel Caló,Cuento Azul,1943-06-01,Calo Miguel/1940-1944/Calo - Cuento Azul - Iriarte - 1943.opus
Miguel Caló,De Barro,1943-05-17,Calo Miguel/1940-1944/Calo - De Barro - Ortiz - 1943.opus
Miguel Caló,De Seis a Siete,1944-10-24,Calo Miguel/1940-1944/Calo - De Seis A Siete - Iriarte - 1944.opus
Miguel Caló,Después,1944-01-10,Calo Miguel/1940-1944/Calo - Despues - Iriarte - 1944.opus
Miguel Caló,Domingo a la Noche,1944-08-16,Calo Miguel/1940-1944/Calo - Domingo A La Noche - Beron - 1944.opus
Miguel Caló,Dos Fracasos,1941-07-31,Calo Miguel/1940-1944/Calo - Dos Fracasos - Podesta - 1941.opus
Miguel Caló,El Desafío,1944-03-09,Calo Miguel/1940-1944/Calo - El Desafio - Iriarte - 1944.opus
Miguel Caló,El Vals Soñador,1942-04-29,Calo Miguel/1940-1944/Calo - El Vals Sonador - Beron - 1942.opus
Miguel Caló,Elegante Papirusa,1943-12-27,Calo Miguel/1940-1944/Calo - Elegante Papirusa - Instrumental - 1943.opus
Miguel Caló,En Tus Ojos de Cielo,1944-07-10,Calo Miguel/1940-1944/Calo - En Tus Ojos De Cielo - Beron - 1944.opus
Miguel Caló,Entre Sueños,1944-05-08,Calo Miguel/1940-1944/Calo - Entre Suenos - Beron - 1944.opus
Miguel Caló,Es en Vano Llorar,1943-05-17,Calo Miguel/1940-1944/Calo - Es En Vano Llorar - Iriarte - 1943.opus
Miguel Caló,Fantasma,1944-10-24,Calo Miguel/1940-1944/Calo - Fantasma - Iriarte - 1944.opus
Miguel Caló,Gime el Viento,1943-11-29,Calo Miguel/1940-1944/Calo - Gime El Viento - Iriarte - 1943.opus
Miguel Caló,Inspiración,1943-01-20,Calo Miguel/1940-1944/Calo - Inspiracion - Instrumental - 1943.opus
Miguel Caló,Jamás Retornarás,1942-10-09,Calo Miguel/1940-1944/Calo - Jamas Retornaras - Beron - 1942.opus
Miguel Caló,Jugando Jugando,1944-08-28,Calo Miguel/1940-1944/Calo - Jugando Jugando - Beron - 1944.opus
Miguel Caló,La Abandoné y No Sabía,1944-04-27,Calo Miguel/1940-1944/Calo - La Abandone Y No Sabia - Beron - 1944.opus
Miguel Caló,La de los Ojos Tristes,1944-12-14,Calo Miguel/1940-1944/Calo - La De Los Ojos Tristes - Tolosa - 1944.opus
Miguel Caló,La Maleva,1943-08-10,Calo Miguel/1940-1944/Calo - La Maleva - Instrumental - 1943.opus
Miguel Caló,La Vi Llegar,1944-04-19,Calo Miguel/1940-1944/Calo - La Vi Llegar - Iriarte - 1944.opus
Miguel Caló,Lejos de Buenos Aires,1942-07-29,Calo Miguel/1940-1944/Calo - Lejos De Buenos Aires - Beron - 1942.opus
Miguel Caló,Luna de Plata,1943-10-19,Calo Miguel/1940-1944/Calo - Luna De Plata - Iriarte - 1943.opus
Miguel Caló,Madalit,1944-11-07,Calo Miguel/1940-1944/Calo - Madalit - Iriarte - 1944.opus
Miguel Caló,Mañana Iré Temprano,1943-08-10,Calo Miguel/1940-1944/Calo - Manana Ire Temprano - Iriarte - 1943.opus
Miguel Caló,Margarita Gauthier,1942-09-09,Calo Miguel/1940-1944/Calo - Margarita Gauthier - Beron - 1942.opus
Miguel Caló,Marión,1943-12-27,Calo Miguel/1940-1944/Calo - Marion - Iriarte - 1943.opus
Miguel Caló,Me Duele el Corazón,1944-11-07,Calo Miguel/1940-1944/Calo - Me Duele El Corazon - Iriarte - 1944.opus
Miguel Caló,Mi Cantar,1943-05-21,Calo Miguel/1940-1944/Calo - Mi Cantar - Ortiz - 1943.opus
Miguel Caló,Mi Nataí,1944-12-14,Calo Miguel/1940-1944/Calo - Mi Natai - Tolosa - 1944.opus
Miguel Caló,Mi Tango Es Triste,1944-08-28,Calo Miguel/1940-1944/Calo - Mi Tango Es Triste - Iriarte - 1944.opus
Miguel Caló,Milonga Antigua,1942-12-01,Calo Miguel/1940-1944/Calo - Milonga Antigua - Beron - 1942.opus
Miguel Caló,Milonga Que Peina Canas,1942-09-09,Calo Miguel/1940-1944/Calo - Milonga Que Peina Canas - Beron - 1942.opus
Miguel Caló,Mulata,1944-06-22,Calo Miguel/1940-1944/Calo - Mulata - Beron - 1944.opus
Miguel Caló,Nada,1944-03-09,Calo Miguel/1940-1944/Calo - Nada - Iriarte - 1944.opus
Miguel Caló,Orquestas de Mi Ciudad,1944-01-28,Calo Miguel/1940-1944/Calo - Orquestas De Mi Ciudad - Iriarte - 1944.opus
Miguel Caló,Pa' Qué Seguir,1943-01-19,Calo Miguel/1940-1944/Calo - Pa' Que Seguir - Ortiz - 1943.opus
Miguel Caló,Pedacito de Cielo,1942-09-02,Calo Miguel/1940-1944/Calo - Pedacito De Cielo - Podesta - 1942.opus
Miguel Caló,Percal,1943-02-25,Calo Miguel/1940-1944/Calo - Percal - Podesta - 1943.opus
Miguel Caló,Pobre Negra,1943-06-10,Calo Miguel/1940-1944/Calo - Pobre Negra - Ortiz - 1943.opus
Miguel Caló,Qué Te Importa Que Te Llore,1942-06-30,Calo Miguel/1940-1944/Calo - Que Te Importa Que Te Llore - Beron - 1942.opus
Miguel Caló,Saludos,1944-08-23,Calo Miguel/1940-1944/Calo - Saludos - Instrumental - 1944.opus
Miguel Caló,Sans Souci,1944-07-07,Calo Miguel/1940-1944/Calo - Sans Souci - Instrumental - 1944.opus
Miguel Caló,Si Tú Quisieras,1943-03-18,Calo Miguel/1940-1944/Calo - Si Tu Quisieras - Podesta - 1943.opus
Miguel Caló,Si Yo Pudiera Comprender,1944-01-28,Calo Miguel/1940-1944/Calo - Si Yo Pudiera Comprender - Iriarte - 1944.opus
Miguel Caló,Tabaco,1944-06-14,Calo Miguel/1940-1944/Calo - Tabaco - Iriarte - 1944.opus
Miguel Caló,Tarareando,1942-07-29,Calo Miguel/1940-1944/Calo - Tarareando - Beron - 1942.opus
Miguel Caló,Trasnochando,1942-06-30,Calo Miguel/1940-1944/Calo - Trasnochando - Beron - 1942.opus
Miguel Caló,Tristezas de la Calle Corrientes,1942-09-02,Calo Miguel/1940-1944/Calo - Tristezas De La Calle Corrientes - Beron - 1942.opus
Miguel Caló,Un Crimen,1942-10-09,Calo Miguel/1940-1944/Calo - Un Crimen - Beron - 1942.opus
Miguel Caló,Verdemar,1943-09-28,Calo Miguel/1940-1944/Calo - Verdemar - Iriarte - 1943.opus
Miguel Caló,Ya Sale el Tren,1943-02-25,Calo Miguel/1940-1944/Calo - Ya Sale El Tren - Ortiz - 1943.opus
Miguel Caló,Yo Soy el Tango,1941-03-12,Calo Miguel/1940-1944/Calo - Yo Soy El Tango - Podesta - 1941.opus
Miguel Caló,A la Gran Muñeca,1948-01-05,Calo Miguel/1945-1949/Calo - A La Gran Muneca - Arrieta - 1948.opus
Miguel Caló,Amor y Tango,1945-11-08,Calo Miguel/1945-1949/Calo - Amor Y Tango - Iriarte - 1945.opus
Miguel Caló,Bien Criolla y Bien Porteña,1945-03-09,Calo Miguel/1945-1949/Calo - Bien Criolla y Bien Portena - Iriate y Tolosa - 1945.opus
Miguel Caló,Cambalache,1947-04-25,Calo Miguel/1945-1949/Calo - Cambalache - Arrieta - 1947.opus
Miguel Caló,Canción Desesperada,1945-12-27,Calo Miguel/1945-1949/Calo - Cancion Desesperada - Iriarte - 1945.opus
Miguel Caló,Carriego,1948-01-05,Calo Miguel/1945-1949/Calo - Carriego - Arrieta - 1948.opus
Miguel Caló,Cimarrón de Ausencia,1945-08-07,Calo Miguel/1945-1949/Calo - Cimarron De Ausencia - Arrieta - 1945.opus
Miguel Caló,Corazón de Papel,1948-09-23,Calo Miguel/1945-1949/Calo - Corazon De Papel - Arrieta - 1948.opus
Miguel Caló,Corazón Si la Viera,1945-12-29,Calo Miguel/1945-1949/Calo - Corazon Si La Viera - Arrieta - 1945.opus
Miguel Caló,Cosas de Tango,1945-11-02,Calo Miguel/1945-1949/Calo - Cosas De Tango - Iriarte - 1945.opus
Miguel Caló,Echale Sal,1948-08-09,Calo Miguel/1945-1949/Calo - Echale Sal - Instrumental - 1948.opus
Miguel Caló,El Cuatrero,1946-04-04,Calo Miguel/1945-1949/Calo - El Cuatrero - Instrumental - 1946.opus
Miguel Caló,El Mismo Dolor,1945-11-15,Calo Miguel/1945-1949/Calo - El Mismo Dolor - Iriarte - 1945.opus
Miguel Caló,El Penado Catorce,1947-06-26,Calo Miguel/1945-1949/Calo - El Penado Catorce - Iriarte - 1947.opus
Miguel Caló,El Plebeyo,1947-05-09,Calo Miguel/1945-1949/Calo - El Plebeyo - Iriarte y P-R-C - 1947.opus
Miguel Caló,En Secreto,1946-12-12,Calo Miguel/1945-1949/Calo - En Secreto - Arrieta - 1946.opus
Miguel Caló,Enrique Delfino,1945-10-08,Calo Miguel/1945-1949/Calo - Enrique Delfino - Iriarte - 1945.opus
Miguel Caló,Extraña,1947-01-21,Calo Miguel/1945-1949/Calo - Extrana - Iriarte - 1947.opus
Miguel Caló,Flor de Lino,1946-12-03,Calo Miguel/1945-1949/Calo - Flor De Lino - Iriarte - 1946.opus
Miguel Caló,Fruta Amarga,1945-05-22,Calo Miguel/1945-1949/Calo - Fruta Amarga - Iriarte - 1945.opus
Miguel Caló,Garras,1945-03-08,Calo Miguel/1945-1949/Calo - Garras - Iriarte - 1945.opus
Miguel Caló,Igual Que una Sombra,1945-01-19,Calo Miguel/1945-1949/Calo - Igual Que Una Sombra - Iriarte - 1945.opus
Miguel Caló,Inútil,1946-12-03,Calo Miguel/1945-1949/Calo - Inutil - Arrieta - 1946.opus
Miguel Caló,La Casa Vacía,1949-07-20,Calo Miguel/1945-1949/Calo - La Casa Vacia - Rufino - 1949.opus
Miguel Caló,La Guiñada,1948-06-09,Calo Miguel/1945-1949/Calo - La Guinada - Instrumental - 1948.opus
Miguel Caló,La Negra Quiere Bailar,1947-10-22,Calo Miguel/1945-1949/Calo - La Negra Quiere Bailar - Arrieta - 1947.opus
Miguel Caló,La Noche Que Te Fuiste,1945-02-20,Calo Miguel/1945-1949/Calo - La Noche Que Te Fuiste - Iriarte - 1945.opus
Miguel Caló,Lluvia de Abril,1945-02-20,Calo Miguel/1945-1949/Calo - Lluvia De Abril - Iriarte - 1945.opus
Miguel Caló,Loco Turbión,1946-03-15,Calo Miguel/1945-1949/Calo - Loco Turbion - Iriarte y Arrieta - 1946.opus
Miguel Caló,Los Despojos,1947-05-09,Calo Miguel/1945-1949/Calo - Los Despojos - Iriarte - 1947.opus
Miguel Caló,Mañana No Estarás,1945-12-29,Calo Miguel/1945-1949/Calo - Manana No Estaras - Iriarte - 1945.opus
Miguel Caló,Margó,1945-11-15,Calo Miguel/1945-1949/Calo - Margo - Iriarte - 1945.opus
Miguel Caló,Me Llamo Anselmo Contreras,1946-03-08,Calo Miguel/1945-1949/Calo - Me Llamo Anselmo Contreras - Iriarte - 1946.opus
Miguel Caló,Mi Flor de Noche,1949-12-29,Calo Miguel/1945-1949/Calo - Mi Flor De Noche - Rufino - 1949.opus
Miguel Caló,No Te Olvides Corazón,1945-07-05,Calo Miguel/1945-1949/Calo - No Te Olvides Corazon - Iriarte - 1945.opus
Miguel Caló,No Te Perdono Más,1948-04-27,Calo Miguel/1945-1949/Calo - No Te Perdono Mas - Arrieta - 1948.opus
Miguel Caló,Nostalgias,1948-08-09,Calo Miguel/1945-1949/Calo - Nostalgias - Arrieta - 1948.opus
Miguel Caló,Nunca Más,1948-09-23,Calo Miguel/1945-1949/Calo - Nunca Mas - Arrieta - 1948.opus
Miguel Caló,Óyeme,1947-10-22,Calo Miguel/1945-1949/Calo - Oyeme - Iriarte - 1947.opus
Miguel Caló,Pobre Mi Madre Querida,1948-06-09,Calo Miguel/1945-1949/Calo - Pobre Mi Madre Querida - Arrieta - 1948.opus
Miguel Caló,Por la Cuesta Arriba,1945-06-05,Calo Miguel/1945-1949/Calo - Por La Cuesta Arriba - Iriarte - 1945.opus
Miguel Caló,Pudo Ser una Vida,1945-12-27,Calo Miguel/1945-1949/Calo - Pudo Ser Una Vida - Arrieta - 1945.opus
Miguel Caló,Qué Cosas Tiene la Vida,1946-04-04,Calo Miguel/1945-1949/Calo - Que Cosas Tiene La Vida - Arrieta - 1946.opus
Miguel Caló,Qué Me Van a Hablar de Amor,1946-03-08,Calo Miguel/1945-1949/Calo - Que Me Van A Hablar De Amor - Arrieta - 1946.opus
Miguel Caló,Quedó en Venir a las Nueve,1945-08-07,Calo Miguel/1945-1949/Calo - Quedo En Venir A Las Nueve - Arrieta - 1945.opus
Miguel Caló,Rebeldía,1947-01-21,Calo Miguel/1945-1949/Calo - Rebeldia - Iriarte - 1947.opus
Miguel Caló,Seis Días,1945-06-05,Calo Miguel/1945-1949/Calo - Seis Dias - Iriarte - 1945.opus
Miguel Caló,Sin Comprender,1947-04-25,Calo Miguel/1945-1949/Calo - Sin Comprender - Arrieta - 1947.opus
Miguel Caló,Sol,1945-05-22,Calo Miguel/1945-1949/Calo - Sol - Tolosa - 1945.opus
Miguel Caló,Soledad la de Barracas,1945-07-05,Calo Miguel/1945-1949/Calo - Soledad La De Barracas - Iriarte - 1945.opus
Miguel Caló,Tanto,1948-12-15,Calo Miguel/1945-1949/Calo - Tanto - Cane - 1948.opus
Miguel Caló,Tarde Gris,1946-12-12,Calo Miguel/1945-1949/Calo - Tarde Gris - Iriarte - 1946.opus
Miguel Caló,Tedio,1945-09-14,Calo Miguel/1945-1949/Calo - Tedio - Arrieta - 1945.opus
Miguel Caló,Tierra Querida,1945-01-19,Calo Miguel/1945-1949/Calo - Tierra Querida - Instrumental - 1945.opus
Miguel Caló,Trapitos,1946-03-15,Calo Miguel/1945-1949/Calo - Trapitos - Iriarte y Arrieta - 1946.opus
Miguel Caló,Trenzas,1945-02-20,Calo Miguel/1945-1949/Calo - Trenzas - Iriarte - 1945.opus
Miguel Caló,Tú,1949-07-20,Calo Miguel/1945-1949/Calo - Tu - Beron - 1949.opus
Miguel Caló,Una Tarde Cualquiera,1945-11-15,Calo Miguel/1945-1949/Calo - Una Tarde Cualquiera - Arrieta - 1945.opus
Miguel Caló,Unión Cívica,1948-12-15,Calo Miguel/1945-1949/Calo - Union Civica - Instrumental - 1948.opus
Miguel Caló,Valsecito,1945-09-14,Calo Miguel/1945-1949/Calo - Valsecito - Arrieta - 1945.opus
Miguel Caló,Yo,1945-04-20,Calo Miguel/1945-1949/Calo - Yo - Iriarte - 1945.opus
Miguel Caló,Caminito,1951-11-27,Calo Miguel/1950-1954/Calo - Caminito - Fabri - 1951.opus
Miguel Caló,Charamusca,1950-06-06,Calo Miguel/1950-1954/Calo - Charamusca - Instrumental - 1950.opus
Miguel Caló,Che Bandoneón,1950-03-16,Calo Miguel/1950-1954/Calo - Che Bandoneon - Blanco - 1950.opus
Miguel Caló,Cuando Me Entrés a Fallar,1952-10-03,Calo Miguel/1950-1954/Calo - Cuando Me Entres A Fallar - Barbe - 1952.opus
Miguel Caló,El Divorcio,1950-06-06,Calo Miguel/1950-1954/Calo - El Divorcio - Beron - 1950.opus
Miguel Caló,El Pillete,1950-09-08,Calo Miguel/1950-1954/Calo - El Pillete - Instrumental - 1950.opus
Miguel Caló,La Trampera,1950-12-18,Calo Miguel/1950-1954/Calo - La Trampera - Instrumental - 1950.opus
Miguel Caló,La Última Cita,1951-11-27,Calo Miguel/1950-1954/Calo - La Ultima Cita - Instrumental - 1951.opus
Miguel Caló,Los Mareados,1950-09-08,Calo Miguel/1950-1954/Calo - Los Mareados - Blanco - 1950.opus
Miguel Caló,Manos Adoradas,1952-10-03,Calo Miguel/1950-1954/Calo - Manos Adoradas - Fabri - 1952.opus
Miguel Caló,Mi Moro,1950-03-16,Calo Miguel/1950-1954/Calo - Mi Moro - Beron - 1950.opus
Miguel Caló,Murmullos,1950-12-18,Calo Miguel/1950-1954/Calo - Murmullos - Blanco - 1950.opus
Miguel Caló,No Son Siete Son Catorce,1951-11-27,Calo Miguel/1950-1954/Calo - No Son Siete Son Catorce - Barbe - 1951.opus
Miguel Caló,Pasional,1951-05-23,Calo Miguel/1950-1954/Calo - Pasional - Fabri - 1951.opus
Miguel Caló,Portero Suba y Diga,1951-05-23,Calo Miguel/1950-1954/Calo - Portero Suba Y Diga - Barbe - 1951.opus
Miguel Caló,Precio,1950-10-27,Calo Miguel/1950-1954/Calo - Precio - Fabri - 1950.opus
Miguel Caló,Primero Yo,1951-07-31,Calo Miguel/1950-1954/Calo - Primero Yo - Barbe - 1951.opus
Miguel Caló,Sueña,1954-10-13,Calo Miguel/1950-1954/Calo - Suena - Podesta - 1954.opus
Miguel Caló,Tomá Estas Tres Monedas,1953-09-07,Calo Miguel/1950-1954/Calo - Toma Estas Tres Monedas - Martino - 1953.opus
Miguel Caló,Una Fija,1951-07-31,Calo Miguel/1950-1954/Calo - Una Fija - Instrumental - 1951.opus
Miguel Caló,Desorientado,1956-04-06,Calo Miguel/1955-1959/Calo - Desorientado - Roldan - 1956.opus
Miguel Caló,Lo Que Vos Te Merecés,1956-07-23,Calo Miguel/1955-1959/Calo - Lo Que Vos Te Mereces - Dalton - 1956.opus
Miguel Caló,Por Unos Ojos Negros,1955-05-04,Calo Miguel/1955-1959/Calo - Por Unos Ojos Negros - Almagro - 1955.opus
Miguel Caló,Quedémonos Aquí,1956-12-21,Calo Miguel/1955-1959/Calo - Quedemonos Aqui - Mancini - 1956.opus
Miguel Caló,Un Tango Para la Historia,1958-07-11,Calo Miguel/1955-1959/Calo - Un Tango Para La Historia - Ledesma - 1958.opus
Miguel Caló,A las Estrellas,1963-06-07,Calo Miguel/1960-1964/Calo - A Las Estrellas - Instrumental - 1963.opus
Miguel Caló,A Media Luz,1964-04-24,Calo Miguel/1960-1964/Calo - A Media Luz - Instrumental - 1964.opus
Miguel Caló,Brazo de Oro,1963-04-19,Calo Miguel/1960-1964/Calo - Brazo De Oro - Instrumental - 1963.opus
Miguel Caló,El Choclo,1964-04-07,Calo Miguel/1960-1964/Calo - El Choclo - Instrumental - 1964.opus
Miguel Caló,La Cumparsita,1964-04-24,Calo Miguel/1960-1964/Calo - La Cumparsita - Instrumental - 1964.opus
Miguel Caló,Luna del Viejo Castillo,1964-04-14,Calo Miguel/1960-1964/Calo - Luna Del Viejo Castillo - Instrumental - 1964.opus
Miguel Caló,Nadine,1964-04-07,Calo Miguel/1960-1964/Calo - Nadine - Instrumental - 1964.opus
Miguel Caló,Para el Recuerdo,1963-05-24,Calo Miguel/1960-1964/Calo - Para El Recuerdo - Instrumental - 1963.opus
Miguel Caló,Para Osmar Maderna,1963-05-24,Calo Miguel/1960-1964/Calo - Para Osmar Maderna - Instrumental - 1963.opus
Miguel Caló,Sans Souci,1964-04-14,Calo Miguel/1960-1964/Calo - Sans Souci - Instrumental - 1964.opus
Miguel Caló,A Villoldo,1969-05-15,Calo Miguel/1965-1969/Calo - A Villoldo - Instrumental - 1969.opus
Miguel Caló,Aquel Lugar Querido,1969-03-28,Calo Miguel/1965-1969/Calo - Aquel Lugar Querido - Instrumental - 1969.opus
Miguel Caló,El Amanecer,1969-03-28,Calo Miguel/1965-1969/Calo - El Amanecer - Instrumental - 1969.opus
Miguel Caló,El Chupete,1967-06-26,Calo Miguel/1965-1969/Calo - El Chupete - Instrumental - 1967.opus
Miguel Caló,Elegante Papirusa,1966-09-05,Calo Miguel/1965-1969/Calo - Elegante Papirusa - Instrumental - 1966.opus
Miguel Caló,En Fa Menor,1969-05-15,Calo Miguel/1965-1969/Calo - En Fa Menor - Instrumental - 1969.opus
Miguel Caló,Entre Dos,1967-06-12,Calo Miguel/1965-1969/Calo - Entre Dos - Instrumental - 1967.opus
Miguel Caló,Porteñísimo,1967-06-12,Calo Miguel/1965-1969/Calo - Portenisimo - Instrumental - 1967.opus
Miguel Caló,Snobismo,1967-06-26,Calo Miguel/1965-1969/Calo - Snobismo - Instrumental - 1967.opus
Miguel Caló,Tierra Querida,1969-03-28,Calo Miguel/1965-1969/Calo - Tierra Querida - Instrumental - 1969.opus
Ángel D'Agostino,A las Siete en el Café,1943-08-10,D'Agostino Angel/1940-1944/D'Agostino - A Las Siete En El Cafe - Aldao - 1943.opus
Ángel D'Agostino,Adiós Arrabal,1941-09-09,D'Agostino Angel/1940-1944/D'Agostino - Adios Arrabal - Vargas - 1941.opus
Ángel D'Agostino,Adiós Para Siempre,1942-03-16,D'Agostino Angel/1940-1944/D'Agostino - Adios Para Siempre - Vargas - 1942.opus
Ángel D'Agostino,Agua Florida,1941-11-13,D'Agostino Angel/1940-1944/D'Agostino - Agua Florida - Vargas - 1941.opus
Ángel D'Agostino,Ahora No Me Conocés,1941-09-09,D'Agostino Angel/1940-1944/D'Agostino - Ahora No Me Conoces - Vargas - 1941.opus
Ángel D'Agostino,Así Me Gusta a Mí,1942-11-17,D'Agostino Angel/1940-1944/D'Agostino - Asi Me Gusta a Mi - Vargas - 1942.opus
Ángel D'Agostino,Barrio de Tango,1942-12-30,D'Agostino Angel/1940-1944/D'Agostino - Barrio De Tango - Vargas - 1942.opus
Ángel D'Agostino,Cantando Olvidaré,1943-11-15,D'Agostino Angel/1940-1944/D'Agostino - Cantando Olvidare - Vargas - 1943.opus
Ángel D'Agostino,Como el Hornero,1944-04-05,D'Agostino Angel/1940-1944/D'Agostino - Como El Hornero - Vargas - 1944.opus
Ángel D'Agostino,Compadreando,1941-10-20,D'Agostino Angel/1940-1944/D'Agostino - Compadreando - Vargas - 1941.opus
Ángel D'Agostino,De Pura Cepa,1943-12-05,D'Agostino Angel/1940-1944/D'Agostino - De Pura Cepa - Instrumental - 1943.opus
Ángel D'Agostino,Dice un Refrán,1942-05-22,D'Agostino Angel/1940-1944/D'Agostino - Dice un Refran - Vargas - 1942.opus
Ángel D'Agostino,El Choclo,1941-11-13,D'Agostino Angel/1940-1944/D'Agostino - El Choclo - Vargas - 1941.opus
Ángel D'Agostino,El Cocherito,1944-11-02,D'Agostino Angel/1940-1944/D'Agostino - El Cocherito - Vargas - 1944.opus
Ángel D'Agostino,El Cornetín del Tranvía,1943-11-15,D'Agostino Angel/1940-1944/D'Agostino - El Cornetin del Tranvia - Vargas - 1943.opus
Ángel D'Agostino,El Porteñito,1943-03-23,D'Agostino Angel/1940-1944/D'Agostino - El Portenito - Vargas - 1943.opus
Ángel D'Agostino,El Trece,1943-03-12,D'Agostino Angel/1940-1944/D'Agostino - El Trece - Vargas - 1943.opus
Ángel D'Agostino,El Yacaré,1941-12-12,D'Agostino Angel/1940-1944/D'Agostino - El Yacare - Vargas - 1941.opus
Ángel D'Agostino,Esquinas Porteñas,1942-05-22,D'Agostino Angel/1940-1944/D'Agostino - Esquinas Portenas - Vargas - 1942.opus
Ángel D'Agostino,Esta Noche en Buenos Aires,1944-01-31,D'Agostino Angel/1940-1944/D'Agostino - Esta Noche en Buenos Aires - Vargas - 1944.opus
Ángel D'Agostino,Gil a Rayas,1942-08-11,D'Agostino Angel/1940-1944/D'Agostino - Gil a Rayas - Instrumental - 1942.opus
Ángel D'Agostino,Gorriones,1942-04-07,D'Agostino Angel/1940-1944/D'Agostino - Gorriones - Vargas - 1942.opus
Ángel D'Agostino,Gran Muñeca,1943-12-05,D'Agostino Angel/1940-1944/D'Agostino - Gran Muneca - Instrumental - 1943.opus
Ángel D'Agostino,Hay Que Vivirla Compadre,1942-09-02,D'Agostino Angel/1940-1944/D'Agostino - Hay que Vivirla Compadre - Vargas - 1942.opus
Ángel D'Agostino,La Chiflada,1942-10-15,D'Agostino Angel/1940-1944/D'Agostino - La Chiflada - Instrumental - 1942.opus
Ángel D'Agostino,La Nueva Vecina,1944-09-13,D'Agostino Angel/1940-1944/D'Agostino - La Nueva Vecina - Vargas - 1944.opus
Ángel D'Agostino,La Última Cita,1944-08-08,D'Agostino Angel/1940-1944/D'Agostino - La Ultima Cita - Vargas - 1944.opus
Ángel D'Agostino,Llora Vida Mía,1942-11-17,D'Agostino Angel/1940-1944/D'Agostino - Llora Vida Mia - Vargas - 1942.opus
Ángel D'Agostino,Madreselva,1944-12-05,D'Agostino Angel/1940-1944/D'Agostino - Madreselva - Vargas - 1944.opus
Ángel D'Agostino,Mano Blanca,1944-03-09,D'Agostino Angel/1940-1944/D'Agostino - Mano Blanca - Vargas - 1944.opus
Ángel D'Agostino,Más Solo Que Nunca,1944-04-05,D'Agostino Angel/1940-1944/D'Agostino - Mas Solo Que Nunca - Vargas - 1944.opus
Ángel D'Agostino,Me Llaman Tango,1943-04-30,D'Agostino Angel/1940-1944/D'Agostino - Me Llaman Tango - Vargas - 1943.opus
Ángel D'Agostino,Mi Viejo Barrio,1944-08-08,D'Agostino Angel/1940-1944/D'Agostino - Mi Viejo Barrio - Vargas - 1944.opus
Ángel D'Agostino,Muchacho,1940-11-13,D'Agostino Angel/1940-1944/D'Agostino - Muchacho - Vargas - 1940.opus
Ángel D'Agostino,Muñequita,1944-07-19,D'Agostino Angel/1940-1944/D'Agostino - Munequita - Vargas - 1944.opus
Ángel D'Agostino,Ninguna,1942-12-30,D'Agostino Angel/1940-1944/D'Agostino - Ninguna - Vargas - 1942.opus
Ángel D'Agostino,No Aflojés,1940-11-13,D'Agostino Angel/1940-1944/D'Agostino - No Aflojes - Vargas - 1940.opus
Ángel D'Agostino,No Creas,1943-03-20,D'Agostino Angel/1940-1944/D'Agostino - No Creas - Vargas - 1943.opus
Ángel D'Agostino,Notas de Bandoneón,1942-03-16,D'Agostino Angel/1940-1944/D'Agostino - Notas de Bandoneon - Vargas - 1942.opus
Ángel D'Agostino,Noviecita Mía,1942-10-29,D'Agostino Angel/1940-1944/D'Agostino - Noviecita Mia - Vargas - 1942.opus
Ángel D'Agostino,Palais de Glace,1944-09-13,D'Agostino Angel/1940-1944/D'Agostino - Palais de Glace - Vargas - 1944.opus
Ángel D'Agostino,Pero Yo Sé,1942-09-02,D'Agostino Angel/1940-1944/D'Agostino - Pero Yo Se - Vargas - 1942.opus
Ángel D'Agostino,Quién Tuviera Dieciocho Años,1944-01-31,D'Agostino Angel/1940-1944/D'Agostino - Quien Tuviera Dieciocho Anos - Vargas - 1944.opus
Ángel D'Agostino,Ronda de Tango,1943-08-10,D'Agostino Angel/1940-1944/D'Agostino - Ronda de Tango - Aldao - 1943.opus
Ángel D'Agostino,Su Carta No Llegó,1944-05-26,D'Agostino Angel/1940-1944/D'Agostino - Su Carta No Llego - Vargas - 1944.opus
Ángel D'Agostino,Todos Te Quieren,1944-07-19,D'Agostino Angel/1940-1944/D'Agostino - Todos Te Quieren - Instrumental - 1944.opus
Ángel D'Agostino,Traiga Otra Caña,1941-11-12,D'Agostino Angel/1940-1944/D'Agostino - Traiga Otra Cana - Vargas - 1941.opus
Ángel D'Agostino,Trasnochando,1942-06-15,D'Agostino Angel/1940-1944/D'Agostino - Trasnochando - Vargas - 1942.opus
Ángel D'Agostino,Tres Esquinas,1941-07-24,D'Agostino Angel/1940-1944/D'Agostino - Tres Esquinas - Vargas - 1941.opus
Ángel D'Agostino,Un Copetín,1941-07-24,D'Agostino Angel/1940-1944/D'Agostino - Un Copetin - Vargas - 1941.opus
Ángel D'Agostino,Un Lamento,1942-07-15,D'Agostino Angel/1940-1944/D'Agostino - Un Lamento - Vargas - 1942.opus
Ángel D'Agostino,Un Tango Argentino,1943-09-09,D'Agostino Angel/1940-1944/D'Agostino - Un Tango Argentino - Vargas - 1943.opus
Ángel D'Agostino,Un Tropezón,1942-04-23,D'Agostino Angel/1940-1944/D'Agostino - Un Tropezon - Vargas - 1942.opus
Ángel D'Agostino,Una Pena,1941-11-05,D'Agostino Angel/1940-1944/D'Agostino - Una Pena - Vargas - 1941.opus
Ángel D'Agostino,Viejo Coche,1942-04-07,D'Agostino Angel/1940-1944/D'Agostino - Viejo Coche - Vargas - 1942.opus
Ángel D'Agostino,Yo Soy de Parque Patricios,1944-12-05,D'Agostino Angel/1940-1944/D'Agostino - Yo Soy de Parque Patricios - Vargas - 1944.opus
Ángel D'Agostino,Yo Tengo una Novia,1942-11-17,D'Agostino Angel/1940-1944/D'Agostino - Yo Tengo una Novia - Vargas - 1942.opus
Ángel D'Agostino,A Quién Le Puede Importar,1945-08-07,D'Agostino Angel/1945-1949/D'Agostino - A Quien Le Puede Importar - Vargas - 1945.opus
Ángel D'Agostino,Ave de Paso,1945-11-02,D'Agostino Angel/1945-1949/D'Agostino - Ave De Paso - Vargas - 1945.opus
Ángel D'Agostino,Bailarín de Contraseña,1945-08-27,D'Agostino Angel/1945-1949/D'Agostino - Bailarin de Contrasena - Vargas - 1945.opus
Ángel D'Agostino,Caricias,1945-07-17,D'Agostino Angel/1945-1949/D'Agostino - Caricias - Vargas - 1945.opus
Ángel D'Agostino,Con Sabor a Tango,1946-07-12,D'Agostino Angel/1945-1949/D'Agostino - Con Sabor a Tango - Instrumental - 1946.opus
Ángel D'Agostino,Cuando Se Ha Querido Mucho,1945-03-20,D'Agostino Angel/1945-1949/D'Agostino - Cuando Se Ha Querido Mucho - Vargas - 1945.opus
Ángel D'Agostino,De Corte Criollo,1945-05-21,D'Agostino Angel/1945-1949/D'Agostino - De Corte Criollo - Instrumental - 1945.opus
Ángel D'Agostino,De Igual a Igual,1945-11-02,D'Agostino Angel/1945-1949/D'Agostino - De Igual a Igual - Vargas - 1945.opus
Ángel D'Agostino,Demasiado Tarde,1946-09-10,D'Agostino Angel/1945-1949/D'Agostino - Demasiado Tarde - Vargas - 1946.opus
Ángel D'Agostino,Destellos,1946-03-29,D'Agostino Angel/1945-1949/D'Agostino - Destellos - Vargas - 1946.opus
Ángel D'Agostino,El Aristócrata,1945-04-05,D'Agostino Angel/1945-1949/D'Agostino - El Aristocrata - Vargas - 1945.opus
Ángel D'Agostino,El Morocho y el Oriental,1946-07-12,D'Agostino Angel/1945-1949/D'Agostino - El Morocho y el Oriental - Vargas - 1946.opus
Ángel D'Agostino,Hotel Victoria,1945-05-21,D'Agostino Angel/1945-1949/D'Agostino - Hotel Victoria - Vargas - 1945.opus
Ángel D'Agostino,La Cumparsita,1945-11-02,D'Agostino Angel/1945-1949/D'Agostino - La Cumparsita - Vargas - 1946.opus
Ángel D'Agostino,Menta y Cedrón,1945-07-17,D'Agostino Angel/1945-1949/D'Agostino - Menta y Cedron - Vargas - 1945.opus
Ángel D'Agostino,Mentira,1945-04-05,D'Agostino Angel/1945-1949/D'Agostino - Mentira - Vargas - 1945.opus
Ángel D'Agostino,No Vendrá,1945-11-02,D'Agostino Angel/1945-1949/D'Agostino - No Vendra - Vargas - 1945.opus
Ángel D'Agostino,Racing Club,1946-03-29,D'Agostino Angel/1945-1949/D'Agostino - Racing Club - Instrumental - 1946.opus
Ángel D'Agostino,Rondando Tu Esquina,1945-11-02,D'Agostino Angel/1945-1949/D'Agostino - Rondando Tu Esquina - Vargas - 1945.opus
Ángel D'Agostino,Serpentinas de Esperanza,1946-02-08,D'Agostino Angel/1945-1949/D'Agostino - Serpentinas De Esperanza - Vargas - 1946.opus
Ángel D'Agostino,Tristeza Criolla,1945-10-02,D'Agostino Angel/1945-1949/D'Agostino - Tristeza Criolla - Vargas - 1945.opus
Ángel D'Agostino,Abransen las Pulperías,1952-08-20,D'Agostino Angel/1950-1954/D'Agostino - Abransen las Pulperias - Garcia - 1952.opus
Ángel D'Agostino,Bailarín Compadrito,1952-01-24,D'Agostino Angel/1950-1954/D'Agostino - Bailarin Compadrito - Garcia - 1952.opus
Ángel D'Agostino,Café de Barracas,1952-07-24,D'Agostino Angel/1950-1954/D'Agostino - Cafe de Barracas - Garcia - 1952.opus
Ángel D'Agostino,Carnaval de Mi Barrio,1954-02-19,D'Agostino Angel/1950-1954/D'Agostino - Carnaval De Mi Barrio - Garcia y Cane - 1954.opus
Ángel D'Agostino,Carnavales de Mi Vida,1951-12-18,D'Agostino Angel/1950-1954/D'Agostino - Carnavales de Mi Vida - Garcia - 1951.opus
Ángel D'Agostino,Cascabelito,1953-02-02,D'Agostino Angel/1950-1954/D'Agostino - Cascabelito - Ruiz - 1953.opus
Ángel D'Agostino,Cómo Querés Que Te Quiera,1954-02-19,D'Agostino Angel/1950-1954/D'Agostino - Como Queres que Te Quiera - Garcia - 1954.opus
Ángel D'Agostino,La Cumparsita,1952-08-20,D'Agostino Angel/1950-1954/D'Agostino - La Cumparsita - Garcia - 1952.opus
Ángel D'Agostino,La Sonámbula,1954-01-26,D'Agostino Angel/1950-1954/D'Agostino - La Sonambula - Instrumental - 1954.opus
Ángel D'Agostino,Mi Distinguida Pebeta,1952-01-24,D'Agostino Angel/1950-1954/D'Agostino - Mi Distinguida Pebeta - Cane - 1952.opus
Ángel D'Agostino,Muchacho,1953-09-03,D'Agostino Angel/1950-1954/D'Agostino - Muchacho - Cane - 1953.opus
Ángel D'Agostino,Pico de Oro,1952-10-31,D'Agostino Angel/1950-1954/D'Agostino - Pico de Oro - Garcia - 1952.opus
Ángel D'Agostino,Polvorín,1953-02-02,D'Agostino Angel/1950-1954/D'Agostino - Polvorin - Cane - 1953.opus
Ángel D'Agostino,Se Llamaba Eduardo Arolas,1953-08-10,D'Agostino Angel/1950-1954/D'Agostino - Se Llamaba Eduardo Arolas - Cane - 1953.opus
Ángel D'Agostino,Tiento Crudo,1954-01-26,D'Agostino Angel/1950-1954/D'Agostino - Tiento Crudo - Garcia Cane y Brana - 1954.opus
Ángel D'Agostino,Ángel Vargas,1959-09-16,D'Agostino Angel/1955-1959/D'Agostino - Angel Vargas - Alvar - 1959.opus
Ángel D'Agostino,Café Domínguez,1955-08-16,D'Agostino Angel/1955-1959/D'Agostino - Cafe Dominguez - Centeya - 1955.opus
Ángel D'Agostino,Corazón Cobarde,1959-09-16,D'Agostino Angel/1955-1959/D'Agostino - Corazon Cobarde - Garcia - 1959.opus
Ángel D'Agostino,Ella,1955-08-16,D'Agostino Angel/1955-1959/D'Agostino - Ella - Garcia - 1955.opus
Ángel D'Agostino,La Barranca,1959-04-25,D'Agostino Angel/1955-1959/D'Agostino - La Barranca - Garcia - 1959.opus
Ángel D'Agostino,La Violetera,1959-04-25,D'Agostino Angel/1955-1959/D'Agostino - La Violetera - Alvar - 1959.opus
Ángel D'Agostino,Mi Chiquita,1963-05-20,D'Agostino Angel/1960-1964/D'Agostino - Mi Chiquita - Lavie - 1963.opus
Ángel D'Agostino,Mi Viejo Buenos Aires,1963-05-06,D'Agostino Angel/1960-1964/D'Agostino - Mi Viejo Buenos Aires - Nelson - 1963.opus
Ángel D'Agostino,Yo Te Canto Buenos Aires,1963-05-20,D'Agostino Angel/1960-1964/D'Agostino - Yo Te Canto Buenos Aires - Lavie - 1963.opus
Juan D'Arienzo,Acordate Lo Que Fuiste,1928,D'Arienzo Juan/1925-1929/D'Arienzo - Acordate lo que Fuiste - Dante - 1928.opus
Juan D'Arienzo,Amor Pagano,1928,D'Arienzo Juan/1925-1929/D'Arienzo - Amor pagano - Dante - 1928.opus
Juan D'Arienzo,Callejas Solo,1928,D'Arienzo Juan/1925-1929/D'Arienzo - Callejas Solo - Dante - 1928.opus
Juan D'Arienzo,Chirusa,1928,D'Arienzo Juan/1925-1929/D'Arienzo - Chirusa - Dante - 1928.opus
Juan D'Arienzo,Chorra,1928,D'Arienzo Juan/1925-1929/D'Arienzo - Chorra - Dante - 1928.opus
Juan D'Arienzo,El Martillero,1928,D'Arienzo Juan/1925-1929/D'Arienzo - El Martillero - Instrumental - 1928.opus
Juan D'Arienzo,Engominado,1928,D'Arienzo Juan/1925-1929/D'Arienzo - Engominado - Dante - 1928.opus
Juan D'Arienzo,Era un Rincón de Alegría,1928,D'Arienzo Juan/1925-1929/D'Arienzo - Era un Rincon de alegria - Dante - 1928.opus
Juan D'Arienzo,Esta Noche Me Emborracho,1928,D'Arienzo Juan/1925-1929/D'Arienzo - Esta noche me emborracho - Dante - 1928.opus
Juan D'Arienzo,Fueye Querido,1928,D'Arienzo Juan/1925-1929/D'Arienzo - Fueye querido - Dante - 1928.opus
Juan D'Arienzo,Funyi Claro,1928,D'Arienzo Juan/1925-1929/D'Arienzo - Funyi claro - Dante - 1928.opus
Juan D'Arienzo,Ilusiones,1928,D'Arienzo Juan/1925-1929/D'Arienzo - Ilusiones - Dante - 1928.opus
Juan D'Arienzo,Juguete,1928,D'Arienzo Juan/1925-1929/D'Arienzo - Juguete - Dante - 1928.opus
Juan D'Arienzo,La Cumparsita,1928,D'Arienzo Juan/1925-1929/D'Arienzo - La Cumparsita - Dante - 1928.opus
Juan D'Arienzo,La Muchacha del Circo,1928,D'Arienzo Juan/1925-1929/D'Arienzo - La Muchacha del Circo - Dante - 1928.opus
Juan D'Arienzo,La Otra Noche,1928,D'Arienzo Juan/1925-1929/D'Arienzo - La otra noche - Dante - 1928.opus
Juan D'Arienzo,Llevátelo Todo,1929-01-01,D'Arienzo Juan/1925-1929/D'Arienzo - Llevatelo Todo - Dante - 1929.opus
Juan D'Arienzo,Máscaras,1928,D'Arienzo Juan/1925-1929/D'Arienzo - Mascaras - Dante - 1928.opus
Juan D'Arienzo,Medianoche,1928,D'Arienzo Juan/1925-1929/D'Arienzo - Medianoche - Dante - 1928.opus
Juan D'Arienzo,Muchachas Cuidado,1928,D'Arienzo Juan/1925-1929/D'Arienzo - Muchachas Cuidado - Dante - 1928.opus
Juan D'Arienzo,No Te Engañes Corazón,1928,D'Arienzo Juan/1925-1929/D'Arienzo - No te Enganes Corazon - Dante - 1928.opus
Juan D'Arienzo,Noche Silenciosa,1929-01-01,D'Arienzo Juan/1925-1929/D'Arienzo - Noche silenciosa - Fiorentino - 1929.opus
Juan D'Arienzo,Pa' Que Pensás,1928,D'Arienzo Juan/1925-1929/D'Arienzo - Pa' que Pensas - Dante - 1928.opus
Juan D'Arienzo,Pálida Silueta,1928,D'Arienzo Juan/1925-1929/D'Arienzo - Palida Silueta - Dante - 1928.opus
Juan D'Arienzo,Pebetita,1928,D'Arienzo Juan/1925-1929/D'Arienzo - Pebetita - Instrumental - 1928.opus
Juan D'Arienzo,Pobre Cieguita,1928,D'Arienzo Juan/1925-1929/D'Arienzo - Pobre Cieguita - Dante - 1928.opus
Juan D'Arienzo,Por Ella Ten Piedad,1928,D'Arienzo Juan/1925-1929/D'Arienzo - Por Ella ten Piedad - Dante - 1928.opus
Juan D'Arienzo,Por Mishé,1928,D'Arienzo Juan/1925-1929/D'Arienzo - Por Mishe - Dante - 1928.opus
Juan D'Arienzo,Puro Grupo,1928,D'Arienzo Juan/1925-1929/D'Arienzo - Puro Grupo - Dante - 1928.opus
Juan D'Arienzo,Qué Vachaché,1928,D'Arienzo Juan/1925-1929/D'Arienzo - Que Vachache - Dante - 1928.opus
Juan D'Arienzo,Quejas del Suburbio,1928,D'Arienzo Juan/1925-1929/D'Arienzo - Quejas del Suburbio - Dante - 1928.opus
Juan D'Arienzo,Reite Mujercita,1928,D'Arienzo Juan/1925-1929/D'Arienzo - Reite Mujercita - Dante - 1928.opus
Juan D'Arienzo,Sandía Calada,1928,D'Arienzo Juan/1925-1929/D'Arienzo - Sandia Calada - Dante - 1928.opus
Juan D'Arienzo,Siga la Farra,1928,D'Arienzo Juan/1925-1929/D'Arienzo - Siga la Farra - Dante - 1928.opus
Juan D'Arienzo,Soy un Arlequín,1929-01-01,D'Arienzo Juan/1925-1929/D'Arienzo - Soy un arlequin - Fiorentino - 1929.opus
Juan D'Arienzo,Victoria,1929-01-01,D'Arienzo Juan/1925-1929/D'Arienzo - Victoria - Fiorentino - 1929.opus
Juan D'Arienzo,Volvé Al Cotorro,1928,D'Arienzo Juan/1925-1929/D'Arienzo - Volve al Cotorro - Dante - 1928.opus
Juan D'Arienzo,Ché Careta,1930-01-01,D'Arienzo Juan/1930-1934/D'Arienzo - Che careta - Fiorentino - 1930.opus
Juan D'Arienzo,Mala,1930-01-01,D'Arienzo Juan/1930-1934/D'Arienzo - Mala - Fiorentino - 1930.opus
Juan D'Arienzo,Alma Dolorida,1937-03-05,D'Arienzo Juan/1935-1939/D'Arienzo - Alma Dolorida - Instrumental - 1937.opus
Juan D'Arienzo,Amor y Celo,1936-09-03,D'Arienzo Juan/1935-1939/D'Arienzo - Amor Y Celo - Instrumental - 1936.opus
Juan D'Arienzo,Ansiedad,1938-11-09,D'Arienzo Juan/1935-1939/D'Arienzo - Ansiedad - Echague - 1938.opus
Juan D'Arienzo,Ataniche,1936-11-27,D'Arienzo Juan/1935-1939/D'Arienzo - Ataniche - Instrumental - 1936.opus
Juan D'Arienzo,Ay Aurora,1939-11-14,D'Arienzo Juan/1935-1939/D'Arienzo - Ay Aurora - Echague - 1939.opus
Juan D'Arienzo,Cabeza de Novia,1938-11-03,D'Arienzo Juan/1935-1939/D'Arienzo - Cabeza De Novia - Echague - 1938.opus
Juan D'Arienzo,Castigo,1939-08-09,D'Arienzo Juan/1935-1939/D'Arienzo - Castigo - Echague - 1939.opus
Juan D'Arienzo,Champagne Tango,1938-06-22,D'Arienzo Juan/1935-1939/D'Arienzo - Champagne Tango - Instrumental - 1938.opus
Juan D'Arienzo,Charamusca,1939-05-30,D'Arienzo Juan/1935-1939/D'Arienzo - Charamusca - Instrumental - 1939.opus
Juan D'Arienzo,Comme Il Faut,1936-10-27,D'Arienzo Juan/1935-1939/D'Arienzo - Comme Il Faut - Instrumental - 1936.opus
Juan D'Arienzo,Corazón de Artista,1936-11-27,D'Arienzo Juan/1935-1939/D'Arienzo - Corazon De Artista - Instrumental - 1936.opus
Juan D'Arienzo,De Antaño,1939-09-27,D'Arienzo Juan/1935-1939/D'Arienzo - De Antano - Echague - 1939.opus
Juan D'Arienzo,De Mi Flor,1938-11-03,D'Arienzo Juan/1935-1939/D'Arienzo - De Mi Flor - Instrumental - 1938.opus
Juan D'Arienzo,De Pura Cepa,1935-11-18,D'Arienzo Juan/1935-1939/D'Arienzo - De Pura Cepa - Instrumental - 1935.opus
Juan D'Arienzo,Derecho Viejo,1939-07-17,D'Arienzo Juan/1935-1939/D'Arienzo - Derecho Viejo - Instrumental - 1939.opus
Juan D'Arienzo,Desde el Alma,1935-07-02,D'Arienzo Juan/1935-1939/D'Arienzo - Desde el Alma - Instrumental - 1935.opus
Juan D'Arienzo,Don Esteban,1936-07-03,D'Arienzo Juan/1935-1939/D'Arienzo - Don Esteban - Instrumental - 1936.opus
Juan D'Arienzo,Don Juan,1936-09-29,D'Arienzo Juan/1935-1939/D'Arienzo - Don Juan - Instrumental - 1936.opus
Juan D'Arienzo,Don Pacífico,1939-09-27,D'Arienzo Juan/1935-1939/D'Arienzo - Don Pacifico - Instrumental - 1939.opus
Juan D'Arienzo,Dos Guitas,1939-03-03,D'Arienzo Juan/1935-1939/D'Arienzo - Dos Guitas - Echague - 1939.opus
Juan D'Arienzo,El Aeroplano,1938-04-12,D'Arienzo Juan/1935-1939/D'Arienzo - El Aeroplano - Instrumental - 1938.opus
Juan D'Arienzo,El Africano,1937-12-14,D'Arienzo Juan/1935-1939/D'Arienzo - El Africano - Instrumental - 1937.opus
Juan D'Arienzo,El Apronte,1937-04-01,D'Arienzo Juan/1935-1939/D'Arienzo - El Apronte - Instrumental - 1937.opus
Juan D'Arienzo,El Baqueano,1937-01-21,D'Arienzo Juan/1935-1939/D'Arienzo - El Baqueano - Instrumental - 1937.opus
Juan D'Arienzo,El Caburé,1937-09-22,D'Arienzo Juan/1935-1939/D'Arienzo - El Cabure - Instrumental - 1937.opus
Juan D'Arienzo,El Cachafaz,1937-06-02,D'Arienzo Juan/1935-1939/D'Arienzo - El Cachafaz - Instrumental - 1937.opus
Juan D'Arienzo,El Cencerro,1937-12-09,D'Arienzo Juan/1935-1939/D'Arienzo - El Cencerro - Instrumental - 1937.opus
Juan D'Arienzo,El Choclo,1937-07-26,D'Arienzo Juan/1935-1939/D'Arienzo - El Choclo - Instrumental - 1937.opus
Juan D'Arienzo,El Cisne,1938-05-06,D'Arienzo Juan/1935-1939/D'Arienzo - El Cisne - Instrumental - 1938.opus
Juan D'Arienzo,El Esquinazo,1938-01-04,D'Arienzo Juan/1935-1939/D'Arienzo - El Esquinazo - Instrumental - 1938.opus
Juan D'Arienzo,El Flete,1936-04-03,D'Arienzo Juan/1935-1939/D'Arienzo - El Flete - Instrumental - 1936.opus
Juan D'Arienzo,El Horizonte,1938-04-12,D'Arienzo Juan/1935-1939/D'Arienzo - El Horizonte - Instrumental - 1938.opus
Juan D'Arienzo,El Internado,1938-07-08,D'Arienzo Juan/1935-1939/D'Arienzo - El Internado - Instrumental - 1938.opus
Juan D'Arienzo,El Irresistible,1936-08-05,D'Arienzo Juan/1935-1939/D'Arienzo - El Irresistible - Instrumental - 1936.opus
Juan D'Arienzo,El Marne,1939-05-04,D'Arienzo Juan/1935-1939/D'Arienzo - El Marne - Instrumental - 1939.opus
Juan D'Arienzo,El Pollito,1938-12-28,D'Arienzo Juan/1935-1939/D'Arienzo - El Pollito - Instrumental - 1938.opus
Juan D'Arienzo,El Porteñito,1937-08-31,D'Arienzo Juan/1935-1939/D'Arienzo - El Portenito - Instrumental - 1937.opus
Juan D'Arienzo,El Temblor,1938-06-08,D'Arienzo Juan/1935-1939/D'Arienzo - El Temblor - Echague - 1938.opus
Juan D'Arienzo,El Triunfo,1938-03-23,D'Arienzo Juan/1935-1939/D'Arienzo - El Triunfo - Instrumental - 1938.opus
Juan D'Arienzo,El Vino Triste,1939-09-01,D'Arienzo Juan/1935-1939/D'Arienzo - El Vino Triste - Echague - 1939.opus
Juan D'Arienzo,En Tu Corazón,1938-09-30,D'Arienzo Juan/1935-1939/D'Arienzo - En Tu Corazon - Echague - 1938.opus
Juan D'Arienzo,Estampa de Varón,1938-08-05,D'Arienzo Juan/1935-1939/D'Arienzo - Estampa De Varon - Echague - 1938.opus
Juan D'Arienzo,Felicia,1939-09-01,D'Arienzo Juan/1935-1939/D'Arienzo - Felicia - Instrumental - 1939.opus
Juan D'Arienzo,Florida,1938-08-05,D'Arienzo Juan/1935-1939/D'Arienzo - Florida - Instrumental - 1938.opus
Juan D'Arienzo,Francia,1935-10-03,D'Arienzo Juan/1935-1939/D'Arienzo - Francia - Instrumental - 1935.opus
Juan D'Arienzo,Gallo Ciego,1937-12-09,D'Arienzo Juan/1935-1939/D'Arienzo - Gallo Ciego - Instrumental - 1937.opus
Juan D'Arienzo,Homero,1937-04-27,D'Arienzo Juan/1935-1939/D'Arienzo - Homero - Instrumental - 1937.opus
Juan D'Arienzo,Hotel Victoria,1935-07-02,D'Arienzo Juan/1935-1939/D'Arienzo - Hotel Victoria - Instrumental - 1935.opus
Juan D'Arienzo,Indiferencia,1938-01-04,D'Arienzo Juan/1935-1939/D'Arienzo - Indiferencia - Echague - 1938.opus
Juan D'Arienzo,Inolvidable,1936-08-05,D'Arienzo Juan/1935-1939/D'Arienzo - Inolvidable - Instrumental - 1936.opus
Juan D'Arienzo,Irene,1936-06-09,D'Arienzo Juan/1935-1939/D'Arienzo - Irene - Cabral - 1936.opus
Juan D'Arienzo,Joaquina,1935-12-12,D'Arienzo Juan/1935-1939/D'Arienzo - Joaquina - Instrumental - 1935.opus
Juan D'Arienzo,Jueves,1937-10-29,D'Arienzo Juan/1935-1939/D'Arienzo - Jueves - Instrumental - 1937.opus
Juan D'Arienzo,La Bruja,1938-08-26,D'Arienzo Juan/1935-1939/D'Arienzo - La Bruja - Echague - 1938.opus
Juan D'Arienzo,La Catrera,1938-06-08,D'Arienzo Juan/1935-1939/D'Arienzo - La Catrera - Instrumental - 1938.opus
Juan D'Arienzo,La Cumparsita,1937-12-14,D'Arienzo Juan/1935-1939/D'Arienzo - La Cumparsita - Instrumental - 1937.opus
Juan D'Arienzo,La Guitarrita,1936-01-14,D'Arienzo Juan/1935-1939/D'Arienzo - La Guitarrita - Instrumental - 1936.opus
Juan D'Arienzo,La Mariposa,1938-03-23,D'Arienzo Juan/1935-1939/D'Arienzo - La Mariposa - Instrumental - 1938.opus
Juan D'Arienzo,La Morocha,1937-12-21,D'Arienzo Juan/1935-1939/D'Arienzo - La Morocha - Instrumental - 1937.opus
Juan D'Arienzo,La Payanca,1936-06-09,D'Arienzo Juan/1935-1939/D'Arienzo - La Payanca - Instrumental - 1936.opus
Juan D'Arienzo,La Puñalda,1937-04-27,D'Arienzo Juan/1935-1939/D'Arienzo - La Punalda - Instrumental - 1937.opus
Juan D'Arienzo,La Rosarina,1937-07-02,D'Arienzo Juan/1935-1939/D'Arienzo - La Rosarina - Instrumental - 1937.opus
Juan D'Arienzo,La Viruta,1936-12-30,D'Arienzo Juan/1935-1939/D'Arienzo - La Viruta - Instrumental - 1936.opus
Juan D'Arienzo,Lelia,1938-08-26,D'Arienzo Juan/1935-1939/D'Arienzo - Lelia - Instrumental - 1938.opus
Juan D'Arienzo,Lorenzo,1936-05-08,D'Arienzo Juan/1935-1939/D'Arienzo - Lorenzo - Instrumental - 1936.opus
Juan D'Arienzo,Lunes,1938-09-30,D'Arienzo Juan/1935-1939/D'Arienzo - Lunes - Instrumental - 1938.opus
Juan D'Arienzo,Maipo,1939-04-18,D'Arienzo Juan/1935-1939/D'Arienzo - Maipo - Instrumental - 1939.opus
Juan D'Arienzo,Mandría,1939-08-09,D'Arienzo Juan/1935-1939/D'Arienzo - Mandria - Echague - 1939.opus
Juan D'Arienzo,Melodía Porteña,1937-12-21,D'Arienzo Juan/1935-1939/D'Arienzo - Melodia Portena - Instrumental - 1937.opus
Juan D'Arienzo,Mentías,1937-04-01,D'Arienzo Juan/1935-1939/D'Arienzo - Mentias - Instrumental - 1937.opus
Juan D'Arienzo,Meta Fierro,1939-03-03,D'Arienzo Juan/1935-1939/D'Arienzo - Meta Fierro - Echague - 1939.opus
Juan D'Arienzo,Milonga del Corazón,1938-05-06,D'Arienzo Juan/1935-1939/D'Arienzo - Milonga Del Corazon - Echague - 1938.opus
Juan D'Arienzo,Milonga del Recuerdo,1939-07-17,D'Arienzo Juan/1935-1939/D'Arienzo - Milonga Del Recuerdo - Echague - 1939.opus
Juan D'Arienzo,Milonga Vieja Milonga,1937-09-22,D'Arienzo Juan/1935-1939/D'Arienzo - Milonga Vieja Milonga - Instrumental - 1937.opus
Juan D'Arienzo,Nada Más,1938-07-08,D'Arienzo Juan/1935-1939/D'Arienzo - Nada Mas - Echague - 1938.opus
Juan D'Arienzo,No Llores Madre,1936-07-03,D'Arienzo Juan/1935-1939/D'Arienzo - No Llores Madre - Instrumental - 1936.opus
Juan D'Arienzo,No Me Lo Digas,1939-04-18,D'Arienzo Juan/1935-1939/D'Arienzo - No Me Lo Digas - Instrumental - 1939.opus
Juan D'Arienzo,No Mientas,1938-12-28,D'Arienzo Juan/1935-1939/D'Arienzo - No Mientas - Echague - 1938.opus
Juan D'Arienzo,Nueve de Julio,1935-12-31,D'Arienzo Juan/1935-1939/D'Arienzo - Nueve De Julio - Instrumental - 1935.opus
Juan D'Arienzo,Olvídame,1939-05-30,D'Arienzo Juan/1935-1939/D'Arienzo - Olvidame - Echague - 1939.opus
Juan D'Arienzo,Orillas del Plata,1935-12-31,D'Arienzo Juan/1935-1939/D'Arienzo - Orillas Del Plata - Instrumental - 1935.opus
Juan D'Arienzo,Pabellón de las Rosas,1935-12-12,D'Arienzo Juan/1935-1939/D'Arienzo - Pabellon De Las Rosas - Instrumental - 1935.opus
Juan D'Arienzo,Paciencia,1937-10-29,D'Arienzo Juan/1935-1939/D'Arienzo - Paciencia - Carbel - 1937.opus
Juan D'Arienzo,Pampa,1939-10-31,D'Arienzo Juan/1935-1939/D'Arienzo - Pampa - Instrumental - 1939.opus
Juan D'Arienzo,Pasión,1937-07-02,D'Arienzo Juan/1935-1939/D'Arienzo - Pasion - Instrumental - 1937.opus
Juan D'Arienzo,Penas de Amor,1935-08-12,D'Arienzo Juan/1935-1939/D'Arienzo - Penas de Amor - Instrumental - 1935.opus
Juan D'Arienzo,Pensalo Bien,1938-06-22,D'Arienzo Juan/1935-1939/D'Arienzo - Pensalo Bien - Echague - 1938.opus
Juan D'Arienzo,Pico Blanco,1939-01-04,D'Arienzo Juan/1935-1939/D'Arienzo - Pico Blanco - Instrumental - 1939.opus
Juan D'Arienzo,Por Qué Razón,1939-12-22,D'Arienzo Juan/1935-1939/D'Arienzo - Por Que Razon - Instrumental - 1939.opus
Juan D'Arienzo,Que Dios Te Ayude,1939-11-14,D'Arienzo Juan/1935-1939/D'Arienzo - Que Dios Te Ayude - Echague - 1939.opus
Juan D'Arienzo,Qué Importa,1939-09-27,D'Arienzo Juan/1935-1939/D'Arienzo - Que Importa - Echague - 1939.opus
Juan D'Arienzo,Qué Noche,1937-03-05,D'Arienzo Juan/1935-1939/D'Arienzo - Que Noche - Instrumental - 1937.opus
Juan D'Arienzo,Rawson,1936-09-03,D'Arienzo Juan/1935-1939/D'Arienzo - Rawson - Instrumental - 1936.opus
Juan D'Arienzo,Re Fa Si,1935-10-03,D'Arienzo Juan/1935-1939/D'Arienzo - Re Fa Si - Instrumental - 1935.opus
Juan D'Arienzo,Recuerdos de la Pampa,1939-05-04,D'Arienzo Juan/1935-1939/D'Arienzo - Recuerdos De La Pampa - Echague - 1939.opus
Juan D'Arienzo,Retintín,1936-01-31,D'Arienzo Juan/1935-1939/D'Arienzo - Retintin - Instrumental - 1936.opus
Juan D'Arienzo,Rodríguez Peña,1938-01-07,D'Arienzo Juan/1935-1939/D'Arienzo - Rodriguez Pena - Instrumental - 1938.opus
Juan D'Arienzo,Sábado Inglés,1935-11-18,D'Arienzo Juan/1935-1939/D'Arienzo - Sabado Ingles - Instrumental - 1935.opus
Juan D'Arienzo,Santa Milonguita,1939-09-27,D'Arienzo Juan/1935-1939/D'Arienzo - Santa Milonguita - Echague - 1939.opus
Juan D'Arienzo,Silueta Porteña,1936-01-14,D'Arienzo Juan/1935-1939/D'Arienzo - Silueta Portena - Cabral - 1936.opus
Juan D'Arienzo,Sueño Florido,1936-01-31,D'Arienzo Juan/1935-1939/D'Arienzo - Sueno Florido - Instrumental - 1936.opus
Juan D'Arienzo,Tinta Verde,1935-08-12,D'Arienzo Juan/1935-1939/D'Arienzo - Tinta Verde - Instrumental - 1935.opus
Juan D'Arienzo,Trago Amargo,1939-12-22,D'Arienzo Juan/1935-1939/D'Arienzo - Trago Amargo - Echague - 1939.opus
Juan D'Arienzo,Tu Olvido,1936-05-08,D'Arienzo Juan/1935-1939/D'Arienzo - Tu Olvido - Cabral - 1936.opus
Juan D'Arienzo,Un Placer,1936-04-03,D'Arienzo Juan/1935-1939/D'Arienzo - Un Placer - Cabral - 1936.opus
Juan D'Arienzo,Una Lágrima,1936-10-27,D'Arienzo Juan/1935-1939/D'Arienzo - Una Lagrima - Instrumental - 1936.opus
Juan D'Arienzo,Unión Cívica,1938-01-07,D'Arienzo Juan/1935-1939/D'Arienzo - Union Civica - Instrumental - 1938.opus
Juan D'Arienzo,Valsecito Criollo,1937-07-26,D'Arienzo Juan/1935-1939/D'Arienzo - Valsecito Criollo - Instrumental - 1937.opus
Juan D'Arienzo,Valsecito de Antes,1937-08-31,D'Arienzo Juan/1935-1939/D'Arienzo - Valsecito De Antes - Instrumental - 1937.opus
Juan D'Arienzo,Visión Celeste,1936-12-30,D'Arienzo Juan/1935-1939/D'Arienzo - Vision Celeste - Instrumental - 1936.opus
Juan D'Arienzo,Yunta Brava,1939-01-04,D'Arienzo Juan/1935-1939/D'Arienzo - Yunta Brava - Instrumental - 1939.opus
Juan D'Arienzo,A Mercedes,1943-12-27,D'Arienzo Juan/1940-1944/D'Arienzo - A Mercedes - Maure - 1943.opus
Juan D'Arienzo,A Suerte y Verdad,1944-10-24,D'Arienzo Juan/1940-1944/D'Arienzo - A Suerte Y Verdad - Echague - 1944.opus
Juan D'Arienzo,A una Mujer,1940-05-17,D'Arienzo Juan/1940-1944/D'Arienzo - A Una Mujer - Reynal - 1940.opus
Juan D'Arienzo,Adiós Querida,1941-06-09,D'Arienzo Juan/1940-1944/D'Arienzo - Adios Querida - Maure - 1941.opus
Juan D'Arienzo,Aguilucho,1943-09-28,D'Arienzo Juan/1940-1944/D'Arienzo - Aguilucho - Maure - 1943.opus
Juan D'Arienzo,Almanaque de Ilusión,1941-02-26,D'Arienzo Juan/1940-1944/D'Arienzo - Almanaque De Ilusion - Reynal - 1941.opus
Juan D'Arienzo,Amarras,1944-07-21,D'Arienzo Juan/1940-1944/D'Arienzo - Amarras - Maure - 1944.opus
Juan D'Arienzo,Ana María,1944-05-17,D'Arienzo Juan/1940-1944/D'Arienzo - Ana Maria - Maure - 1944.opus
Juan D'Arienzo,Arlette,1943-06-23,D'Arienzo Juan/1940-1944/D'Arienzo - Arlette - Maure - 1943.opus
Juan D'Arienzo,Aunque Vivas en el Cielo,1943-09-28,D'Arienzo Juan/1940-1944/D'Arienzo - Aunque Vivas En El Cielo - Maure - 1943.opus
Juan D'Arienzo,Barracas Al Sud,1940-08-08,D'Arienzo Juan/1940-1944/D'Arienzo - Barracas Al Sud - Casares - 1940.opus
Juan D'Arienzo,Barranca Abajo,1942-04-22,D'Arienzo Juan/1940-1944/D'Arienzo - Barranca Abajo - Maure - 1942.opus
Juan D'Arienzo,Bolada de Aficionado,1941-07-29,D'Arienzo Juan/1940-1944/D'Arienzo - Bolada De Aficionado - Instrumental - 1941.opus
Juan D'Arienzo,Cajita de Música,1940-06-07,D'Arienzo Juan/1940-1944/D'Arienzo - Cajita De Musica - Reynal - 1940.opus
Juan D'Arienzo,Canaro,1941-07-14,D'Arienzo Juan/1940-1944/D'Arienzo - Canaro - Instrumental - 1941.opus
Juan D'Arienzo,Canaro en París,1940-11-21,D'Arienzo Juan/1940-1944/D'Arienzo - Canaro En Paris - Instrumental - 1940.opus
Juan D'Arienzo,Candombe Oriental,1941-04-28,D'Arienzo Juan/1940-1944/D'Arienzo - Candombe Oriental - Reynal - 1941.opus
Juan D'Arienzo,Candombe Rioplatense,1943-12-27,D'Arienzo Juan/1940-1944/D'Arienzo - Candombe Rioplatense - Lamas - 1943.opus
Juan D'Arienzo,Carancho,1942-10-27,D'Arienzo Juan/1940-1944/D'Arienzo - Carancho - Lamas - 1942.opus
Juan D'Arienzo,Carnavalera,1941-10-29,D'Arienzo Juan/1940-1944/D'Arienzo - Carnavalera - Maure - 1941.opus
Juan D'Arienzo,Chiqué,1942-12-22,D'Arienzo Juan/1940-1944/D'Arienzo - Chique - Instrumental - 1942.opus
Juan D'Arienzo,Chirusa,1940-05-17,D'Arienzo Juan/1940-1944/D'Arienzo - Chirusa - Reynal - 1940.opus
Juan D'Arienzo,Cicatrices,1942-12-22,D'Arienzo Juan/1940-1944/D'Arienzo - Cicatrices - Maure - 1942.opus
Juan D'Arienzo,Claudinette,1942-08-12,D'Arienzo Juan/1940-1944/D'Arienzo - Claudinette - Maure - 1942.opus
Juan D'Arienzo,Clavel,1944-12-15,D'Arienzo Juan/1940-1944/D'Arienzo - Clavel - Echague - 1944.opus
Juan D'Arienzo,Color Cielo,1944-12-26,D'Arienzo Juan/1940-1944/D'Arienzo - Color Cielo - Laborde - 1944.opus
Juan D'Arienzo,Compadrón,1942-12-22,D'Arienzo Juan/1940-1944/D'Arienzo - Compadron - Maure - 1942.opus
Juan D'Arienzo,Consejos,1942-04-22,D'Arienzo Juan/1940-1944/D'Arienzo - Consejos - Reynal - 1942.opus
Juan D'Arienzo,Cortada de San Ignacio,1942-09-24,D'Arienzo Juan/1940-1944/D'Arienzo - Cortada De San Ignacio - Maure - 1942.opus
Juan D'Arienzo,Criollita Linda,1942-10-27,D'Arienzo Juan/1940-1944/D'Arienzo - Criollita Linda - Maure - 1942.opus
Juan D'Arienzo,Cuatro Palabras,1941-11-12,D'Arienzo Juan/1940-1944/D'Arienzo - Cuatro Palabras - Maure - 1941.opus
Juan D'Arienzo,Culpas Ajenas,1942-03-25,D'Arienzo Juan/1940-1944/D'Arienzo - Culpas Ajenas - Reynal - 1942.opus
Juan D'Arienzo,Después,1944-07-07,D'Arienzo Juan/1940-1944/D'Arienzo - Despues - Echague - 1944.opus
Juan D'Arienzo,Dime Mi Amor,1941-05-25,D'Arienzo Juan/1940-1944/D'Arienzo - Dime Mi Amor - Maure - 1941.opus
Juan D'Arienzo,El Amasijo,1942-06-18,D'Arienzo Juan/1940-1944/D'Arienzo - El Amasijo - Instrumental - 1942.opus
Juan D'Arienzo,El Apache Argentino,1944-05-17,D'Arienzo Juan/1940-1944/D'Arienzo - El Apache Argentino - Instrumental - 1944.opus
Juan D'Arienzo,El Calabozo,1941-12-15,D'Arienzo Juan/1940-1944/D'Arienzo - El Calabozo - Instrumental - 1941.opus
Juan D'Arienzo,El Corazón Me Engaño,1940-11-21,D'Arienzo Juan/1940-1944/D'Arienzo - El Corazon Me Engano - Reynal - 1940.opus
Juan D'Arienzo,El Huracán,1944-07-07,D'Arienzo Juan/1940-1944/D'Arienzo - El Huracan - Instrumental - 1944.opus
Juan D'Arienzo,El Lazo,1942-10-27,D'Arienzo Juan/1940-1944/D'Arienzo - El Lazo - Instrumental - 1942.opus
Juan D'Arienzo,El Naranjerito,1942-03-25,D'Arienzo Juan/1940-1944/D'Arienzo - El Naranjerito - Maure - 1942.opus
Juan D'Arienzo,El Olivo,1941-07-14,D'Arienzo Juan/1940-1944/D'Arienzo - El Olivo - Maure - 1941.opus
Juan D'Arienzo,El Paisanito,1944-12-15,D'Arienzo Juan/1940-1944/D'Arienzo - El Paisanito - Echague - 1944.opus
Juan D'Arienzo,El Pillín,1940-06-07,D'Arienzo Juan/1940-1944/D'Arienzo - El Pillin - Instrumental - 1940.opus
Juan D'Arienzo,El Porteño,1941-12-15,D'Arienzo Juan/1940-1944/D'Arienzo - El Porteno - Maure - 1941.opus
Juan D'Arienzo,El Resero,1941-11-12,D'Arienzo Juan/1940-1944/D'Arienzo - El Resero - Instrumental - 1941.opus
Juan D'Arienzo,El Retobao,1942-07-21,D'Arienzo Juan/1940-1944/D'Arienzo - El Retobao - Maure - 1942.opus
Juan D'Arienzo,El Rey del Compás,1941-09-12,D'Arienzo Juan/1940-1944/D'Arienzo - El Rey Del Compas - Instrumental - 1941.opus
Juan D'Arienzo,El Rezongón,1944-10-20,D'Arienzo Juan/1940-1944/D'Arienzo - El Rezongon - Instrumental - 1944.opus
Juan D'Arienzo,El Romántico,1944-09-21,D'Arienzo Juan/1940-1944/D'Arienzo - El Romantico - Instrumental - 1944.opus
Juan D'Arienzo,El Tigre Millán,1940-08-22,D'Arienzo Juan/1940-1944/D'Arienzo - El Tigre Millan - Reynal - 1940.opus
Juan D'Arienzo,El Vals de los Abuelos,1941-12-15,D'Arienzo Juan/1940-1944/D'Arienzo - El Vals De Los Abuelos - Maure - 1941.opus
Juan D'Arienzo,Embrujamiento,1942-09-24,D'Arienzo Juan/1940-1944/D'Arienzo - Embrujamiento - Lamas - 1942.opus
Juan D'Arienzo,Enamorado,1943-06-23,D'Arienzo Juan/1940-1944/D'Arienzo - Enamorado - Maure - 1943.opus
Juan D'Arienzo,Entre Dos Fuegos,1940-04-12,D'Arienzo Juan/1940-1944/D'Arienzo - Entre Dos Fuegos - Instrumental - 1940.opus
Juan D'Arienzo,Es Inútil Que la Llores,1943-12-27,D'Arienzo Juan/1940-1944/D'Arienzo - Es Inutil Que La Llores - Lamas - 1943.opus
Juan D'Arienzo,Esclavas Blancas,1940-12-12,D'Arienzo Juan/1940-1944/D'Arienzo - Esclavas Blancas - Reynal - 1940.opus
Juan D'Arienzo,Fibras,1940-06-27,D'Arienzo Juan/1940-1944/D'Arienzo - Fibras - Instrumental - 1940.opus
Juan D'Arienzo,Flor del Mal,1940-12-12,D'Arienzo Juan/1940-1944/D'Arienzo - Flor Del Mal - Maure - 1940.opus
Juan D'Arienzo,Fuegos Artificiales,1941-02-26,D'Arienzo Juan/1940-1944/D'Arienzo - Fuegos Artificiales - Instrumental - 1941.opus
Juan D'Arienzo,Garronero,1942-03-25,D'Arienzo Juan/1940-1944/D'Arienzo - Garronero - Maure - 1942.opus
Juan D'Arienzo,Hernani,1941-09-12,D'Arienzo Juan/1940-1944/D'Arienzo - Hernani - Instrumental - 1941.opus
Juan D'Arienzo,Humillación,1941-07-14,D'Arienzo Juan/1940-1944/D'Arienzo - Humillacion - Maure - 1941.opus
Juan D'Arienzo,Independencia,1942-12-22,D'Arienzo Juan/1940-1944/D'Arienzo - Independencia - Instrumental - 1942.opus
Juan D'Arienzo,Infamia,1941-12-15,D'Arienzo Juan/1940-1944/D'Arienzo - Infamia - Maure - 1941.opus
Juan D'Arienzo,Joaquina,1943-11-23,D'Arienzo Juan/1940-1944/D'Arienzo - Joaquina - Instrumental - 1943.opus
Juan D'Arienzo,Judas,1942-12-29,D'Arienzo Juan/1940-1944/D'Arienzo - Judas - Maure - 1942.opus
Juan D'Arienzo,La Bicoca,1940-08-08,D'Arienzo Juan/1940-1944/D'Arienzo - La Bicoca - Instrumental - 1940.opus
Juan D'Arienzo,La Clavada,1940-10-09,D'Arienzo Juan/1940-1944/D'Arienzo - La Clavada - Instrumental - 1940.opus
Juan D'Arienzo,La Cumparsita,1943-11-23,D'Arienzo Juan/1940-1944/D'Arienzo - La Cumparsita - Instrumental - 1943.opus
Juan D'Arienzo,La Madrugada,1944-09-21,D'Arienzo Juan/1940-1944/D'Arienzo - La Madrugada - Echague - 1944.opus
Juan D'Arienzo,La Mañana,1944-10-24,D'Arienzo Juan/1940-1944/D'Arienzo - La Manana - Echague - 1944.opus
Juan D'Arienzo,La Mentirosa,1944-06-09,D'Arienzo Juan/1940-1944/D'Arienzo - La Mentirosa - Instrumental - 1944.opus
Juan D'Arienzo,La Puñalada,1943-11-23,D'Arienzo Juan/1940-1944/D'Arienzo - La Punalada - Instrumental - 1943.opus
Juan D'Arienzo,La Rumbita Candombé,1942-12-29,D'Arienzo Juan/1940-1944/D'Arienzo - La Rumbita Candombe - Maure - 1942.opus
Juan D'Arienzo,La Serenta de Ayer,1941-09-12,D'Arienzo Juan/1940-1944/D'Arienzo - La Serenta De Ayer - Maure - 1941.opus
Juan D'Arienzo,Las Doce,1944-05-17,D'Arienzo Juan/1940-1944/D'Arienzo - Las Doce - Maure - 1944.opus
Juan D'Arienzo,Lilián,1944-05-17,D'Arienzo Juan/1940-1944/D'Arienzo - Lilian - Maure - 1944.opus
Juan D'Arienzo,Loca,1942-04-22,D'Arienzo Juan/1940-1944/D'Arienzo - Loca - Instrumental - 1942.opus
Juan D'Arienzo,Magdala,1944-12-26,D'Arienzo Juan/1940-1944/D'Arienzo - Magdala - Laborde - 1944.opus
Juan D'Arienzo,Me Gusta Bailar la Milonga,1944-12-26,D'Arienzo Juan/1940-1944/D'Arienzo - Me Gusta Bailar La Milonga - Echague - 1944.opus
Juan D'Arienzo,Miedo,1940-12-31,D'Arienzo Juan/1940-1944/D'Arienzo - Miedo - Maure - 1940.opus
Juan D'Arienzo,Milonga del Ochenta y Tres,1940-12-12,D'Arienzo Juan/1940-1944/D'Arienzo - Milonga Del Ochenta Y Tres - Reynal - 1940.opus
Juan D'Arienzo,Mirame en la Cara,1942-06-18,D'Arienzo Juan/1940-1944/D'Arienzo - Mirame En La Cara - Maure - 1942.opus
Juan D'Arienzo,Muchachita Porteña,1942-04-22,D'Arienzo Juan/1940-1944/D'Arienzo - Muchachita Portena - Maure - 1942.opus
Juan D'Arienzo,Música de Mi Argentina,1943-06-23,D'Arienzo Juan/1940-1944/D'Arienzo - Musica De Mi Argentina - Lamas - 1943.opus
Juan D'Arienzo,No Nos Veremos Nunca Más,1944-08-28,D'Arienzo Juan/1940-1944/D'Arienzo - No Nos Veremos Nunca Mas - Echague - 1944.opus
Juan D'Arienzo,No Te Engañes Corazón,1940-12-12,D'Arienzo Juan/1940-1944/D'Arienzo - No Te Enganes Corazon - Reynal - 1940.opus
Juan D'Arienzo,Nunca Más,1941-07-14,D'Arienzo Juan/1940-1944/D'Arienzo - Nunca Mas - Maure - 1941.opus
Juan D'Arienzo,Olvidao,1941-07-29,D'Arienzo Juan/1940-1944/D'Arienzo - Olvidao - Reynal - 1941.opus
Juan D'Arienzo,Oro de Ley,1944-12-15,D'Arienzo Juan/1940-1944/D'Arienzo - Oro De Ley - Echague - 1944.opus
Juan D'Arienzo,Orquesta Típica,1941-10-24,D'Arienzo Juan/1940-1944/D'Arienzo - Orquesta Tipica - Reynal - 1941.opus
Juan D'Arienzo,Pobre Mascarita,1942-12-29,D'Arienzo Juan/1940-1944/D'Arienzo - Pobre Mascarita - Lamas - 1942.opus
Juan D'Arienzo,Pompas de Jabón,1942-09-24,D'Arienzo Juan/1940-1944/D'Arienzo - Pompas De Jabon - Lamas - 1942.opus
Juan D'Arienzo,Quasi Nada,1940-12-31,D'Arienzo Juan/1940-1944/D'Arienzo - Quasi Nada - Instrumental - 1940.opus
Juan D'Arienzo,Quién Te Iguala,1941-05-25,D'Arienzo Juan/1940-1944/D'Arienzo - Quien Te Iguala - Instrumental - 1941.opus
Juan D'Arienzo,Ríe Payaso,1940-08-22,D'Arienzo Juan/1940-1944/D'Arienzo - Rie Payaso - Casares - 1940.opus
Juan D'Arienzo,Salí de Perdedor,1940-04-12,D'Arienzo Juan/1940-1944/D'Arienzo - Sali De Perdedor - Reynal - 1940.opus
Juan D'Arienzo,Sans Souci,1942-09-24,D'Arienzo Juan/1940-1944/D'Arienzo - Sans Souci - Instrumental - 1942.opus
Juan D'Arienzo,Se Fue,1943-06-23,D'Arienzo Juan/1940-1944/D'Arienzo - Se Fue - Maure - 1943.opus
Juan D'Arienzo,Seamos Amigos,1944-12-15,D'Arienzo Juan/1940-1944/D'Arienzo - Seamos Amigos - Echague - 1944.opus
Juan D'Arienzo,Seguime Corazón,1942-10-27,D'Arienzo Juan/1940-1944/D'Arienzo - Seguime Corazon - Lamas - 1942.opus
Juan D'Arienzo,Si la Llegaran a Ver,1943-09-28,D'Arienzo Juan/1940-1944/D'Arienzo - Si La Llegaran A Ver - Maure - 1943.opus
Juan D'Arienzo,Sobre el Pucho,1941-09-12,D'Arienzo Juan/1940-1944/D'Arienzo - Sobre El Pucho - Maure - 1941.opus
Juan D'Arienzo,Tabú,1943-07-13,D'Arienzo Juan/1940-1944/D'Arienzo - Tabu - Maure - 1943.opus
Juan D'Arienzo,Tan Solo Tu,1942-12-22,D'Arienzo Juan/1940-1944/D'Arienzo - Tan Solo Tu - Maure - 1942.opus
Juan D'Arienzo,Tango Brujo,1943-07-13,D'Arienzo Juan/1940-1944/D'Arienzo - Tango Brujo - Maure - 1943.opus
Juan D'Arienzo,Tierra Negra,1942-06-18,D'Arienzo Juan/1940-1944/D'Arienzo - Tierra Negra - Instrumental - 1942.opus
Juan D'Arienzo,Tierrita,1941-06-09,D'Arienzo Juan/1940-1944/D'Arienzo - Tierrita - Maure - 1941.opus
Juan D'Arienzo,Tirando a Matar,1942-08-12,D'Arienzo Juan/1940-1944/D'Arienzo - Tirando A Matar - Maure - 1942.opus
Juan D'Arienzo,Tres Horas,1943-06-23,D'Arienzo Juan/1940-1944/D'Arienzo - Tres Horas - Maure - 1943.opus
Juan D'Arienzo,Tu Pañuelo,1942-07-21,D'Arienzo Juan/1940-1944/D'Arienzo - Tu Panuelo - Maure - 1942.opus
Juan D'Arienzo,Tucumán,1940-06-27,D'Arienzo Juan/1940-1944/D'Arienzo - Tucuman - Instrumental - 1940.opus
Juan D'Arienzo,Uno,1943-11-23,D'Arienzo Juan/1940-1944/D'Arienzo - Uno - Maure - 1943.opus
Juan D'Arienzo,Vea Vea,1943-07-13,D'Arienzo Juan/1940-1944/D'Arienzo - Vea Vea - Instrumental - 1943.opus
Juan D'Arienzo,Venus,1944-10-24,D'Arienzo Juan/1940-1944/D'Arienzo - Venus - Instrumental - 1944.opus
Juan D'Arienzo,Vidas Marcadas,1942-04-29,D'Arienzo Juan/1940-1944/D'Arienzo - Vidas Marcadas - Reynal - 1942.opus
Juan D'Arienzo,Vieja Recova,1942-09-24,D'Arienzo Juan/1940-1944/D'Arienzo - Vieja Recova - Lamas - 1942.opus
Juan D'Arienzo,Vieja Volanta,1944-12-26,D'Arienzo Juan/1940-1944/D'Arienzo - Vieja Volanta - Echague - 1944.opus
Juan D'Arienzo,Viejo Tintero,1943-12-27,D'Arienzo Juan/1940-1944/D'Arienzo - Viejo Tintero - Lamas - 1943.opus
Juan D'Arienzo,Y Se Van los Años,1942-07-21,D'Arienzo Juan/1940-1944/D'Arienzo - Y Se Van Los Anos - Maure - 1942.opus
Juan D'Arienzo,Ya Lo Ves,1941-04-28,D'Arienzo Juan/1940-1944/D'Arienzo - Ya Lo Ves - Maure - 1941.opus
Juan D'Arienzo,Yo Me Llamo Eloy Peralta,1944-08-28,D'Arienzo Juan/1940-1944/D'Arienzo - Yo Me Llamo Eloy Peralta - Echague - 1944.opus
Juan D'Arienzo,Yo Quiero Cantar un Tango,1943-09-28,D'Arienzo Juan/1940-1944/D'Arienzo - Yo Quiero Cantar Un Tango - Maure - 1943.opus
Juan D'Arienzo,Yo También,1940-10-09,D'Arienzo Juan/1940-1944/D'Arienzo - Yo Tambien - Casares - 1940.opus
Juan D'Arienzo,Amarga Sospecha,1949-11-24,D'Arienzo Juan/1945-1949/D'Arienzo - Amarga Sospecha - Laborde - 1949.opus
Juan D'Arienzo,Andanzas,1945-07-26,D'Arienzo Juan/1945-1949/D'Arienzo - Andanzas - Echague - 1945.opus
Juan D'Arienzo,Aparcero,1945-04-17,D'Arienzo Juan/1945-1949/D'Arienzo - Aparcero - Echague y Laborde - 1945.opus
Juan D'Arienzo,Aquí He Venido a Cantar,1945-08-28,D'Arienzo Juan/1945-1949/D'Arienzo - Aqui He Venido A Cantar - Laborde - 1945.opus
Juan D'Arienzo,As de Bastos,1949-11-24,D'Arienzo Juan/1945-1949/D'Arienzo - As De Bastos - Instrumental - 1949.opus
Juan D'Arienzo,Azul y Oro,1945-08-28,D'Arienzo Juan/1945-1949/D'Arienzo - Azul Y Oro - Instrumental - 1945.opus
Juan D'Arienzo,Barajando,1948-06-15,D'Arienzo Juan/1945-1949/D'Arienzo - Barajando - Echague - 1948.opus
Juan D'Arienzo,Calandria Pampa,1946-12-06,D'Arienzo Juan/1945-1949/D'Arienzo - Calandria Pampa - Echague - 1946.opus
Juan D'Arienzo,Cambalache,1947-06-19,D'Arienzo Juan/1945-1949/D'Arienzo - Cambalache - Echague - 1947.opus
Juan D'Arienzo,Campeona,1947-12-17,D'Arienzo Juan/1945-1949/D'Arienzo - Campeona - Instrumental - 1947.opus
Juan D'Arienzo,Caña,1949-04-06,D'Arienzo Juan/1945-1949/D'Arienzo - Cana - Laborde - 1949.opus
Juan D'Arienzo,Canchero,1945-10-03,D'Arienzo Juan/1945-1949/D'Arienzo - Canchero - Echague - 1945.opus
Juan D'Arienzo,Cartón Junao,1947-08-08,D'Arienzo Juan/1945-1949/D'Arienzo - Carton Junao - Echague - 1947.opus
Juan D'Arienzo,Chaparrón,1946-08-26,D'Arienzo Juan/1945-1949/D'Arienzo - Chaparron - Echague - 1946.opus
Juan D'Arienzo,Chichipía,1949-04-06,D'Arienzo Juan/1945-1949/D'Arienzo - Chichipia - Echague - 1949.opus
Juan D'Arienzo,Con Alma de Tango,1946-03-06,D'Arienzo Juan/1945-1949/D'Arienzo - Con Alma De Tango - Laborde - 1946.opus
Juan D'Arienzo,Con Todo Mi Corazón,1946-10-18,D'Arienzo Juan/1945-1949/D'Arienzo - Con Todo Mi Corazon - Echague - 1946.opus
Juan D'Arienzo,Condesita,1946-08-26,D'Arienzo Juan/1945-1949/D'Arienzo - Condesita - Laborde - 1946.opus
Juan D'Arienzo,Contra Luz,1947-12-17,D'Arienzo Juan/1945-1949/D'Arienzo - Contra Luz - Instrumental - 1947.opus
Juan D'Arienzo,Corrientes y Esmeralda,1945-05-04,D'Arienzo Juan/1945-1949/D'Arienzo - Corrientes Y Esmeralda - Echague - 1945.opus
Juan D'Arienzo,Dale Dale Caballito,1947-12-17,D'Arienzo Juan/1945-1949/D'Arienzo - Dale Dale Caballito - Laborde - 1947.opus
Juan D'Arienzo,Del Pasado,1945-12-24,D'Arienzo Juan/1945-1949/D'Arienzo - Del Pasado - Echague y Laborde - 1945.opus
Juan D'Arienzo,Delfino,1949-04-06,D'Arienzo Juan/1945-1949/D'Arienzo - Delfino - Instrumental - 1949.opus
Juan D'Arienzo,Derecho Viejo,1948-09-23,D'Arienzo Juan/1945-1949/D'Arienzo - Derecho Viejo - Instrumental - 1948.opus
Juan D'Arienzo,Desde Aquella Noche,1946-08-26,D'Arienzo Juan/1945-1949/D'Arienzo - Desde Aquella Noche - Laborde - 1946.opus
Juan D'Arienzo,Dios Te Salve M' Hijo,1947-09-17,D'Arienzo Juan/1945-1949/D'Arienzo - Dios Te Salve M' Hijo - Laborde - 1947.opus
Juan D'Arienzo,Don Alfonso,1945-10-26,D'Arienzo Juan/1945-1949/D'Arienzo - Don Alfonso - Instrumental - 1945.opus
Juan D'Arienzo,Don Goyo,1946-03-06,D'Arienzo Juan/1945-1949/D'Arienzo - Don Goyo - Instrumental - 1946.opus
Juan D'Arienzo,Don Horacio,1947-12-17,D'Arienzo Juan/1945-1949/D'Arienzo - Don Horacio - Instrumental - 1947.opus
Juan D'Arienzo,Don Juan,1948-06-15,D'Arienzo Juan/1945-1949/D'Arienzo - Don Juan - Instrumental - 1948.opus
Juan D'Arienzo,Don Pacífico,1949-11-24,D'Arienzo Juan/1945-1949/D'Arienzo - Don Pacifico - Instrumental - 1949.opus
Juan D'Arienzo,Dos Amores,1947-05-13,D'Arienzo Juan/1945-1949/D'Arienzo - Dos Amores - Laborde - 1947.opus
Juan D'Arienzo,El Choclo,1948-05-07,D'Arienzo Juan/1945-1949/D'Arienzo - El Choclo - Instrumental - 1948.opus
Juan D'Arienzo,El Entrerriano,1946-08-26,D'Arienzo Juan/1945-1949/D'Arienzo - El Entrerriano - Instrumental - 1946.opus
Juan D'Arienzo,El Penado Catorce,1947-05-20,D'Arienzo Juan/1945-1949/D'Arienzo - El Penado Catorce - Echague - 1947.opus
Juan D'Arienzo,El Pensamiento,1945-07-26,D'Arienzo Juan/1945-1949/D'Arienzo - El Pensamiento - Instrumental - 1945.opus
Juan D'Arienzo,El Pollo Ricardo,1947-05-20,D'Arienzo Juan/1945-1949/D'Arienzo - El Pollo Ricardo - Instrumental - 1947.opus
Juan D'Arienzo,El Potro,1949-12-19,D'Arienzo Juan/1945-1949/D'Arienzo - El Potro - Instrumental - 1949.opus
Juan D'Arienzo,El Raje,1948-05-07,D'Arienzo Juan/1945-1949/D'Arienzo - El Raje - Echague - 1948.opus
Juan D'Arienzo,El Rey del Compás,1949-12-19,D'Arienzo Juan/1945-1949/D'Arienzo - El Rey Del Compas - Instrumental - 1949.opus
Juan D'Arienzo,El Tarta,1946-12-23,D'Arienzo Juan/1945-1949/D'Arienzo - El Tarta - Echague - 1946.opus
Juan D'Arienzo,El Tren de las Once,1945-06-25,D'Arienzo Juan/1945-1949/D'Arienzo - El Tren De Las Once - Laborde - 1945.opus
Juan D'Arienzo,El Viento Me Cuenta Cosas,1947-12-17,D'Arienzo Juan/1945-1949/D'Arienzo - El Viento Me Cuenta Cosas - Echague y Laborde - 1947.opus
Juan D'Arienzo,Esta Noche Me Emborracho,1946-12-06,D'Arienzo Juan/1945-1949/D'Arienzo - Esta Noche Me Emborracho - Echague - 1946.opus
Juan D'Arienzo,Eterna,1948-09-23,D'Arienzo Juan/1945-1949/D'Arienzo - Eterna - Echague - 1948.opus
Juan D'Arienzo,Farabute,1949-07-26,D'Arienzo Juan/1945-1949/D'Arienzo - Farabute - Echague - 1949.opus
Juan D'Arienzo,Felicia,1947-12-23,D'Arienzo Juan/1945-1949/D'Arienzo - Felicia - Instrumental - 1947.opus
Juan D'Arienzo,Hotel Victoria,1948-02-18,D'Arienzo Juan/1945-1949/D'Arienzo - Hotel Victoria - Instrumental - 1948.opus
Juan D'Arienzo,La Canción de Mis Tristeza,1946-10-30,D'Arienzo Juan/1945-1949/D'Arienzo - La Cancion De Mis Tristeza - Laborde - 1946.opus
Juan D'Arienzo,La Catrera,1949-11-24,D'Arienzo Juan/1945-1949/D'Arienzo - La Catrera - Instrumental - 1949.opus
Juan D'Arienzo,La Espuela,1946-03-06,D'Arienzo Juan/1945-1949/D'Arienzo - La Espuela - Instrumental - 1946.opus
Juan D'Arienzo,La Galarcita,1945-12-24,D'Arienzo Juan/1945-1949/D'Arienzo - La Galarcita - Instrumental - 1945.opus
Juan D'Arienzo,La Guitarrita,1947-05-13,D'Arienzo Juan/1945-1949/D'Arienzo - La Guitarrita - Instrumental - 1947.opus
Juan D'Arienzo,La Maleva,1949-07-26,D'Arienzo Juan/1945-1949/D'Arienzo - La Maleva - Instrumental - 1949.opus
Juan D'Arienzo,La Morocha,1949-04-06,D'Arienzo Juan/1945-1949/D'Arienzo - La Morocha - Instrumental - 1949.opus
Juan D'Arienzo,La Payanca,1949-04-06,D'Arienzo Juan/1945-1949/D'Arienzo - La Payanca - Instrumental - 1949.opus
Juan D'Arienzo,Ladron de Sueños,1947-12-23,D'Arienzo Juan/1945-1949/D'Arienzo - Ladron De Suenos - Laborde - 1947.opus
Juan D'Arienzo,Lágrimas,1947-04-30,D'Arienzo Juan/1945-1949/D'Arienzo - Lagrimas - Instrumental - 1947.opus
Juan D'Arienzo,Leguisamo Solo,1945-10-26,D'Arienzo Juan/1945-1949/D'Arienzo - Leguisamo Solo - Echague - 1945.opus
Juan D'Arienzo,Lenguas de Fuego,1947-12-17,D'Arienzo Juan/1945-1949/D'Arienzo - Lenguas De Fuego - Laborde - 1947.opus
Juan D'Arienzo,Lo Mismo Que Ayer,1946-05-03,D'Arienzo Juan/1945-1949/D'Arienzo - Lo Mismo Que Ayer - Echague y Laborde - 1946.opus
Juan D'Arienzo,Loca,1946-10-18,D'Arienzo Juan/1945-1949/D'Arienzo - Loca - Instrumental - 1946.opus
Juan D'Arienzo,Me Duele el Corazón,1945-07-26,D'Arienzo Juan/1945-1949/D'Arienzo - Me Duele El Corazon - Laborde - 1945.opus
Juan D'Arienzo,Me Grita el Corazón,1946-08-26,D'Arienzo Juan/1945-1949/D'Arienzo - Me Grita El Corazon - Laborde - 1946.opus
Juan D'Arienzo,Mi Cariñito,1949-12-19,D'Arienzo Juan/1945-1949/D'Arienzo - Mi Carinito - Echague y Laborde - 1949.opus
Juan D'Arienzo,Muchachita del Recuerdo,1947-09-17,D'Arienzo Juan/1945-1949/D'Arienzo - Muchachita Del Recuerdo - Laborde - 1947.opus
Juan D'Arienzo,Nací en Pompeya,1949-12-19,D'Arienzo Juan/1945-1949/D'Arienzo - Naci En Pompeya - Echague - 1949.opus
Juan D'Arienzo,No Tienes Corazón,1946-08-26,D'Arienzo Juan/1945-1949/D'Arienzo - No Tienes Corazon - Laborde - 1946.opus
Juan D'Arienzo,Olga,1948-02-18,D'Arienzo Juan/1945-1949/D'Arienzo - Olga - Instrumental - 1948.opus
Juan D'Arienzo,Pájaro Sin Luz,1945-04-17,D'Arienzo Juan/1945-1949/D'Arienzo - Pajaro Sin Luz - Laborde - 1945.opus
Juan D'Arienzo,Pampa,1949-04-06,D'Arienzo Juan/1945-1949/D'Arienzo - Pampa - Instrumental - 1949.opus
Juan D'Arienzo,Pampa y Huella,1948-09-23,D'Arienzo Juan/1945-1949/D'Arienzo - Pampa y Huella - Echague y Laborde - 1948.opus
Juan D'Arienzo,Pan Comido,1946-05-03,D'Arienzo Juan/1945-1949/D'Arienzo - Pan Comido - Echague - 1946.opus
Juan D'Arienzo,Pof Pof,1948-09-23,D'Arienzo Juan/1945-1949/D'Arienzo - Pof Pof - Instrumental - 1948.opus
Juan D'Arienzo,Por Dos Caminos,1947-06-19,D'Arienzo Juan/1945-1949/D'Arienzo - Por Dos Caminos - Echague y Laborde - 1947.opus
Juan D'Arienzo,Pregonera,1945-08-28,D'Arienzo Juan/1945-1949/D'Arienzo - Pregonera - Laborde - 1945.opus
Juan D'Arienzo,Qué Apuro Tengo,1948-06-15,D'Arienzo Juan/1945-1949/D'Arienzo - Que Apuro Tengo - Echague - 1948.opus
Juan D'Arienzo,Rawson,1947-08-08,D'Arienzo Juan/1945-1949/D'Arienzo - Rawson - Instrumental - 1947.opus
Juan D'Arienzo,Sábado Inglés,1946-10-18,D'Arienzo Juan/1945-1949/D'Arienzo - Sabado Ingles - Instrumental - 1946.opus
Juan D'Arienzo,Santa Madrecita,1949-04-06,D'Arienzo Juan/1945-1949/D'Arienzo - Santa Madrecita - Laborde - 1949.opus
Juan D'Arienzo,Se Apagó una Estrella,1946-12-23,D'Arienzo Juan/1945-1949/D'Arienzo - Se Apago Una Estrella - Laborde - 1946.opus
Juan D'Arienzo,Si Supieras Que la Extraño,1945-05-04,D'Arienzo Juan/1945-1949/D'Arienzo - Si Supieras Que La Extrano - Laborde - 1945.opus
Juan D'Arienzo,Siempre Amigos,1945-12-24,D'Arienzo Juan/1945-1949/D'Arienzo - Siempre Amigos - Echague - 1945.opus
Juan D'Arienzo,Siete Leguas,1946-05-03,D'Arienzo Juan/1945-1949/D'Arienzo - Siete Leguas - Laborde - 1946.opus
Juan D'Arienzo,Sígueme Si Puedes,1945-04-17,D'Arienzo Juan/1945-1949/D'Arienzo - Sigueme Si Puedes - Instrumental - 1945.opus
Juan D'Arienzo,Sin Amor,1946-10-18,D'Arienzo Juan/1945-1949/D'Arienzo - Sin Amor - Laborde - 1946.opus
Juan D'Arienzo,Te Espero en Rodríguez Peña,1946-03-06,D'Arienzo Juan/1945-1949/D'Arienzo - Te Espero En Rodriguez Pena - Echague - 1946.opus
Juan D'Arienzo,Tendrás Que Llorar,1946-03-06,D'Arienzo Juan/1945-1949/D'Arienzo - Tendras Que Llorar - Echague y Laborde - 1946.opus
Juan D'Arienzo,Tiene Razón Amigazo,1946-10-30,D'Arienzo Juan/1945-1949/D'Arienzo - Tiene Razon Amigazo - Echague - 1946.opus
Juan D'Arienzo,Triste Soledad,1947-02-27,D'Arienzo Juan/1945-1949/D'Arienzo - Triste Soledad - Laborde - 1947.opus
Juan D'Arienzo,Una y Mil Noches,1948-05-07,D'Arienzo Juan/1945-1949/D'Arienzo - Una Y Mil Noches - Laborde - 1948.opus
Juan D'Arienzo,Unión Cívica,1949-12-19,D'Arienzo Juan/1945-1949/D'Arienzo - Union Civica - Instrumental - 1949.opus
Juan D'Arienzo,Vamos Zaino,1945-10-03,D'Arienzo Juan/1945-1949/D'Arienzo - Vamos Zaino - Laborde - 1945.opus
Juan D'Arienzo,Vencido,1949-04-06,D'Arienzo Juan/1945-1949/D'Arienzo - Vencido - Echague - 1949.opus
Juan D'Arienzo,Y Entonces Lloraras,1947-04-30,D'Arienzo Juan/1945-1949/D'Arienzo - Y Entonces Lloraras - Laborde - 1947.opus
Juan D'Arienzo,Ya Estamos Iguales,1945-06-25,D'Arienzo Juan/1945-1949/D'Arienzo - Ya Estamos Iguales - Echague - 1945.opus
Juan D'Arienzo,Yo No Espero Nada,1945-12-24,D'Arienzo Juan/1945-1949/D'Arienzo - Yo No Espero Nada - Echague - 1945.opus
Juan D'Arienzo,Yo No Sé Llorar,1946-12-06,D'Arienzo Juan/1945-1949/D'Arienzo - Yo No Se Llorar - Echague y Laborde - 1946.opus
Juan D'Arienzo,Yuyo Brujo,1949-11-24,D'Arienzo Juan/1945-1949/D'Arienzo - Yuyo Brujo - Laborde - 1949.opus
Juan D'Arienzo,A Puño Limpio,1950-12-27,D'Arienzo Juan/1950-1954/D'Arienzo - A Puno Limpio - Echague - 1950.opus
Juan D'Arienzo,Ahí Está,1954-04-29,D'Arienzo Juan/1950-1954/D'Arienzo - Ahi Esta - Laborde - 1954.opus
Juan D'Arienzo,Amarroto,1951-09-12,D'Arienzo Juan/1950-1954/D'Arienzo - Amarroto - Echague - 1951.opus
Juan D'Arienzo,Bandera Baja,1950-05-05,D'Arienzo Juan/1950-1954/D'Arienzo - Bandera Baja - Echague - 1950.opus
Juan D'Arienzo,Bien Pulenta,1950-05-05,D'Arienzo Juan/1950-1954/D'Arienzo - Bien Pulenta - Echague - 1950.opus
Juan D'Arienzo,Canaro en París,1950-05-05,D'Arienzo Juan/1950-1954/D'Arienzo - Canaro En Paris - Instrumental - 1950.opus
Juan D'Arienzo,Canzoneta,1954-08-13,D'Arienzo Juan/1950-1954/D'Arienzo - Canzoneta - Laborde - 1954.opus
Juan D'Arienzo,Ché Existencialista,1954-09-01,D'Arienzo Juan/1950-1954/D'Arienzo - Che Existencialista - Echague - 1954.opus
Juan D'Arienzo,Ché Negrito,1953-09-18,D'Arienzo Juan/1950-1954/D'Arienzo - Che Negrito - Echague - 1953.opus
Juan D'Arienzo,Cruz Maidana,1950-05-05,D'Arienzo Juan/1950-1954/D'Arienzo - Cruz Maidana - Laborde - 1950.opus
Juan D'Arienzo,De Corazón a Corazón,1952-08-13,D'Arienzo Juan/1950-1954/D'Arienzo - De Corazon A Corazon - Laborde - 1952.opus
Juan D'Arienzo,De Vuelta,1951-12-27,D'Arienzo Juan/1950-1954/D'Arienzo - De Vuelta - Echague - 1951.opus
Juan D'Arienzo,Desencanto,1950-12-27,D'Arienzo Juan/1950-1954/D'Arienzo - Desencanto - Lemos - 1950.opus
Juan D'Arienzo,Don Juan,1950-12-28,D'Arienzo Juan/1950-1954/D'Arienzo - Don Juan - Instrumental - 1950.opus
Juan D'Arienzo,Don Juan Mondiola,1950-09-28,D'Arienzo Juan/1950-1954/D'Arienzo - Don Juan Mondiola - Echague - 1950.opus
Juan D'Arienzo,Don Orlando,1954-11-02,D'Arienzo Juan/1950-1954/D'Arienzo - Don Orlando - Instrumental - 1954.opus
Juan D'Arienzo,Don Pacífico,1954-12-10,D'Arienzo Juan/1950-1954/D'Arienzo - Don Pacifico - Instrumental - 1954.opus
Juan D'Arienzo,Dos Guitas,1954-11-02,D'Arienzo Juan/1950-1954/D'Arienzo - Dos Guitas - Echague - 1954.opus
Juan D'Arienzo,El Agente de la Esquina,1952-08-13,D'Arienzo Juan/1950-1954/D'Arienzo - El Agente De La Esquina - Laborde - 1952.opus
Juan D'Arienzo,El Choclo,1954-08-13,D'Arienzo Juan/1950-1954/D'Arienzo - El Choclo - Instrumental - 1954.opus
Juan D'Arienzo,El Cisne,1950-05-15,D'Arienzo Juan/1950-1954/D'Arienzo - El Cisne - Instrumental - 1950.opus
Juan D'Arienzo,El Commandante,1952-11-12,D'Arienzo Juan/1950-1954/D'Arienzo - El Commandante - Laborde - 1952.opus
Juan D'Arienzo,El Curda,1953-09-18,D'Arienzo Juan/1950-1954/D'Arienzo - El Curda - Laborde - 1953.opus
Juan D'Arienzo,El Entrerriano,1954-04-29,D'Arienzo Juan/1950-1954/D'Arienzo - El Entrerriano - Instrumental - 1954.opus
Juan D'Arienzo,El Hipo,1951-12-19,D'Arienzo Juan/1950-1954/D'Arienzo - El Hipo - Echague - 1951.opus
Juan D'Arienzo,El Internado,1950-05-05,D'Arienzo Juan/1950-1954/D'Arienzo - El Internado - Instrumental - 1950.opus
Juan D'Arienzo,El Internado,1954-12-10,D'Arienzo Juan/1950-1954/D'Arienzo - El Internado - Instrumental - 1954.opus
Juan D'Arienzo,El Irresistible,1951-09-14,D'Arienzo Juan/1950-1954/D'Arienzo - El Irresistible - Instrumental - 1951.opus
Juan D'Arienzo,El Irresistible,1954-12-10,D'Arienzo Juan/1950-1954/D'Arienzo - El Irresistible - Instrumental - 1954.opus
Juan D'Arienzo,El Marne,1950-12-28,D'Arienzo Juan/1950-1954/D'Arienzo - El Marne - Instrumental - 1950.opus
Juan D'Arienzo,El Marne,1954-12-10,D'Arienzo Juan/1950-1954/D'Arienzo - El Marne - Instrumental - 1954.opus
Juan D'Arienzo,El Nene del Abasto,1951-09-12,D'Arienzo Juan/1950-1954/D'Arienzo - El Nene Del Abasto - Echague - 1951.opus
Juan D'Arienzo,El Pollo Ricardo,1952-11-12,D'Arienzo Juan/1950-1954/D'Arienzo - El Pollo Ricardo - Instrumental - 1952.opus
Juan D'Arienzo,El Puntazo,1952-08-13,D'Arienzo Juan/1950-1954/D'Arienzo - El Puntazo - Instrumental - 1952.opus
Juan D'Arienzo,El Purrete,1953-09-18,D'Arienzo Juan/1950-1954/D'Arienzo - El Purrete - Laborde - 1953.opus
Juan D'Arienzo,El Romántico,1952-11-12,D'Arienzo Juan/1950-1954/D'Arienzo - El Romantico - Instrumental - 1952.opus
Juan D'Arienzo,El Simpático,1951-12-19,D'Arienzo Juan/1950-1954/D'Arienzo - El Simpatico - Instrumental - 1951.opus
Juan D'Arienzo,El Tarta,1954-11-10,D'Arienzo Juan/1950-1954/D'Arienzo - El Tarta - Echague - 1954.opus
Juan D'Arienzo,El Tigre Millán,1952-11-12,D'Arienzo Juan/1950-1954/D'Arienzo - El Tigre Millan - Echague - 1952.opus
Juan D'Arienzo,El Torito,1954-04-29,D'Arienzo Juan/1950-1954/D'Arienzo - El Torito - Instrumental - 1954.opus
Juan D'Arienzo,El Vino Triste,1954-09-01,D'Arienzo Juan/1950-1954/D'Arienzo - El Vino Triste - Laborde - 1954.opus
Juan D'Arienzo,Esta Noche Me Emborracho,1954-11-10,D'Arienzo Juan/1950-1954/D'Arienzo - Esta Noche Me Emborracho - Echague - 1954.opus
Juan D'Arienzo,Estás Conmigo,1952-08-13,D'Arienzo Juan/1950-1954/D'Arienzo - Estas Conmigo - Laborde - 1952.opus
Juan D'Arienzo,Este Carnaval,1951-09-14,D'Arienzo Juan/1950-1954/D'Arienzo - Este Carnaval - Echague - 1951.opus
Juan D'Arienzo,Fatal y Tanguera,1954-11-02,D'Arienzo Juan/1950-1954/D'Arienzo - Fatal Y Tanguera - Laborde - 1954.opus
Juan D'Arienzo,Felicia,1954-04-29,D'Arienzo Juan/1950-1954/D'Arienzo - Felicia - Instrumental - 1954.opus
Juan D'Arienzo,Florida,1952-11-12,D'Arienzo Juan/1950-1954/D'Arienzo - Florida - Instrumental - 1952.opus
Juan D'Arienzo,Ganzúa,1951-09-12,D'Arienzo Juan/1950-1954/D'Arienzo - Ganzua - Echague - 1951.opus
Juan D'Arienzo,Giusesepe el Crooner,1953-08-13,D'Arienzo Juan/1950-1954/D'Arienzo - Giusesepe El Crooner - Echague - 1953.opus
Juan D'Arienzo,Gladiolo,1953-08-13,D'Arienzo Juan/1950-1954/D'Arienzo - Gladiolo - Echague - 1953.opus
Juan D'Arienzo,Guapo y Querendón,1954-11-02,D'Arienzo Juan/1950-1954/D'Arienzo - Guapo Y Querendon - Laborde - 1954.opus
Juan D'Arienzo,Homero,1950-05-15,D'Arienzo Juan/1950-1954/D'Arienzo - Homero - Instrumental - 1950.opus
Juan D'Arienzo,Homero,1954-12-10,D'Arienzo Juan/1950-1954/D'Arienzo - Homero - Instrumental - 1954.opus
Juan D'Arienzo,Independencia,1953-12-28,D'Arienzo Juan/1950-1954/D'Arienzo - Independencia - Instrumental - 1953.opus
Juan D'Arienzo,Joaquina,1953-12-28,D'Arienzo Juan/1950-1954/D'Arienzo - Joaquina - Instrumental - 1953.opus
Juan D'Arienzo,La Bicoca,1950-12-28,D'Arienzo Juan/1950-1954/D'Arienzo - La Bicoca - Instrumental - 1950.opus
Juan D'Arienzo,La Cumparsita,1951-09-12,D'Arienzo Juan/1950-1954/D'Arienzo - La Cumparsita - Instrumental - 1951.opus
Juan D'Arienzo,La Parrillada,1950-05-15,D'Arienzo Juan/1950-1954/D'Arienzo - La Parrillada - Instrumental - 1950.opus
Juan D'Arienzo,La Payanca,1954-11-10,D'Arienzo Juan/1950-1954/D'Arienzo - La Payanca - Instrumental - 1954.opus
Juan D'Arienzo,La Puñalada,1951-09-12,D'Arienzo Juan/1950-1954/D'Arienzo - La Punalada - Instrumental - 1951.opus
Juan D'Arienzo,La Sonrisa de Mamá,1954-09-01,D'Arienzo Juan/1950-1954/D'Arienzo - La Sonrisa De Mama - Laborde - 1954.opus
Juan D'Arienzo,Luis Alberto,1952-08-13,D'Arienzo Juan/1950-1954/D'Arienzo - Luis Alberto - Instrumental - 1952.opus
Juan D'Arienzo,Me Llamo Como Me Llamo,1950-05-15,D'Arienzo Juan/1950-1954/D'Arienzo - Me Llamo Como Me Llamo - Laborde - 1950.opus
Juan D'Arienzo,Mi Parejero,1953-09-18,D'Arienzo Juan/1950-1954/D'Arienzo - Mi Parejero - Instrumental - 1953.opus
Juan D'Arienzo,Milonga Que Peina Canas,1952-08-13,D'Arienzo Juan/1950-1954/D'Arienzo - Milonga Que Peina Canas - Laborde - 1952.opus
Juan D'Arienzo,Mirando Al Cielo,1953-12-28,D'Arienzo Juan/1950-1954/D'Arienzo - Mirando Al Cielo - Laborde - 1953.opus
Juan D'Arienzo,Muchachos Arranquemos Para el Centro,1954-11-02,D'Arienzo Juan/1950-1954/D'Arienzo - Muchachos Arranquemos Para El Centro - Echague - 1954.opus
Juan D'Arienzo,Mucho Mucho,1953-08-13,D'Arienzo Juan/1950-1954/D'Arienzo - Mucho Mucho - Laborde - 1953.opus
Juan D'Arienzo,Necesito Tu Cariño,1953-08-13,D'Arienzo Juan/1950-1954/D'Arienzo - Necesito Tu Carino - Laborde - 1953.opus
Juan D'Arienzo,No Llores Madre,1951-12-19,D'Arienzo Juan/1950-1954/D'Arienzo - No Llores Madre - Lemos - 1951.opus
Juan D'Arienzo,No Te Vayas Mi Bien,1954-12-10,D'Arienzo Juan/1950-1954/D'Arienzo - No Te Vayas Mi Bien - Laborde - 1954.opus
Juan D'Arienzo,No Vas Más,1950-12-28,D'Arienzo Juan/1950-1954/D'Arienzo - No Vas Mas - Echague - 1950.opus
Juan D'Arienzo,N.P.,1951-12-19,D'Arienzo Juan/1950-1954/D'Arienzo - Np - Echague - 1951.opus
Juan D'Arienzo,Nueve de Julio,1950-05-15,D'Arienzo Juan/1950-1954/D'Arienzo - Nueve De Julio - Instrumental - 1950.opus
Juan D'Arienzo,Paciencia,1951-09-14,D'Arienzo Juan/1950-1954/D'Arienzo - Paciencia - Echague - 1951.opus
Juan D'Arienzo,Pampa,1951-09-14,D'Arienzo Juan/1950-1954/D'Arienzo - Pampa - Instrumental - 1951.opus
Juan D'Arienzo,Pampa,1954-12-10,D'Arienzo Juan/1950-1954/D'Arienzo - Pampa - Instrumental - 1954.opus
Juan D'Arienzo,Penumbras,1951-12-19,D'Arienzo Juan/1950-1954/D'Arienzo - Penumbras - Lemos - 1951.opus
Juan D'Arienzo,Pero Pobre de Ellos,1954-11-10,D'Arienzo Juan/1950-1954/D'Arienzo - Pero Pobre De Ellos - Echague - 1954.opus
Juan D'Arienzo,Piringundín,1953-09-18,D'Arienzo Juan/1950-1954/D'Arienzo - Piringundin - Echague - 1953.opus
Juan D'Arienzo,Pituca,1950-05-15,D'Arienzo Juan/1950-1954/D'Arienzo - Pituca - Echague - 1950.opus
Juan D'Arienzo,Precio,1950-09-28,D'Arienzo Juan/1950-1954/D'Arienzo - Precio - Lemos - 1950.opus
Juan D'Arienzo,Quisieran Verme Llorar,1950-12-27,D'Arienzo Juan/1950-1954/D'Arienzo - Quisieran Verme Llorar - Lemos - 1950.opus
Juan D'Arienzo,Sarampión,1952-08-13,D'Arienzo Juan/1950-1954/D'Arienzo - Sarampion - Echague - 1952.opus
Juan D'Arienzo,Se Acabaron los Guapos,1952-08-13,D'Arienzo Juan/1950-1954/D'Arienzo - Se Acabaron Los Guapos - Laborde - 1952.opus
Juan D'Arienzo,Se Pe Ño Po Ri Pi Ta Pa,1951-09-12,D'Arienzo Juan/1950-1954/D'Arienzo - Se Pe No Po Ri Pi Ta Pa - Echague - 1951.opus
Juan D'Arienzo,Sentimiento de Calavera,1954-09-01,D'Arienzo Juan/1950-1954/D'Arienzo - Sentimiento De Calavera - Echague - 1954.opus
Juan D'Arienzo,Siempre Tú en Mi Corazón,1952-11-12,D'Arienzo Juan/1950-1954/D'Arienzo - Siempre Tu En Mi Corazon - Laborde - 1952.opus
Juan D'Arienzo,Sígueme Si Puedes,1950-05-05,D'Arienzo Juan/1950-1954/D'Arienzo - Sigueme Si Puedes - Instrumental - 1950.opus
Juan D'Arienzo,Tango de la Media Noche,1953-12-28,D'Arienzo Juan/1950-1954/D'Arienzo - Tango De La Media Noche - Laborde - 1953.opus
Juan D'Arienzo,Te Odio y Te Quiero,1954-04-29,D'Arienzo Juan/1950-1954/D'Arienzo - Te Odio Y Te Quiero - Echague - 1954.opus
Juan D'Arienzo,Todo Varón,1951-12-27,D'Arienzo Juan/1950-1954/D'Arienzo - Todo Varon - Lemos - 1951.opus
Juan D'Arienzo,Tomá Estas Monedas,1953-08-13,D'Arienzo Juan/1950-1954/D'Arienzo - Toma Estas Monedas - Echague - 1953.opus
Juan D'Arienzo,Tristeza Criolla,1954-11-02,D'Arienzo Juan/1950-1954/D'Arienzo - Tristeza Criolla - Laborde - 1954.opus
Juan D'Arienzo,Tu Boca Mintió,1954-04-29,D'Arienzo Juan/1950-1954/D'Arienzo - Tu Boca Mintio - Laborde - 1954.opus
Juan D'Arienzo,Tu Boca Mintió,1951-09-14,D'Arienzo Juan/1950-1954/D'Arienzo - Tu Boca Mintio - Lemos - 1951.opus
Juan D'Arienzo,Tucumán,1950-09-28,D'Arienzo Juan/1950-1954/D'Arienzo - Tucuman - Instrumental - 1950.opus
Juan D'Arienzo,Un Alma Buena,1952-11-12,D'Arienzo Juan/1950-1954/D'Arienzo - Un Alma Buena - Laborde - 1952.opus
Juan D'Arienzo,Vas Muerto en la Parada,1953-09-18,D'Arienzo Juan/1950-1954/D'Arienzo - Vas Muerto En La Parada - Echague - 1953.opus
Juan D'Arienzo,Viejo Smoking,1952-11-12,D'Arienzo Juan/1950-1954/D'Arienzo - Viejo Smoking - Laborde - 1952.opus
Juan D'Arienzo,Viento Sur,1954-12-28,D'Arienzo Juan/1950-1954/D'Arienzo - Viento Sur - Instrumental - 1954.opus
Juan D'Arienzo,Viva Mi Tierra Argentina,1951-12-19,D'Arienzo Juan/1950-1954/D'Arienzo - Viva Mi Tierra Argentina - Echague - 1951.opus
Juan D'Arienzo,Y Siempre la Misma Historia,1952-08-13,D'Arienzo Juan/1950-1954/D'Arienzo - Y Siempre La Misma Historia - Echague - 1952.opus
Juan D'Arienzo,Y Suma y Sigue,1952-08-13,D'Arienzo Juan/1950-1954/D'Arienzo - Y Suma Y Sigue - Echague - 1952.opus
Juan D'Arienzo,Yapeyú,1951-12-27,D'Arienzo Juan/1950-1954/D'Arienzo - Yapeyu - Instrumental - 1951.opus
Juan D'Arienzo,Aclaremos,1956-08-23,D'Arienzo Juan/1955-1959/D'Arienzo - Aclaremos - Echague - 1956.opus
Juan D'Arienzo,Adiós Chantecler,1958-11-19,D'Arienzo Juan/1955-1959/D'Arienzo - Adios Chantecler - Valdez - 1958.opus
Juan D'Arienzo,Adiós Corazón,1958-06-12,D'Arienzo Juan/1955-1959/D'Arienzo - Adios Corazon - Valdez - 1958.opus
Juan D'Arienzo,Amar Para Qué,1959-11-19,D'Arienzo Juan/1955-1959/D'Arienzo - Amar Para Que - Valdez - 1959.opus
Juan D'Arienzo,Andate con Tu Mamá,1958-05-28,D'Arienzo Juan/1955-1959/D'Arienzo - Andate Con Tu Mama - Bustos - 1958.opus
Juan D'Arienzo,Andate Por Dios,1957-05-08,D'Arienzo Juan/1955-1959/D'Arienzo - Andate Por Dios - Valdez - 1957.opus
Juan D'Arienzo,Apasionadamente,1957-08-08,D'Arienzo Juan/1955-1959/D'Arienzo - Apasionadamente - Valdez - 1957.opus
Juan D'Arienzo,Avivate Pipistrelo,1955-12-22,D'Arienzo Juan/1955-1959/D'Arienzo - Avivate Pipistrelo - Echague - 1955.opus
Juan D'Arienzo,Ay Mimosa,1956-07-19,D'Arienzo Juan/1955-1959/D'Arienzo - Ay Mimosa - Laborde - 1956.opus
Juan D'Arienzo,Baldosa Floja,1958-07-03,D'Arienzo Juan/1955-1959/D'Arienzo - Baldosa Floja - Valdez y Bustos - 1958.opus
Juan D'Arienzo,Barrio Belgrano,1958-12-10,D'Arienzo Juan/1955-1959/D'Arienzo - Barrio Belgrano - Instrumental - 1958.opus
Juan D'Arienzo,Barrio de Guapos,1958-06-12,D'Arienzo Juan/1955-1959/D'Arienzo - Barrio De Guapos - Valdez - 1958.opus
Juan D'Arienzo,Bien Jaileife,1955-12-22,D'Arienzo Juan/1955-1959/D'Arienzo - Bien Jaileife - Echague - 1955.opus
Juan D'Arienzo,Bien Porteña,1957-06-13,D'Arienzo Juan/1955-1959/D'Arienzo - Bien Portena - Instrumental - 1957.opus
Juan D'Arienzo,Buenas Noches Mi Amor,1958-12-17,D'Arienzo Juan/1955-1959/D'Arienzo - Buenas Noches Mi Amor - Valdez - 1958.opus
Juan D'Arienzo,Bueno Derecho y Varón,1958-06-12,D'Arienzo Juan/1955-1959/D'Arienzo - Bueno Derecho y Varon - Bustos - 1958.opus
Juan D'Arienzo,Calla Bandoneón,1956-08-23,D'Arienzo Juan/1955-1959/D'Arienzo - Calla Bandoneon - Laborde - 1956.opus
Juan D'Arienzo,Cantemos Corazón,1956-08-23,D'Arienzo Juan/1955-1959/D'Arienzo - Cantemos Corazon - Laborde - 1956.opus
Juan D'Arienzo,Carpeta,1956-05-23,D'Arienzo Juan/1955-1959/D'Arienzo - Carpeta - Echague - 1956.opus
Juan D'Arienzo,Castigo y Pasión,1958-05-22,D'Arienzo Juan/1955-1959/D'Arienzo - Castigo Y Pasion - Valdez - 1958.opus
Juan D'Arienzo,Chamusquina,1956-05-17,D'Arienzo Juan/1955-1959/D'Arienzo - Chamusquina - Echague - 1956.opus
Juan D'Arienzo,Che Fulano,1958-11-12,D'Arienzo Juan/1955-1959/D'Arienzo - Che Fulano - Bustos - 1958.opus
Juan D'Arienzo,Chirusa,1958-10-29,D'Arienzo Juan/1955-1959/D'Arienzo - Chirusa - Valdez - 1958.opus
Juan D'Arienzo,Como una de Tantas,1955-06-10,D'Arienzo Juan/1955-1959/D'Arienzo - Como Una De Tantas - Echague - 1955.opus
Juan D'Arienzo,Con Alma de Tango,1959-10-29,D'Arienzo Juan/1955-1959/D'Arienzo - Con Alma De Tango - Instrumental - 1959.opus
Juan D'Arienzo,Criollo de Ley,1958-07-24,D'Arienzo Juan/1955-1959/D'Arienzo - Criollo De Ley - Instrumental - 1958.opus
Juan D'Arienzo,Criticona,1956-09-20,D'Arienzo Juan/1955-1959/D'Arienzo - Criticona - Echague - 1956.opus
Juan D'Arienzo,Dáme Mi Libertad,1959-10-15,D'Arienzo Juan/1955-1959/D'Arienzo - Dame Mi Libertad - Valdez - 1959.opus
Juan D'Arienzo,De Abolengo,1955-06-10,D'Arienzo Juan/1955-1959/D'Arienzo - De Abolengo - Echague - 1955.opus
Juan D'Arienzo,Destino de Flor,1957-06-29,D'Arienzo Juan/1955-1959/D'Arienzo - Destino De Flor - Valdez - 1957.opus
Juan D'Arienzo,Don Alejandro,1958-09-13,D'Arienzo Juan/1955-1959/D'Arienzo - Don Alejandro - Instrumental - 1958.opus
Juan D'Arienzo,Don Goyo,1957-07-19,D'Arienzo Juan/1955-1959/D'Arienzo - Don Goyo - Instrumental - 1957.opus
Juan D'Arienzo,El Chupete,1955-08-09,D'Arienzo Juan/1955-1959/D'Arienzo - El Chupete - Instrumental - 1955.opus
Juan D'Arienzo,El Embrollo,1958-07-10,D'Arienzo Juan/1955-1959/D'Arienzo - El Embrollo - Instrumental - 1958.opus
Juan D'Arienzo,El Reloj,1957-08-02,D'Arienzo Juan/1955-1959/D'Arienzo - El Reloj - Valdez - 1957.opus
Juan D'Arienzo,El Rezongón,1955-07-01,D'Arienzo Juan/1955-1959/D'Arienzo - El Rezongon - Instrumental - 1955.opus
Juan D'Arienzo,El Tango No Tiene Contra,1958-07-03,D'Arienzo Juan/1955-1959/D'Arienzo - El Tango No Tiene Contra - Bustos - 1958.opus
Juan D'Arienzo,El Tigre Millán,1958-12-10,D'Arienzo Juan/1955-1959/D'Arienzo - El Tigre Millan - Bustos - 1958.opus
Juan D'Arienzo,En el Cielo,1957-08-22,D'Arienzo Juan/1955-1959/D'Arienzo - En El Cielo - Valdez - 1957.opus
Juan D'Arienzo,En el Rosal,1957-08-08,D'Arienzo Juan/1955-1959/D'Arienzo - En El Rosal - Valdez - 1957.opus
Juan D'Arienzo,Eras Como la Flor,1955-12-22,D'Arienzo Juan/1955-1959/D'Arienzo - Eras Como La Flor - Laborde - 1955.opus
Juan D'Arienzo,Esta Vida Es Puro Grupo,1956-09-20,D'Arienzo Juan/1955-1959/D'Arienzo - Esta Vida Es Puro Grupo - Echague - 1956.opus
Juan D'Arienzo,Estas Cosas de la Vida,1957-08-15,D'Arienzo Juan/1955-1959/D'Arienzo - Estas Cosas De La Vida - Bustos - 1957.opus
Juan D'Arienzo,Feliz Navidad,1958-12-03,D'Arienzo Juan/1955-1959/D'Arienzo - Feliz Navidad - Valdez - 1958.opus
Juan D'Arienzo,Gerardo Matos Rodríguez,1958-10-29,D'Arienzo Juan/1955-1959/D'Arienzo - Gerardo Matos Rodriguez - Bustos - 1958.opus
Juan D'Arienzo,Guapo y Querendón,1955-07-01,D'Arienzo Juan/1955-1959/D'Arienzo - Guapo Y Querendon - Laborde - 1955.opus
Juan D'Arienzo,Hasta Siempre Amor,1958-12-23,D'Arienzo Juan/1955-1959/D'Arienzo - Hasta Siempre Amor - Valdez - 1958.opus
Juan D'Arienzo,Hoy Me Vas a Escuchar,1955-06-10,D'Arienzo Juan/1955-1959/D'Arienzo - Hoy Me Vas A Escuchar - Laborde - 1955.opus
Juan D'Arienzo,Igual Que Judas,1958-06-12,D'Arienzo Juan/1955-1959/D'Arienzo - Igual Que Judas - Valdez - 1958.opus
Juan D'Arienzo,Imperdonable,1957-08-29,D'Arienzo Juan/1955-1959/D'Arienzo - Imperdonable - Bustos - 1957.opus
Juan D'Arienzo,Judas,1959-11-12,D'Arienzo Juan/1955-1959/D'Arienzo - Judas - Bustos - 1959.opus
Juan D'Arienzo,Jueves,1955-06-10,D'Arienzo Juan/1955-1959/D'Arienzo - Jueves - Instrumental - 1955.opus
Juan D'Arienzo,Julie,1957-06-29,D'Arienzo Juan/1955-1959/D'Arienzo - Julie - Instrumental - 1957.opus
Juan D'Arienzo,Justo el Treinta y Uno,1958-12-17,D'Arienzo Juan/1955-1959/D'Arienzo - Justo El Treinta Y Uno - Bustos - 1958.opus
Juan D'Arienzo,Justo un Año,1958-11-12,D'Arienzo Juan/1955-1959/D'Arienzo - Justo Un Ano - Bustos - 1958.opus
Juan D'Arienzo,La Bruja,1959-10-15,D'Arienzo Juan/1955-1959/D'Arienzo - La Bruja - Bustos - 1959.opus
Juan D'Arienzo,La Calesita,1957-06-29,D'Arienzo Juan/1955-1959/D'Arienzo - La Calesita - Valdez - 1957.opus
Juan D'Arienzo,La Catrera,1955-08-09,D'Arienzo Juan/1955-1959/D'Arienzo - La Catrera - Instrumental - 1955.opus
Juan D'Arienzo,La Endiablada,1955-06-10,D'Arienzo Juan/1955-1959/D'Arienzo - La Endiablada - Instrumental - 1955.opus
Juan D'Arienzo,La Misma Canción,1957-08-08,D'Arienzo Juan/1955-1959/D'Arienzo - La Misma Cancion - Valdez - 1957.opus
Juan D'Arienzo,La Perfumada Flor,1959-11-26,D'Arienzo Juan/1955-1959/D'Arienzo - La Perfumada Flor - Valdez - 1959.opus
Juan D'Arienzo,La Sentada,1958-12-03,D'Arienzo Juan/1955-1959/D'Arienzo - La Sentada - Instrumental - 1958.opus
Juan D'Arienzo,La Tango,1956-05-17,D'Arienzo Juan/1955-1959/D'Arienzo - La Tango - Echague - 1956.opus
Juan D'Arienzo,Lástima,1958-06-19,D'Arienzo Juan/1955-1959/D'Arienzo - Lastima - Valdez - 1958.opus
Juan D'Arienzo,Llegando a Puerto,1957-05-08,D'Arienzo Juan/1955-1959/D'Arienzo - Llegando A Puerto - Bustos - 1957.opus
Juan D'Arienzo,Llore Por los Dos,1956-09-20,D'Arienzo Juan/1955-1959/D'Arienzo - Llore Por Los Dos - Laborde - 1956.opus
Juan D'Arienzo,Lloremos,1956-08-23,D'Arienzo Juan/1955-1959/D'Arienzo - Lloremos - Laborde - 1956.opus
Juan D'Arienzo,Loca,1955-12-22,D'Arienzo Juan/1955-1959/D'Arienzo - Loca - Instrumental - 1955.opus
Juan D'Arienzo,Mala Pasión,1955-06-24,D'Arienzo Juan/1955-1959/D'Arienzo - Mala Pasion - Laborde - 1955.opus
Juan D'Arienzo,Malas Mañas,1955-06-10,D'Arienzo Juan/1955-1959/D'Arienzo - Malas Manas - Echague - 1955.opus
Juan D'Arienzo,Mandría,1957-06-29,D'Arienzo Juan/1955-1959/D'Arienzo - Mandria - Bustos - 1957.opus
Juan D'Arienzo,Más Grande Que Nunca,1958-12-23,D'Arienzo Juan/1955-1959/D'Arienzo - Mas Grande Que Nunca - Instrumental - 1958.opus
Juan D'Arienzo,Matrimonio,1955-06-10,D'Arienzo Juan/1955-1959/D'Arienzo - Matrimonio - Echague - 1955.opus
Juan D'Arienzo,Me Quieres y Te Quiero,1956-05-17,D'Arienzo Juan/1955-1959/D'Arienzo - Me Quieres Y Te Quiero - Laborde - 1956.opus
Juan D'Arienzo,Mi Amor y Tu Amor,1957-08-29,D'Arienzo Juan/1955-1959/D'Arienzo - Mi Amor Y Tu Amor - Valdez - 1957.opus
Juan D'Arienzo,Moneda Sin Valor,1958-11-19,D'Arienzo Juan/1955-1959/D'Arienzo - Moneda Sin Valor - Valdez - 1958.opus
Juan D'Arienzo,Muchachita de París,1958-05-28,D'Arienzo Juan/1955-1959/D'Arienzo - Muchachita De Paris - Valdez - 1958.opus
Juan D'Arienzo,Muñeca Brava,1958-12-17,D'Arienzo Juan/1955-1959/D'Arienzo - Muneca Brava - Bustos - 1958.opus
Juan D'Arienzo,Nada Más,1958-07-10,D'Arienzo Juan/1955-1959/D'Arienzo - Nada Mas - Valdez - 1958.opus
Juan D'Arienzo,No Llores Por Favor,1958-09-11,D'Arienzo Juan/1955-1959/D'Arienzo - No Llores Por Favor - Valdez - 1958.opus
Juan D'Arienzo,No Me Extraña,1958-09-11,D'Arienzo Juan/1955-1959/D'Arienzo - No Me Extrana - Valdez - 1958.opus
Juan D'Arienzo,No No Me la Nombres,1958-12-10,D'Arienzo Juan/1955-1959/D'Arienzo - No No Me la Nombres - Bustos - 1958.opus
Juan D'Arienzo,No Te Quiero Más,1957-06-13,D'Arienzo Juan/1955-1959/D'Arienzo - No Te Quiero Mas - Bustos - 1957.opus
Juan D'Arienzo,No Tenemos Perdón,1958-06-12,D'Arienzo Juan/1955-1959/D'Arienzo - No Tenemos Perdon - Bustos - 1958.opus
Juan D'Arienzo,Nosotros,1958-06-19,D'Arienzo Juan/1955-1959/D'Arienzo - Nosotros - Bustos - 1958.opus
Juan D'Arienzo,Olga,1956-09-20,D'Arienzo Juan/1955-1959/D'Arienzo - Olga - Instrumental - 1956.opus
Juan D'Arienzo,Palabras Amargas,1956-05-17,D'Arienzo Juan/1955-1959/D'Arienzo - Palabras Amargas - Laborde - 1956.opus
Juan D'Arienzo,Pampeana,1956-09-20,D'Arienzo Juan/1955-1959/D'Arienzo - Pampeana - Instrumental - 1956.opus
Juan D'Arienzo,Papá,1958-05-22,D'Arienzo Juan/1955-1959/D'Arienzo - Papa - Bustos - 1958.opus
Juan D'Arienzo,Pasajera,1959-10-29,D'Arienzo Juan/1955-1959/D'Arienzo - Pasajera - Valdez - 1959.opus
Juan D'Arienzo,Pero Te Sigo Queriendo,1955-06-10,D'Arienzo Juan/1955-1959/D'Arienzo - Pero Te Sigo Queriendo - Laborde - 1955.opus
Juan D'Arienzo,Petitero,1956-07-19,D'Arienzo Juan/1955-1959/D'Arienzo - Petitero - Echague - 1956.opus
Juan D'Arienzo,Pienso,1958-05-22,D'Arienzo Juan/1955-1959/D'Arienzo - Pienso - Bustos - 1958.opus
Juan D'Arienzo,Por Dónde Andarás,1958-06-12,D'Arienzo Juan/1955-1959/D'Arienzo - Por Donde Andaras - Bustos - 1958.opus
Juan D'Arienzo,Por la Vuelta,1959-11-12,D'Arienzo Juan/1955-1959/D'Arienzo - Por La Vuelta - Valdez - 1959.opus
Juan D'Arienzo,Por Qué Te Sigo Queriendo,1959-11-12,D'Arienzo Juan/1955-1959/D'Arienzo - Por Que Te Sigo Queriendo - Valdez - 1959.opus
Juan D'Arienzo,Porque Tú Me Lo Pides,1955-08-09,D'Arienzo Juan/1955-1959/D'Arienzo - Porque tu me lo pides - Echague - 1955.opus
Juan D'Arienzo,Que Dios Me Comprenda,1959-11-26,D'Arienzo Juan/1955-1959/D'Arienzo - Que Dios Me Comprenda - Valdez - 1959.opus
Juan D'Arienzo,Que Dios Te Bendiga,1958-06-19,D'Arienzo Juan/1955-1959/D'Arienzo - Que Dios Te Bendiga - Valdez - 1958.opus
Juan D'Arienzo,Que Me Quiten Lo Bailao,1956-09-20,D'Arienzo Juan/1955-1959/D'Arienzo - Que Me Quiten Lo Bailao - Laborde - 1956.opus
Juan D'Arienzo,Que Seas Muy Feliz,1958-05-28,D'Arienzo Juan/1955-1959/D'Arienzo - Que Seas Muy Feliz - Bustos - 1958.opus
Juan D'Arienzo,Quién Como Yo,1959-10-29,D'Arienzo Juan/1955-1959/D'Arienzo - Quien Como Yo - Valdez - 1959.opus
Juan D'Arienzo,Ríe Payaso,1959-11-12,D'Arienzo Juan/1955-1959/D'Arienzo - Rie Payaso - Bustos - 1959.opus
Juan D'Arienzo,Sabras Quién Soy,1958-11-12,D'Arienzo Juan/1955-1959/D'Arienzo - Sabras Quien Soy - Valdez - 1958.opus
Juan D'Arienzo,Santa Milonguita,1957-08-29,D'Arienzo Juan/1955-1959/D'Arienzo - Santa Milonguita - Valdez - 1957.opus
Juan D'Arienzo,Señora Princesa,1957-08-02,D'Arienzo Juan/1955-1959/D'Arienzo - Senora Princesa - Bustos - 1957.opus
Juan D'Arienzo,Si Soy Así,1957-08-22,D'Arienzo Juan/1955-1959/D'Arienzo - Si Soy Asi - Bustos - 1957.opus
Juan D'Arienzo,Sin Alma y Sin Dios,1958-11-19,D'Arienzo Juan/1955-1959/D'Arienzo - Sin Alma Y Sin Dios - Valdez - 1958.opus
Juan D'Arienzo,Sin Barco y Sin Amor,1956-05-23,D'Arienzo Juan/1955-1959/D'Arienzo - Sin Barco Y Sin Amor - Laborde - 1956.opus
Juan D'Arienzo,Soy un Pálido Fantasma,1958-06-19,D'Arienzo Juan/1955-1959/D'Arienzo - Soy Un Palido Fantasma - Bustos - 1958.opus
Juan D'Arienzo,Suavemente,1955-08-09,D'Arienzo Juan/1955-1959/D'Arienzo - Suavemente - Echague - 1955.opus
Juan D'Arienzo,Tapado Gris,1959-11-20,D'Arienzo Juan/1955-1959/D'Arienzo - Tapado Gris - Instrumental - 1959.opus
Juan D'Arienzo,Trago Amargo,1955-06-24,D'Arienzo Juan/1955-1959/D'Arienzo - Trago Amargo - Echague - 1955.opus
Juan D'Arienzo,Tu Noche Es Mi Noche,1958-12-10,D'Arienzo Juan/1955-1959/D'Arienzo - Tu Noche Es Mi Noche - Valdez - 1958.opus
Juan D'Arienzo,Un Vals Para Mamá,1958-09-13,D'Arienzo Juan/1955-1959/D'Arienzo - Un Vals Para Mama - Bustos - 1958.opus
Juan D'Arienzo,Viento Sur,1955-06-10,D'Arienzo Juan/1955-1959/D'Arienzo - Viento Sur - Instrumental - 1955.opus
Juan D'Arienzo,Y Todavía Te Quiero,1956-12-12,D'Arienzo Juan/1955-1959/D'Arienzo - Y Todavia Te Quiero - Lamarque - 1956.opus
Juan D'Arienzo,Ya Lo Ves,1955-06-10,D'Arienzo Juan/1955-1959/D'Arienzo - Ya Lo Ves - Laborde - 1955.opus
Juan D'Arienzo,Yo Me Quedo con el Tango,1957-03-13,D'Arienzo Juan/1955-1959/D'Arienzo - Yo Me Quedo Con El Tango - Echague - 1957.opus
Juan D'Arienzo,Yo Sé Que Te Adoro,1958-05-28,D'Arienzo Juan/1955-1959/D'Arienzo - Yo Se Que Te Adoro - Valdez - 1958.opus
Juan D'Arienzo,Yo Soy Repique de Tango,1957-03-13,D'Arienzo Juan/1955-1959/D'Arienzo - Yo Soy Repique De Tango - Laborde - 1957.opus
Juan D'Arienzo,A la Gran Muñeca,1963-12-17,D'Arienzo Juan/1960-1964/D'Arienzo - A La Gran Muneca - Instrumental - 1963.opus
Juan D'Arienzo,A Media Luz,1963-12-17,D'Arienzo Juan/1960-1964/D'Arienzo - A Media Luz - Instrumental - 1963.opus
Juan D'Arienzo,Amor de Verano,1964-11-18,D'Arienzo Juan/1960-1964/D'Arienzo - Amor De Verano - Valdez - 1964.opus
Juan D'Arienzo,Ave de Paso,1962-10-03,D'Arienzo Juan/1960-1964/D'Arienzo - Ave De Paso - Valdez - 1962.opus
Juan D'Arienzo,Buenos Aires de Mi Amor,1962-09-03,D'Arienzo Juan/1960-1964/D'Arienzo - Buenos Aires De Mi Amor - Valdez - 1962.opus
Juan D'Arienzo,Caminito,1963-06-10,D'Arienzo Juan/1960-1964/D'Arienzo - Caminito - Valdez - 1963.opus
Juan D'Arienzo,Cansada de Sufrir,1961-09-27,D'Arienzo Juan/1960-1964/D'Arienzo - Cansada De Sufrir - Valdez - 1961.opus
Juan D'Arienzo,Catorce de Diciembre,1961-07-05,D'Arienzo Juan/1960-1964/D'Arienzo - Catorce De Diciembre - Palma - 1961.opus
Juan D'Arienzo,Clavel del Aire,1963-06-10,D'Arienzo Juan/1960-1964/D'Arienzo - Clavel Del Aire - Valdez - 1963.opus
Juan D'Arienzo,Cumpleaños de Mi Esposa,1963-08-01,D'Arienzo Juan/1960-1964/D'Arienzo - Cumpleanos De Mi Esposa - Valdez - 1963.opus
Juan D'Arienzo,Déjame con Mis Centavos,1962-09-10,D'Arienzo Juan/1960-1964/D'Arienzo - Dejame Con Mis Centavos - Valdez - 1962.opus
Juan D'Arienzo,Derecho Viejo,1963-11-13,D'Arienzo Juan/1960-1964/D'Arienzo - Derecho Viejo - Instrumental - 1963.opus
Juan D'Arienzo,El Caramelito,1961-08-01,D'Arienzo Juan/1960-1964/D'Arienzo - El Caramelito - Valdez y Palma - 1961.opus
Juan D'Arienzo,El Choclo,1963-12-04,D'Arienzo Juan/1960-1964/D'Arienzo - El Choclo - Instrumental - 1963.opus
Juan D'Arienzo,El Entrerriano,1963-12-04,D'Arienzo Juan/1960-1964/D'Arienzo - El Entrerriano - Instrumental - 1963.opus
Juan D'Arienzo,El Irresistible,1963-11-13,D'Arienzo Juan/1960-1964/D'Arienzo - El Irresistible - Instrumental - 1963.opus
Juan D'Arienzo,El Pañuelito,1963-08-26,D'Arienzo Juan/1960-1964/D'Arienzo - El Panuelito - Valdez y Millan - 1963.opus
Juan D'Arienzo,El Vals de los Quince Años,1961-06-06,D'Arienzo Juan/1960-1964/D'Arienzo - El Vals De Los Quince Anos - Valdez - 1961.opus
Juan D'Arienzo,El Vino Triste,1960-06-27,D'Arienzo Juan/1960-1964/D'Arienzo - El Vino Triste - Palma - 1960.opus
Juan D'Arienzo,Estrella,1961-06-29,D'Arienzo Juan/1960-1964/D'Arienzo - Estrella - Valdez - 1961.opus
Juan D'Arienzo,Felicia,1963-11-06,D'Arienzo Juan/1960-1964/D'Arienzo - Felicia - Instrumental - 1963.opus
Juan D'Arienzo,Garronero,1961-06-09,D'Arienzo Juan/1960-1964/D'Arienzo - Garronero - Palma - 1961.opus
Juan D'Arienzo,Gran Señor,1961-08-10,D'Arienzo Juan/1960-1964/D'Arienzo - Gran Senor - Instrumental - 1961.opus
Juan D'Arienzo,Hola Ricurita,1962-11-13,D'Arienzo Juan/1960-1964/D'Arienzo - Hola Ricurita - Valdez - 1962.opus
Juan D'Arienzo,La Canción,1963-08-08,D'Arienzo Juan/1960-1964/D'Arienzo - La Cancion - Valdez - 1963.opus
Juan D'Arienzo,La Catrera,1963-12-10,D'Arienzo Juan/1960-1964/D'Arienzo - La Catrera - Instrumental - 1963.opus
Juan D'Arienzo,La Cumparsita,1963-12-10,D'Arienzo Juan/1960-1964/D'Arienzo - La Cumparsita - Instrumental - 1963.opus
Juan D'Arienzo,La Morocha,1963-11-13,D'Arienzo Juan/1960-1964/D'Arienzo - La Morocha - Instrumental - 1963.opus
Juan D'Arienzo,La Puñalada,1963-12-10,D'Arienzo Juan/1960-1964/D'Arienzo - La Punalada - Instrumental - 1963.opus
Juan D'Arienzo,Mi Vida Que Te Pasa,1961-10-09,D'Arienzo Juan/1960-1964/D'Arienzo - Mi Vida Que Te Pasa - Valdez - 1961.opus
Juan D'Arienzo,Mi Viejo Montevideo,1961-06-13,D'Arienzo Juan/1960-1964/D'Arienzo - Mi Viejo Montevideo - Instrumental - 1961.opus
Juan D'Arienzo,Mis Tres Marias,1961-07-11,D'Arienzo Juan/1960-1964/D'Arienzo - Mis Tres Marias - Palma - 1961.opus
Juan D'Arienzo,Nada,1964-06-30,D'Arienzo Juan/1960-1964/D'Arienzo - Nada - Valdez - 1964.opus
Juan D'Arienzo,Necesito Amor,1964-10-02,D'Arienzo Juan/1960-1964/D'Arienzo - Necesito Amor - Valdez - 1964.opus
Juan D'Arienzo,No Nos Veremos Más,1963-09-02,D'Arienzo Juan/1960-1964/D'Arienzo - No Nos Veremos Mas - Valdez - 1963.opus
Juan D'Arienzo,Paciencia,1961-08-10,D'Arienzo Juan/1960-1964/D'Arienzo - Paciencia - Palma - 1961.opus
Juan D'Arienzo,Pimienta,1963-12-17,D'Arienzo Juan/1960-1964/D'Arienzo - Pimienta - Instrumental - 1963.opus
Juan D'Arienzo,Plata y Luna,1961-08-01,D'Arienzo Juan/1960-1964/D'Arienzo - Plata Y Luna - Valdez - 1961.opus
Juan D'Arienzo,Poco y Bueno,1961-10-09,D'Arienzo Juan/1960-1964/D'Arienzo - Poco Y Bueno - Instrumental - 1961.opus
Juan D'Arienzo,Por Favor No Vuelvas,1961-12-27,D'Arienzo Juan/1960-1964/D'Arienzo - Por Favor No Vuelvas - Valdez - 1961.opus
Juan D'Arienzo,Puro Tango,1961-08-01,D'Arienzo Juan/1960-1964/D'Arienzo - Puro Tango - Instrumental - 1961.opus
Juan D'Arienzo,Qué Falta Que Me Hacés,1964-06-30,D'Arienzo Juan/1960-1964/D'Arienzo - Que Falta Que Me Haces - Valdez - 1964.opus
Juan D'Arienzo,Quemá Esas Cartas,1960-09-07,D'Arienzo Juan/1960-1964/D'Arienzo - Quema Esas Cartas - Valdez - 1960.opus
Juan D'Arienzo,Recuérdame Amor Mio,1961-11-06,D'Arienzo Juan/1960-1964/D'Arienzo - Recuerdame Amor Mio - Valdez - 1961.opus
Juan D'Arienzo,Rocio,1962-09-03,D'Arienzo Juan/1960-1964/D'Arienzo - Rocio - Valdez - 1962.opus
Juan D'Arienzo,Se Prendió la Colorada,1964-10-02,D'Arienzo Juan/1960-1964/D'Arienzo - Se Prendio la Colorada - Valdez y Laborde - 1964.opus
Juan D'Arienzo,Tambor Moreno,1964-10-02,D'Arienzo Juan/1960-1964/D'Arienzo - Tambor Moreno - Valdez y Laborde - 1964.opus
Juan D'Arienzo,Una Hora Más,1961-09-27,D'Arienzo Juan/1960-1964/D'Arienzo - Una Hora Mas - Valdez - 1961.opus
Juan D'Arienzo,Yuyo Brujo,1964-06-30,D'Arienzo Juan/1960-1964/D'Arienzo - Yuyo Brujo - Laborde - 1964.opus
Juan D'Arienzo,Adiós Bardi,1967-11-14,D'Arienzo Juan/1965-1969/D'Arienzo - Adios Bardi - Instrumental - 1967.opus
Juan D'Arienzo,Ahí Va el Dulce,1967-07-27,D'Arienzo Juan/1965-1969/D'Arienzo - Ahi Va El Dulce - Instrumental - 1967.opus
Juan D'Arienzo,Benguria,1966-08-03,D'Arienzo Juan/1965-1969/D'Arienzo - Benguria - Instrumental - 1966.opus
Juan D'Arienzo,Canaro en París,1967-11-28,D'Arienzo Juan/1965-1969/D'Arienzo - Canaro En Paris - Instrumental - 1967.opus
Juan D'Arienzo,Charamusca,1965-08-11,D'Arienzo Juan/1965-1969/D'Arienzo - Charamusca - Instrumental - 1965.opus
Juan D'Arienzo,De Mi Flor,1966-08-03,D'Arienzo Juan/1965-1969/D'Arienzo - De Mi Flor - Instrumental - 1966.opus
Juan D'Arienzo,De Puro Curda,1965-10-14,D'Arienzo Juan/1965-1969/D'Arienzo - De Puro Curda - Laborde - 1965.opus
Juan D'Arienzo,Dulce Novia,1969-08-01,D'Arienzo Juan/1965-1969/D'Arienzo - Dulce Novia - Ramos - 1969.opus
Juan D'Arienzo,El Amanecer,1966-07-25,D'Arienzo Juan/1965-1969/D'Arienzo - El Amanecer - Instrumental - 1966.opus
Juan D'Arienzo,El Chupete,1967-07-27,D'Arienzo Juan/1965-1969/D'Arienzo - El Chupete - Instrumental - 1967.opus
Juan D'Arienzo,El Horizonte,1967-08-21,D'Arienzo Juan/1965-1969/D'Arienzo - El Horizonte - Instrumental - 1967.opus
Juan D'Arienzo,El Internado,1965-08-27,D'Arienzo Juan/1965-1969/D'Arienzo - El Internado - Instrumental - 1965.opus
Juan D'Arienzo,El Once,1966-08-03,D'Arienzo Juan/1965-1969/D'Arienzo - El Once - Instrumental - 1966.opus
Juan D'Arienzo,El Oriental,1968-08-27,D'Arienzo Juan/1965-1969/D'Arienzo - El Oriental - Instrumental - 1968.opus
Juan D'Arienzo,El Pollito,1965-08-11,D'Arienzo Juan/1965-1969/D'Arienzo - El Pollito - Instrumental - 1965.opus
Juan D'Arienzo,El Tamango,1967-08-16,D'Arienzo Juan/1965-1969/D'Arienzo - El Tamango - Instrumental - 1967.opus
Juan D'Arienzo,El Triunfo,1965-08-12,D'Arienzo Juan/1965-1969/D'Arienzo - El Triunfo - Instrumental - 1965.opus
Juan D'Arienzo,Entre Dos Fuegos,1966-07-25,D'Arienzo Juan/1965-1969/D'Arienzo - Entre Dos Fuegos - Instrumental - 1966.opus
Juan D'Arienzo,Gallo Ciego,1969-09-18,D'Arienzo Juan/1965-1969/D'Arienzo - Gallo Ciego - Instrumental - 1969.opus
Juan D'Arienzo,Germaine,1969-10-20,D'Arienzo Juan/1965-1969/D'Arienzo - Germaine - Instrumental - 1969.opus
Juan D'Arienzo,Hotel Victoria,1966-08-03,D'Arienzo Juan/1965-1969/D'Arienzo - Hotel Victoria - Instrumental - 1966.opus
Juan D'Arienzo,Inspiración,1967-07-27,D'Arienzo Juan/1965-1969/D'Arienzo - Inspiracion - Instrumental - 1967.opus
Juan D'Arienzo,La Clavada,1967-08-16,D'Arienzo Juan/1965-1969/D'Arienzo - La Clavada - Instrumental - 1967.opus
Juan D'Arienzo,La Guitarrita,1967-08-16,D'Arienzo Juan/1965-1969/D'Arienzo - La Guitarrita - Instrumental - 1967.opus
Juan D'Arienzo,La Mariposa,1967-11-14,D'Arienzo Juan/1965-1969/D'Arienzo - La Mariposa - Ramos - 1967.opus
Juan D'Arienzo,La Payanca,1966-07-25,D'Arienzo Juan/1965-1969/D'Arienzo - La Payanca - Instrumental - 1966.opus
Juan D'Arienzo,La Racha,1967-08-02,D'Arienzo Juan/1965-1969/D'Arienzo - La Racha - Instrumental - 1967.opus
Juan D'Arienzo,La Viruta,1966-07-25,D'Arienzo Juan/1965-1969/D'Arienzo - La Viruta - Instrumental - 1966.opus
Juan D'Arienzo,Las Cuarenta,1969-08-01,D'Arienzo Juan/1965-1969/D'Arienzo - Las Cuarenta - Echague - 1969.opus
Juan D'Arienzo,Nueve de Julio,1966-08-03,D'Arienzo Juan/1965-1969/D'Arienzo - Nueve De Julio - Instrumental - 1966.opus
Juan D'Arienzo,Organito de la Tarde,1967-07-27,D'Arienzo Juan/1965-1969/D'Arienzo - Organito De La Tarde - Instrumental - 1967.opus
Juan D'Arienzo,Papas Calientes,1967-07-27,D'Arienzo Juan/1965-1969/D'Arienzo - Papas Calientes - Instrumental - 1967.opus
Juan D'Arienzo,Pura Trampa,1966-08-03,D'Arienzo Juan/1965-1969/D'Arienzo - Pura Trampa - Instrumental - 1966.opus
Juan D'Arienzo,Qué Noche,1967-07-27,D'Arienzo Juan/1965-1969/D'Arienzo - Que Noche - Instrumental - 1967.opus
Juan D'Arienzo,Rodríguez Peña,1966-07-25,D'Arienzo Juan/1965-1969/D'Arienzo - Rodriguez Pena - Instrumental - 1966.opus
Juan D'Arienzo,Sollozos,1967-08-21,D'Arienzo Juan/1965-1969/D'Arienzo - Sollozos - Instrumental - 1967.opus
Juan D'Arienzo,Tigre Viejo,1969-09-18,D'Arienzo Juan/1965-1969/D'Arienzo - Tigre Viejo - Instrumental - 1969.opus
Juan D'Arienzo,Tinta Verde,1967-11-14,D'Arienzo Juan/1965-1969/D'Arienzo - Tinta Verde - Instrumental - 1967.opus
Juan D'Arienzo,Vea Vea,1966-07-25,D'Arienzo Juan/1965-1969/D'Arienzo - Vea Vea - Instrumental - 1966.opus
Juan D'Arienzo,Bar Exposición,1973-12-14,D'Arienzo Juan/1970-1974/D'Arienzo - Bar Exposicion - Instrumental - 1973.opus
Juan D'Arienzo,Criolla Linda,1970-10-29,D'Arienzo Juan/1970-1974/D'Arienzo - Criolla Linda - Instrumental - 1970.opus
Juan D'Arienzo,El Estagiario,1970-08-21,D'Arienzo Juan/1970-1974/D'Arienzo - El Estagiario - Instrumental - 1970.opus
Juan D'Arienzo,El Pillete,1973-12-14,D'Arienzo Juan/1970-1974/D'Arienzo - El Pillete - Instrumental - 1973.opus
Juan D'Arienzo,Elegante Papirusa,1970-12-16,D'Arienzo Juan/1970-1974/D'Arienzo - Elegante Papirusa - Instrumental - 1970.opus
Juan D'Arienzo,Entre Sueños,1972-12-14,D'Arienzo Juan/1970-1974/D'Arienzo - Entre Suenos - Instrumental - 1972.opus
Juan D'Arienzo,Este Es el Rey,1971-11-26,D'Arienzo Juan/1970-1974/D'Arienzo - Este Es El Rey - Instrumental - 1971.opus
Juan D'Arienzo,La Guiñada,1973-12-14,D'Arienzo Juan/1970-1974/D'Arienzo - La Guinada - Instrumental - 1973.opus
Juan D'Arienzo,La Torcacita,1971-09-16,D'Arienzo Juan/1970-1974/D'Arienzo - La Torcacita - Instrumental - 1971.opus
Juan D'Arienzo,Mi Dolor,1972-12-14,D'Arienzo Juan/1970-1974/D'Arienzo - Mi Dolor - Ramos - 1972.opus
Juan D'Arienzo,Milonga de Mis Amores,1970-12-16,D'Arienzo Juan/1970-1974/D'Arienzo - Milonga De Mis Amores - Instrumental - 1970.opus
Juan D'Arienzo,Primerísimo,1973-12-14,D'Arienzo Juan/1970-1974/D'Arienzo - Primerisimo - Instrumental - 1973.opus
Juan D'Arienzo,Re Fa Si,1972-12-14,D'Arienzo Juan/1970-1974/D'Arienzo - Re Fa Si - Instrumental - 1972.opus
Juan D'Arienzo,Señor del Compas,1972-12-14,D'Arienzo Juan/1970-1974/D'Arienzo - Senor Del Compas - Ramos - 1972.opus
Juan D'Arienzo,Viernes Trece,1973-12-14,D'Arienzo Juan/1970-1974/D'Arienzo - Viernes Trece - Instrumental - 1973.opus
Juan D'Arienzo,Zorro Gris,1973-12-14,D'Arienzo Juan/1970-1974/D'Arienzo - Zorro Gris - Instrumental - 1973.opus
Alfredo De Angelis,Bajo el Cono Azul,2/29/1944,De Angelis Alfredo/1940-1944/De Angelis - Bajo el Cono Azul - Ruiz y Rodi - 1944.opus
Alfredo De Angelis,Buenos Aires de Ayer,8/10/1943,De Angelis Alfredo/1940-1944/De Angelis - Buenos Aires de Ayer - Martel y Rodi - 1943.opus
Alfredo De Angelis,Campanita,10/10/1944,De Angelis Alfredo/1940-1944/De Angelis - Campanita - Martel - 1944.opus
Alfredo De Angelis,Cero Al As,4/28/1944,De Angelis Alfredo/1940-1944/De Angelis - Cero Al As - Ruiz - 1944.opus
Alfredo De Angelis,Cruz de Palo,11/23/1944,De Angelis Alfredo/1940-1944/De Angelis - Cruz De Palo - Dante - 1944.opus
Alfredo De Angelis,De Igual a Igual,7/31/1944,De Angelis Alfredo/1940-1944/De Angelis - De Igual a Igual - Martel y Rodi - 1944.opus
Alfredo De Angelis,Dejame Así,8/10/1943,De Angelis Alfredo/1940-1944/De Angelis - Dejame Asi - Ruiz - 1943.opus
Alfredo De Angelis,El Tropero del Amor,8/29/1944,De Angelis Alfredo/1940-1944/De Angelis - El Tropero Del Amor - Dante - 1944.opus
Alfredo De Angelis,La Cumparsita,6/3/1944,De Angelis Alfredo/1940-1944/De Angelis - La Cumparsita - Rodi - 1944.opus
Alfredo De Angelis,La Guitarrera,7/31/1944,De Angelis Alfredo/1940-1944/De Angelis - La Guitarrera - Ruiz - 1944.opus
Alfredo De Angelis,Madre,6/3/1944,De Angelis Alfredo/1940-1944/De Angelis - Madre - Ruiz - 1944.opus
Alfredo De Angelis,Marioneta,7/23/1943,De Angelis Alfredo/1940-1944/De Angelis - Marioneta - Ruiz - 1943.opus
Alfredo De Angelis,Melenita de Oro,10/10/1944,De Angelis Alfredo/1940-1944/De Angelis - Melenita De Oro - Dante - 1944.opus
Alfredo De Angelis,Mi Novia de Ayer,4/28/1944,De Angelis Alfredo/1940-1944/De Angelis - Mi Novia De Ayer - Ruiz - 1944.opus
Alfredo De Angelis,Parece un Cuento,11/23/1944,De Angelis Alfredo/1940-1944/De Angelis - Parece un Cuento - Martel - 1944.opus
Alfredo De Angelis,Pura Maña,11/4/1943,De Angelis Alfredo/1940-1944/De Angelis - Pura Mana - Instrumental - 1943.opus
Alfredo De Angelis,Soñar y Nada Más,8/29/1944,De Angelis Alfredo/1940-1944/De Angelis - Sonar Y Nada Mas - Dante y Martel - 1944.opus
Alfredo De Angelis,Va Llegando Gente Al Baile,12/18/1944,De Angelis Alfredo/1940-1944/De Angelis - Va Llegando Gente al Baile - Martel - 1944.opus
Alfredo De Angelis,Ya Sé Que Siguen Hablando,2/29/1944,De Angelis Alfredo/1940-1944/De Angelis - Ya Se Que Siguen Hablando - Martel - 1944.opus
Alfredo De Angelis,A Magaldi,10/21/1947,De Angelis Alfredo/1945-1949/De Angelis - A Magaldi - Dante y Martel - 1947.opus
Alfredo De Angelis,A su Memoria,4/23/1947,De Angelis Alfredo/1945-1949/De Angelis - A su Memoria - Dante - 1947.opus
Alfredo De Angelis,Acordes Porteños,5/4/1945,De Angelis Alfredo/1945-1949/De Angelis - Acordes Portenos - Martel - 1945.opus
Alfredo De Angelis,Adiós Marinero,12/27/1946,De Angelis Alfredo/1945-1949/De Angelis - Adios Marinero - Dante y Martel - 1946.opus
Alfredo De Angelis,Adiós Vidalita,12/23/1949,De Angelis Alfredo/1945-1949/De Angelis - Adios Vidalita - Dante - 1949.opus
Alfredo De Angelis,Al Pie de la Santa Cruz,12/23/1949,De Angelis Alfredo/1945-1949/De Angelis - Al Pie De La Santa Cruz - Dante - 1949.opus
Alfredo De Angelis,Alelí,3/20/1947,De Angelis Alfredo/1945-1949/De Angelis - Aleli - Dante - 1947.opus
Alfredo De Angelis,Allá en el Bajo,6/2/1949,De Angelis Alfredo/1945-1949/De Angelis - Alla En El Bajo - Dante - 1949.opus
Alfredo De Angelis,Altar Sin Luz,6/8/1945,De Angelis Alfredo/1945-1949/De Angelis - Altar Sin Luz - Martel - 1945.opus
Alfredo De Angelis,Amigazo,9/26/1949,De Angelis Alfredo/1945-1949/De Angelis - Amigazo - Dante - 1949.opus
Alfredo De Angelis,Así Es Ninón,9/25/1946,De Angelis Alfredo/1945-1949/De Angelis - Asi Es Ninon - Dante - 1946.opus
Alfredo De Angelis,Atenti Pebeta,8/16/1949,De Angelis Alfredo/1945-1949/De Angelis - Atenti Pebeta - Martel - 1949.opus
Alfredo De Angelis,Bajo Belgrano,4/20/1949,De Angelis Alfredo/1945-1949/De Angelis - Bajo Belgrano - Martel - 1949.opus
Alfredo De Angelis,Buscando Perdón,9/26/1949,De Angelis Alfredo/1945-1949/De Angelis - Buscando Perdon - Dante - 1949.opus
Alfredo De Angelis,Carga,12/6/1949,De Angelis Alfredo/1945-1949/De Angelis - Carga - Dante - 1949.opus
Alfredo De Angelis,Carnaval,3/1/1946,De Angelis Alfredo/1945-1949/De Angelis - Carnaval - Dante - 1946.opus
Alfredo De Angelis,Chorra,12/27/1946,De Angelis Alfredo/1945-1949/De Angelis - Chorra - Martel - 1946.opus
Alfredo De Angelis,Cien Guitarras,7/3/1947,De Angelis Alfredo/1945-1949/De Angelis - Cien Guitarras - Dante y Martel - 1947.opus
Alfredo De Angelis,Compadrón,8/16/1949,De Angelis Alfredo/1945-1949/De Angelis - Compadron - Dante - 1949.opus
Alfredo De Angelis,Con Alma de Tango,6/28/1946,De Angelis Alfredo/1945-1949/De Angelis - Con Alma De Tango - Dante - 1946.opus
Alfredo De Angelis,Cristal y Luna,6/11/1948,De Angelis Alfredo/1945-1949/De Angelis - Cristal Y Luna - Dante - 1948.opus
Alfredo De Angelis,Cuando Tú Me Quieras,3/26/1945,De Angelis Alfredo/1945-1949/De Angelis - Cuando Tu Me Quieras - Dante - 1945.opus
Alfredo De Angelis,Cuatro Líneas Para el Cielo,12/17/1948,De Angelis Alfredo/1945-1949/De Angelis - Cuatro Lineas Para El Cielo - Dante - 1948.opus
Alfredo De Angelis,Del Pasado [B],11/13/1945,De Angelis Alfredo/1945-1949/De Angelis - Del Pasado [B] - Dante y Martel - 1945.opus
Alfredo De Angelis,El Chañar,6/28/1946,De Angelis Alfredo/1945-1949/De Angelis - El Chanar - Instrumental - 1946.opus
Alfredo De Angelis,El Ciruja,6/2/1949,De Angelis Alfredo/1945-1949/De Angelis - El Ciruja - Martel - 1949.opus
Alfredo De Angelis,El Entrerriano,1/7/1946,De Angelis Alfredo/1945-1949/De Angelis - El Entrerriano - Instrumental - 1946.opus
Alfredo De Angelis,El Huracán,9/21/1948,De Angelis Alfredo/1945-1949/De Angelis - El Huracan - Instrumental - 1948.opus
Alfredo De Angelis,El Mayoral del Tranvía,4/26/1946,De Angelis Alfredo/1945-1949/De Angelis - El Mayoral Del Tranvia - Martel - 1946.opus
Alfredo De Angelis,El Pial,1/9/1945,De Angelis Alfredo/1945-1949/De Angelis - El Pial - Instrumental - 1945.opus
Alfredo De Angelis,El Taladro,9/25/1946,De Angelis Alfredo/1945-1949/De Angelis - El Taladro - Instrumental - 1946.opus
Alfredo De Angelis,Esa Noche,5/24/1946,De Angelis Alfredo/1945-1949/De Angelis - Esa Noche - Martel - 1946.opus
Alfredo De Angelis,Esta Vuelta Pago Yo,10/21/1947,De Angelis Alfredo/1945-1949/De Angelis - Esta Vuelta Pago Yo - Dante - 1947.opus
Alfredo De Angelis,Flores del Alma,7/3/1947,De Angelis Alfredo/1945-1949/De Angelis - Flores Del Alma - Dante y Martel - 1947.opus
Alfredo De Angelis,Fruto Dulce,12/23/1947,De Angelis Alfredo/1945-1949/De Angelis - Fruto Dulce - Dante y Martel - 1947.opus
Alfredo De Angelis,Hoy Al Recordarla,3/1/1946,De Angelis Alfredo/1945-1949/De Angelis - Hoy Al Recordarla - Martel - 1946.opus
Alfredo De Angelis,Ilusión Azul,6/8/1945,De Angelis Alfredo/1945-1949/De Angelis - Ilusion Azul - Dante - 1945.opus
Alfredo De Angelis,Justicia Criolla,11/7/1946,De Angelis Alfredo/1945-1949/De Angelis - Justicia Criolla - Dante - 1946.opus
Alfredo De Angelis,La Brisa,4/26/1946,De Angelis Alfredo/1945-1949/De Angelis - La Brisa - Dante - 1946.opus
Alfredo De Angelis,La Mañana,1/9/1945,De Angelis Alfredo/1945-1949/De Angelis - La Manana - Martel - 1945.opus
Alfredo De Angelis,La Novia Ausente,6/6/1947,De Angelis Alfredo/1945-1949/De Angelis - La Novia Ausente - Martel - 1947.opus
Alfredo De Angelis,La Vida Me Engañó,8/23/1946,De Angelis Alfredo/1945-1949/De Angelis - La Vida Me Engano - Martel - 1946.opus
Alfredo De Angelis,Lunes,6/6/1947,De Angelis Alfredo/1945-1949/De Angelis - Lunes - Dante - 1947.opus
Alfredo De Angelis,Mano a Mano,12/27/1946,De Angelis Alfredo/1945-1949/De Angelis - Mano A Mano - Dante - 1946.opus
Alfredo De Angelis,Melodía Gris,7/11/1946,De Angelis Alfredo/1945-1949/De Angelis - Melodia Gris - Martel - 1946.opus
Alfredo De Angelis,Mentiras Piadosas,10/29/1945,De Angelis Alfredo/1945-1949/De Angelis - Mentiras Piadosas - Dante - 1945.opus
Alfredo De Angelis,Mi Cariñito,5/12/1949,De Angelis Alfredo/1945-1949/De Angelis - Mi Carinito - Dante y Martel - 1949.opus
Alfredo De Angelis,Misa de Once,10/14/1949,De Angelis Alfredo/1945-1949/De Angelis - Misa De Once - Martel - 1949.opus
Alfredo De Angelis,Mocosita,4/20/1949,De Angelis Alfredo/1945-1949/De Angelis - Mocosita - Dante - 1949.opus
Alfredo De Angelis,Nieve de Amor,1/9/1945,De Angelis Alfredo/1945-1949/De Angelis - Nieve de Amor - Dante - 1945.opus
Alfredo De Angelis,No Me Importa su Amor,1/9/1945,De Angelis Alfredo/1945-1949/De Angelis - No Me Importa su Amor - Dante - 1945.opus
Alfredo De Angelis,No Te Perdono Más,7/23/1948,De Angelis Alfredo/1945-1949/De Angelis - No Te Perdono Mas - Martel - 1948.opus
Alfredo De Angelis,Para Mí Lo Mismo Da,3/29/1946,De Angelis Alfredo/1945-1949/De Angelis - Para Mi Lo Mismo Da - Dante - 1946.opus
Alfredo De Angelis,Para Qué Te Quiero Tanto,11/13/1945,De Angelis Alfredo/1945-1949/De Angelis - Para Que Te Quiero Tanto - Dante - 1945.opus
Alfredo De Angelis,Para Ti Madre,7/23/1948,De Angelis Alfredo/1945-1949/De Angelis - Para Ti Madre - Dante - 1948.opus
Alfredo De Angelis,Pastora,4/16/1948,De Angelis Alfredo/1945-1949/De Angelis - Pastora - Dante y Martel - 1948.opus
Alfredo De Angelis,Pequeña,10/14/1949,De Angelis Alfredo/1945-1949/De Angelis - Pequena - Dante - 1949.opus
Alfredo De Angelis,Pinche,8/20/1947,De Angelis Alfredo/1945-1949/De Angelis - Pinche - Instrumental - 1947.opus
Alfredo De Angelis,Pobre Flor,1/7/1946,De Angelis Alfredo/1945-1949/De Angelis - Pobre Flor - Dante y Martel - 1946.opus
Alfredo De Angelis,Por Eso Grito,8/10/1945,De Angelis Alfredo/1945-1949/De Angelis - Por Eso Grito - Martel - 1945.opus
Alfredo De Angelis,Pregonera,3/26/1945,De Angelis Alfredo/1945-1949/De Angelis - Pregonera - Dante y Martel - 1945.opus
Alfredo De Angelis,Remolino,5/24/1946,De Angelis Alfredo/1945-1949/De Angelis - Remolino - Dante y Martel - 1946.opus
Alfredo De Angelis,Rendido,9/11/1945,De Angelis Alfredo/1945-1949/De Angelis - Rendido - Martel - 1945.opus
Alfredo De Angelis,Rosicler,11/7/1946,De Angelis Alfredo/1945-1949/De Angelis - Rosicler - Martel - 1946.opus
Alfredo De Angelis,Sentencia,8/20/1947,De Angelis Alfredo/1945-1949/De Angelis - Sentencia - Dante - 1947.opus
Alfredo De Angelis,Soy un Arlequín,9/11/1945,De Angelis Alfredo/1945-1949/De Angelis - Soy Un Arlequin - Dante - 1945.opus
Alfredo De Angelis,Un Tango y Nada Más,7/17/1945,De Angelis Alfredo/1945-1949/De Angelis - Un Tango Y Nada Mas - Martel - 1945.opus
Alfredo De Angelis,Vieja Luna,8/31/1945,De Angelis Alfredo/1945-1949/De Angelis - Vieja Luna - Dante - 1945.opus
Alfredo De Angelis,Ya Estamos Iguales,5/4/1945,De Angelis Alfredo/1945-1949/De Angelis - Ya Estamos Iguales - Dante - 1945.opus
Alfredo De Angelis,Yo También Carrero Fui,12/13/1946,De Angelis Alfredo/1945-1949/De Angelis - Yo Tambien Carrero Fui - Martel - 1946.opus
Alfredo De Angelis,Sonsa,5/30/1952,De Angelis Alfredo/1950-1954/14 - Alfredo De Angelis - Sonsa.opus
Alfredo De Angelis,A Tu Recuerdo,11/25/1954,De Angelis Alfredo/1950-1954/De Angelis - A Tu Recuerdo - Dante - 1954.opus
Alfredo De Angelis,Almagro,10/23/1951,De Angelis Alfredo/1950-1954/De Angelis - Almagro - Larroca - 1951.opus
Alfredo De Angelis,Amor de Cielo,3/15/1954,De Angelis Alfredo/1950-1954/De Angelis - Amor De Cielo - Dante - 1954.opus
Alfredo De Angelis,Bailarín Compadrito,6/11/1953,De Angelis Alfredo/1950-1954/De Angelis - Bailarin Compadrito - Larroca - 1953.opus
Alfredo De Angelis,Bésame en la Boca,5/19/1950,De Angelis Alfredo/1950-1954/De Angelis - Besame En La Boca - Dante - 1950.opus
Alfredo De Angelis,Caminito del Taller,7/11/1951,De Angelis Alfredo/1950-1954/De Angelis - Caminito Del Taller - Dante - 1951.opus
Alfredo De Angelis,Chau,8/1/1954,De Angelis Alfredo/1950-1954/De Angelis - Chau - Larroca - 1954.opus
Alfredo De Angelis,Como la Caperucita,11/10/1950,De Angelis Alfredo/1950-1954/De Angelis - Como La Caperucita - Dante y Martel - 1950.opus
Alfredo De Angelis,Como la Margarita,11/25/1952,De Angelis Alfredo/1950-1954/De Angelis - Como la Margarita - Dante y Larroca - 1952.opus
Alfredo De Angelis,Cómo Nos Cambia la Vida,5/6/1953,De Angelis Alfredo/1950-1954/De Angelis - Como Nos Cambia La Vida - Larroca - 1953.opus
Alfredo De Angelis,Cuando Llora la Milonga,7/1/1952,De Angelis Alfredo/1950-1954/De Angelis - Cuando Llora La Milonga - Instrumental - 1952.opus
Alfredo De Angelis,Cuando Te Fuiste,3/15/1954,De Angelis Alfredo/1950-1954/De Angelis - Cuando Te Fuiste - Larroca - 1954.opus
Alfredo De Angelis,El Choclo,8/5/1952,De Angelis Alfredo/1950-1954/De Angelis - El Choclo - Instrumental - 1952.opus
Alfredo De Angelis,El Once,11/14/1952,De Angelis Alfredo/1950-1954/De Angelis - El Once - Instrumental - 1952.opus
Alfredo De Angelis,El Otario,6/7/1950,De Angelis Alfredo/1950-1954/De Angelis - El Otario - Instrumental - 1950.opus
Alfredo De Angelis,En Tus Brazos,10/15/1954,De Angelis Alfredo/1950-1954/De Angelis - En Tus Brazos - Larroca - 1954.opus
Alfredo De Angelis,Entrá Nomás,10/23/1951,De Angelis Alfredo/1950-1954/De Angelis - Entra Nomas - Larroca - 1951.opus
Alfredo De Angelis,Felisa Tolosa,10/15/1954,De Angelis Alfredo/1950-1954/De Angelis - Felisa Tolosa - Dante - 1954.opus
Alfredo De Angelis,Flor de Fango,5/10/1951,De Angelis Alfredo/1950-1954/De Angelis - Flor De Fango - Larroca - 1951.opus
Alfredo De Angelis,Gloria,3/28/1950,De Angelis Alfredo/1950-1954/De Angelis - Gloria - Dante - 1950.opus
Alfredo De Angelis,Guardia Vieja,9/3/1954,De Angelis Alfredo/1950-1954/De Angelis - Guardia Vieja - Instrumental - 1954.opus
Alfredo De Angelis,Hacelo Por la Vieja,11/14/1952,De Angelis Alfredo/1950-1954/De Angelis - Hacelo Por La Vieja - Larroca - 1952.opus
Alfredo De Angelis,Imaginación,12/12/1950,De Angelis Alfredo/1950-1954/De Angelis - Imaginacion - Instrumental - 1950.opus
Alfredo De Angelis,Jorge Duval,4/19/1950,De Angelis Alfredo/1950-1954/De Angelis - Jorge Duval - Instrumental - 1950.opus
Alfredo De Angelis,La Flauta de Bartolo,4/15/1952,De Angelis Alfredo/1950-1954/De Angelis - La Flauta De Bartolo - Dante y Larroca - 1952.opus
Alfredo De Angelis,La Loba,7/3/1953,De Angelis Alfredo/1950-1954/De Angelis - La Loba - Instrumental - 1953.opus
Alfredo De Angelis,La Marcha Nupcial,6/7/1950,De Angelis Alfredo/1950-1954/De Angelis - La Marcha Nupcial - Dante - 1950.opus
Alfredo De Angelis,La Misma Tarde,11/12/1951,De Angelis Alfredo/1950-1954/De Angelis - La Misma Tarde - Dante y Larroca - 1951.opus
Alfredo De Angelis,La Novena,11/5/1953,De Angelis Alfredo/1950-1954/De Angelis - La Novena - Dante - 1953.opus
Alfredo De Angelis,Largaron,12/12/1950,De Angelis Alfredo/1950-1954/De Angelis - Largaron - Instrumental - 1950.opus
Alfredo De Angelis,Lina,10/8/1952,De Angelis Alfredo/1950-1954/De Angelis - Lina - Dante y Larroca - 1952.opus
Alfredo De Angelis,Llevátelo Todo,5/10/1951,De Angelis Alfredo/1950-1954/De Angelis - Llevatelo Todo - Larroca - 1951.opus
Alfredo De Angelis,Lo Llevo en la Sangre,5/6/1953,De Angelis Alfredo/1950-1954/De Angelis - Lo Llevo En La Sangre - Dante - 1953.opus
Alfredo De Angelis,Malambo,9/3/1954,De Angelis Alfredo/1950-1954/De Angelis - Malambo - Dante y Larroca - 1954.opus
Alfredo De Angelis,Mañanita Linda,7/3/1953,De Angelis Alfredo/1950-1954/De Angelis - Mananita Linda - Dante y Larroca - 1953.opus
Alfredo De Angelis,Marcao,11/5/1953,De Angelis Alfredo/1950-1954/De Angelis - Marcao - Larroca - 1953.opus
Alfredo De Angelis,Medallita de la Suerte,5/20/1952,De Angelis Alfredo/1950-1954/De Angelis - Medallita De La Suerte - Larroca - 1952.opus
Alfredo De Angelis,Mentira,9/7/1954,De Angelis Alfredo/1950-1954/De Angelis - Mentira - Larroca - 1954.opus
Alfredo De Angelis,Mi Ambición,5/19/1954,De Angelis Alfredo/1950-1954/De Angelis - Mi Ambicion - Dante y Larroca - 1954.opus
Alfredo De Angelis,Miguelito el Arriero,11/5/1951,De Angelis Alfredo/1950-1954/De Angelis - Miguelito El Arriero - Dante y Larroca - 1951.opus
Alfredo De Angelis,No Vuelvas María,4/16/1950,De Angelis Alfredo/1950-1954/De Angelis - No vuelvas Maria - Dante y Martel - 1950.opus
Alfredo De Angelis,Nobleza de Arrabal,12/1/1954,De Angelis Alfredo/1950-1954/De Angelis - Nobleza de Arrabal - Dante - 1954.opus
Alfredo De Angelis,Noche Callada,10/6/1953,De Angelis Alfredo/1950-1954/De Angelis - Noche Callada - Dante y Larroca - 1953.opus
Alfredo De Angelis,Noche de Locura,11/25/1954,De Angelis Alfredo/1950-1954/De Angelis - Noche De Locura - Larroca - 1954.opus
Alfredo De Angelis,Nueve de Julio,7/20/1950,De Angelis Alfredo/1950-1954/De Angelis - Nueve De Julio - Instrumental - 1950.opus
Alfredo De Angelis,Nunca Te Podré Olvidar,9/22/1950,De Angelis Alfredo/1950-1954/De Angelis - Nunca Te Podre Olvidar - Dante - 1950.opus
Alfredo De Angelis,Olga,12/28/1954,De Angelis Alfredo/1950-1954/De Angelis - Olga - Instrumental - 1954.opus
Alfredo De Angelis,Oración Rante,6/23/1954,De Angelis Alfredo/1950-1954/De Angelis - Oracion Rante - Larroca - 1954.opus
Alfredo De Angelis,Oyeme Mamá,12/23/1952,De Angelis Alfredo/1950-1954/De Angelis - Oyeme Mama - Dante - 1952.opus
Alfredo De Angelis,Pa' Mí Es Igual,5/20/1952,De Angelis Alfredo/1950-1954/De Angelis - Pa' Mi Es Igual - Larroca - 1952.opus
Alfredo De Angelis,Para Ustedes,11/25/1952,De Angelis Alfredo/1950-1954/De Angelis - Para Ustedes - Instrumental - 1952.opus
Alfredo De Angelis,Pasional,11/3/1951,De Angelis Alfredo/1950-1954/De Angelis - Pasional - Larroca - 1951.opus
Alfredo De Angelis,Patrona,5/29/1951,De Angelis Alfredo/1950-1954/De Angelis - Patrona - Dante - 1951.opus
Alfredo De Angelis,Pobre de Ellos,4/15/1952,De Angelis Alfredo/1950-1954/De Angelis - Pobre De Ellos - Dante - 1952.opus
Alfredo De Angelis,Por Eso Te Quiero,12/18/1953,De Angelis Alfredo/1950-1954/De Angelis - Por Eso Te Quiero - Dante - 1953.opus
Alfredo De Angelis,Por Qué Doblan las Campanas,5/29/1951,De Angelis Alfredo/1950-1954/De Angelis - Por Que Doblan Las Campanas - Dante y Larroca - 1951.opus
Alfredo De Angelis,Por Qué Me Das Dique,5/10/1951,De Angelis Alfredo/1950-1954/De Angelis - Por Que Me Das Dique - Larroca - 1951.opus
Alfredo De Angelis,Prohibido,10/6/1953,De Angelis Alfredo/1950-1954/De Angelis - Prohibido - Larroca - 1953.opus
Alfredo De Angelis,Qué Lento Corre el Tren,5/19/1954,De Angelis Alfredo/1950-1954/De Angelis - Que Lento Corre el Tren - Dante - 1954.opus
Alfredo De Angelis,Que Nadie Se Entere,11/25/1952,De Angelis Alfredo/1950-1954/De Angelis - Que Nadie Se Entere - Larroca - 1952.opus
Alfredo De Angelis,Que Nadie Sepa Mi Sufrir,12/18/1953,De Angelis Alfredo/1950-1954/De Angelis - Que Nadie Sepa Mi Sufrir - Dante - 1953.opus
Alfredo De Angelis,Quién Más Quién Menos,4/14/1953,De Angelis Alfredo/1950-1954/De Angelis - Quien Mas Quien Menos - Dante - 1953.opus
Alfredo De Angelis,Rayito,11/14/1952,De Angelis Alfredo/1950-1954/De Angelis - Rayito - Instrumental - 1952.opus
Alfredo De Angelis,Remembranza,12/28/1954,De Angelis Alfredo/1950-1954/De Angelis - Remembranza - Dante - 1954.opus
Alfredo De Angelis,Seis de Enero,10/8/1952,De Angelis Alfredo/1950-1954/De Angelis - Seis De Enero - Dante - 1952.opus
Alfredo De Angelis,Selección de Tangos [B],12/4/1953,De Angelis Alfredo/1950-1954/De Angelis - Seleccion de Tangos [B] - Dante y Larroca - 1953.opus
Alfredo De Angelis,Selección de Tangos Camperos,8/4/1954,De Angelis Alfredo/1950-1954/De Angelis - Seleccion De Tangos Camperos - Dante y Larroca - 1954.opus
Alfredo De Angelis,Selección de Tangos de Enrique Delfino,11/10/1950,De Angelis Alfredo/1950-1954/De Angelis - Seleccion de Tangos de Enrique Delfino - Dante y Martel - 1950.opus
Alfredo De Angelis,Selección de Valses,8/26/1953,De Angelis Alfredo/1950-1954/De Angelis - Seleccion de Valses - Dante y Larroca - 1953.opus
Alfredo De Angelis,Sos Bueno Vos También,3/28/1950,De Angelis Alfredo/1950-1954/De Angelis - Sos Bueno Vos Tambien - Martel - 1950.opus
Alfredo De Angelis,Soy una Fiera,4/21/1954,De Angelis Alfredo/1950-1954/De Angelis - Soy Una Fiera - Larroca - 1954.opus
Alfredo De Angelis,Telarañas,5/29/1951,De Angelis Alfredo/1950-1954/De Angelis - Telaranas - Dante y Larroca - 1951.opus
Alfredo De Angelis,Tradición,8/5/1952,De Angelis Alfredo/1950-1954/De Angelis - Tradicion - Dante y Larroca - 1952.opus
Alfredo De Angelis,Trapo Viejo,8/5/1952,De Angelis Alfredo/1950-1954/De Angelis - Trapo Viejo - Dante - 1952.opus
Alfredo De Angelis,Tus Besos Fueron Míos,11/14/1952,De Angelis Alfredo/1950-1954/De Angelis - Tus Besos Fueron Mios - Dante - 1952.opus
Alfredo De Angelis,Un Cacho 'E Tango,5/30/1952,De Angelis Alfredo/1950-1954/De Angelis - Un Cacho 'E Tango - Dante - 1952.opus
Alfredo De Angelis,Una Señora Milonga,12/1/1954,De Angelis Alfredo/1950-1954/De Angelis - Una Senora Milonga - Dante y Larroca - 1954.opus
Alfredo De Angelis,Verdad Que No,12/23/1952,De Angelis Alfredo/1950-1954/De Angelis - Verdad Que No - Dante - 1952.opus
Alfredo De Angelis,Viejo Rincón,4/14/1953,De Angelis Alfredo/1950-1954/De Angelis - Viejo Rincon - Larroca - 1953.opus
Alfredo De Angelis,Virgen de la Serranía,9/22/1950,De Angelis Alfredo/1950-1954/De Angelis - Virgen De La Serrania - Dante y Martel - 1950.opus
Alfredo De Angelis,Visión,12/7/1953,De Angelis Alfredo/1950-1954/De Angelis - Vision - Larroca - 1953.opus
Alfredo De Angelis,Volvamos a Empezar,12/7/1953,De Angelis Alfredo/1950-1954/De Angelis - Volvamos A Empezar - Larroca - 1953.opus
Alfredo De Angelis,Zorro Gris,7/1/1952,De Angelis Alfredo/1950-1954/De Angelis - Zorro Gris - Larroca - 1952.opus
Alfredo De Angelis,A Media Luz,8/16/1956,De Angelis Alfredo/1955-1959/De Angelis - A Media Luz - 1956.opus
Alfredo De Angelis,A Mi Padre,11/2/1955,De Angelis Alfredo/1955-1959/De Angelis - A Mi Padre - Larroca - 1955.opus
Alfredo De Angelis,Adiós Adiós,7/13/1955,De Angelis Alfredo/1955-1959/De Angelis - Adios Adios - Dante y Larroca - 1955.opus
Alfredo De Angelis,Adiós Querida,11/9/1956,De Angelis Alfredo/1955-1959/De Angelis - Adios Querida - Dante y Larroca - 1956.opus
Alfredo De Angelis,Aguantate Casimiro,4/7/1958,De Angelis Alfredo/1955-1959/De Angelis - Aguantate Casimiro - Larroca - 1958.opus
Alfredo De Angelis,Al Mundo Le Falta un Tornillo,7/20/1959,De Angelis Alfredo/1955-1959/De Angelis - Al Mundo Le Falta Un Tornillo - Martel - 1959.opus
Alfredo De Angelis,Amarrete,11/13/1959,De Angelis Alfredo/1955-1959/De Angelis - Amarrete - 1959.opus
Alfredo De Angelis,Amor de Marinero,12/11/1958,De Angelis Alfredo/1955-1959/De Angelis - Amor De Marinero - Florio - 1958.opus
Alfredo De Angelis,Arrabalero,4/29/1957,De Angelis Alfredo/1955-1959/De Angelis - Arrabalero - Larroca - 1957.opus
Alfredo De Angelis,Bajo el Cono Azul,11/5/1958,De Angelis Alfredo/1955-1959/De Angelis - Bajo El Cono Azul - Florio - 1958.opus
Alfredo De Angelis,Café Para Dos,10/29/1956,De Angelis Alfredo/1955-1959/De Angelis - Cafe Para Dos - Larroca - 1956.opus
Alfredo De Angelis,Caído del Cielo,4/26/1955,De Angelis Alfredo/1955-1959/De Angelis - Caido Del Cielo - Instrumental - 1955.opus
Alfredo De Angelis,Caminito,6/23/1955,De Angelis Alfredo/1955-1959/De Angelis - Caminito - 1955.opus
Alfredo De Angelis,Canción del Inmigrante,4/30/1956,De Angelis Alfredo/1955-1959/De Angelis - Cancion del Inmigrante - Dante - 1956.opus
Alfredo De Angelis,Cantando,9/5/1957,De Angelis Alfredo/1955-1959/De Angelis - Cantando - Dante y Larroca - 1957.opus
Alfredo De Angelis,Carillón de la Merced,9/18/1957,De Angelis Alfredo/1955-1959/De Angelis - Carillon De La Merced - Dante - 1957.opus
Alfredo De Angelis,Cielo de Sombra,4/29/1957,De Angelis Alfredo/1955-1959/De Angelis - Cielo De Sombra - Dante - 1957.opus
Alfredo De Angelis,Corazón Encadenado,5/23/1956,De Angelis Alfredo/1955-1959/De Angelis - Corazon Encadenado - Larroca - 1956.opus
Alfredo De Angelis,Corralera,12/11/1956,De Angelis Alfredo/1955-1959/De Angelis - Corralera - 1956.opus
Alfredo De Angelis,Cosas Olvidadas,8/21/1958,De Angelis Alfredo/1955-1959/De Angelis - Cosas Olvidadas - Florio - 1958.opus
Alfredo De Angelis,Cuando No Se Quiere Más,4/30/1956,De Angelis Alfredo/1955-1959/De Angelis - Cuando No Se Quiere Mas - Larroca - 1956.opus
Alfredo De Angelis,El Huérfano,4/26/1955,De Angelis Alfredo/1955-1959/De Angelis - El Huerfano - Dante - 1955.opus
Alfredo De Angelis,El Mimoso,4/3/1956,De Angelis Alfredo/1955-1959/De Angelis - El Mimoso - 1956.opus
Alfredo De Angelis,El Piropo,5/4/1959,De Angelis Alfredo/1955-1959/De Angelis - El Piropo - Martel - 1959.opus
Alfredo De Angelis,El Retrato de los Viejos,10/29/1956,De Angelis Alfredo/1955-1959/De Angelis - El Retrato De Los Viejos - Larroca - 1956.opus
Alfredo De Angelis,El Tango Club,5/23/1957,De Angelis Alfredo/1955-1959/De Angelis - El Tango Club - 1957.opus
Alfredo De Angelis,El Vasquito,12/28/1955,De Angelis Alfredo/1955-1959/De Angelis - El Vasquito - 1955.opus
Alfredo De Angelis,Entre Tu Amor y Mi Amor,8/18/1959,De Angelis Alfredo/1955-1959/De Angelis - Entre Tu Amor Y Mi Amor - Godoy - 1959.opus
Alfredo De Angelis,Es Mejor,11/9/1956,De Angelis Alfredo/1955-1959/De Angelis - Es Mejor - Dante - 1956.opus
Alfredo De Angelis,Fumando Espero,4/3/1956,De Angelis Alfredo/1955-1959/De Angelis - Fumando Espero - Dante - 1956.opus
Alfredo De Angelis,Igual Que Dios,3/1/1955,De Angelis Alfredo/1955-1959/De Angelis - Igual Que Dios - Larroca - 1955.opus
Alfredo De Angelis,Incomparable,9/5/1957,De Angelis Alfredo/1955-1959/De Angelis - Incomparable - Dante - 1957.opus
Alfredo De Angelis,Juana Milonga Señores,11/2/1955,De Angelis Alfredo/1955-1959/De Angelis - Juana Milonga Senores - Dante y Larroca - 1955.opus
Alfredo De Angelis,La Clueca,7/20/1956,De Angelis Alfredo/1955-1959/De Angelis - La Clueca - 1956.opus
Alfredo De Angelis,La Criolla,5/23/1957,De Angelis Alfredo/1955-1959/De Angelis - La Criolla - Dante y Larroca - 1957.opus
Alfredo De Angelis,La Flor del Palmar,12/29/1957,De Angelis Alfredo/1955-1959/De Angelis - La Flor del Palmar - Dante y Larroca - 1957.opus
Alfredo De Angelis,La Última Copa,4/17/1958,De Angelis Alfredo/1955-1959/De Angelis - La Ultima Copa - Godoy - 1958.opus
Alfredo De Angelis,Lágrimas de Sangre,6/23/1955,De Angelis Alfredo/1955-1959/De Angelis - Lagrimas De Sangre - Larroca - 1955.opus
Alfredo De Angelis,Leyenda del Río,12/28/1955,De Angelis Alfredo/1955-1959/De Angelis - Leyenda Del Rio - Dante y Larroca - 1955.opus
Alfredo De Angelis,Los Largos del Pibe,8/9/1957,De Angelis Alfredo/1955-1959/De Angelis - Los Largos Del Pibe - Larroca - 1957.opus
Alfredo De Angelis,Luz y Sombra,8/8/1956,De Angelis Alfredo/1955-1959/De Angelis - Luz Y Sombra - Dante y Larroca - 1956.opus
Alfredo De Angelis,Media Noche,12/11/1958,De Angelis Alfredo/1955-1959/De Angelis - Media Noche - Godoy - 1958.opus
Alfredo De Angelis,Mi Dolor,5/23/1957,De Angelis Alfredo/1955-1959/De Angelis - Mi Dolor - 1957.opus
Alfredo De Angelis,Mi Promesa,8/16/1956,De Angelis Alfredo/1955-1959/De Angelis - Mi Promesa - Dante y Larroca - 1956.opus
Alfredo De Angelis,Mi Rebeldía,10/4/1955,De Angelis Alfredo/1955-1959/De Angelis - Mi Rebeldia - Dante - 1955.opus
Alfredo De Angelis,Muñeca Brava,7/20/1959,De Angelis Alfredo/1955-1959/De Angelis - Muneca Brava - Martel - 1959.opus
Alfredo De Angelis,Muriéndome de Amor,12/11/1956,De Angelis Alfredo/1955-1959/De Angelis - Muriendome De Amor - Larroca - 1956.opus
Alfredo De Angelis,No Aflojés,11/20/1959,De Angelis Alfredo/1955-1959/De Angelis - No Aflojes - Martel - 1959.opus
Alfredo De Angelis,No Culpes Al Amor,4/7/1958,De Angelis Alfredo/1955-1959/De Angelis - No Culpes Al Amor - Godoy - 1958.opus
Alfredo De Angelis,Pare Aquí Chofer,4/26/1955,De Angelis Alfredo/1955-1959/De Angelis - Pare Aqui Chofer - Larroca - 1955.opus
Alfredo De Angelis,Pavadita,6/25/1958,De Angelis Alfredo/1955-1959/De Angelis - Pavadita - 1958.opus
Alfredo De Angelis,Perdóname Señor,5/23/1956,De Angelis Alfredo/1955-1959/De Angelis - Perdoname Senor - Dante - 1956.opus
Alfredo De Angelis,Pifia,12/13/1955,De Angelis Alfredo/1955-1959/De Angelis - Pifia - Larroca - 1955.opus
Alfredo De Angelis,Plata,8/9/1957,De Angelis Alfredo/1955-1959/De Angelis - Plata - Dante - 1957.opus
Alfredo De Angelis,Puede Ser Que No Te Rías,7/25/1958,De Angelis Alfredo/1955-1959/De Angelis - Puede Ser Que No Te Rias - Florio - 1958.opus
Alfredo De Angelis,Qué Ironía,9/26/1958,De Angelis Alfredo/1955-1959/De Angelis - Que Ironia - Florio - 1958.opus
Alfredo De Angelis,Qué Risa,6/18/1956,De Angelis Alfredo/1955-1959/De Angelis - Que Risa - Dante - 1956.opus
Alfredo De Angelis,Que Será Corazón,7/25/1958,De Angelis Alfredo/1955-1959/De Angelis - Que Sera Corazon - Florio - 1958.opus
Alfredo De Angelis,Quién Tiene Tu Amor,8/21/1958,De Angelis Alfredo/1955-1959/De Angelis - Quien Tiene Tu Amor - Godoy - 1958.opus
Alfredo De Angelis,Re Fa Si,11/13/1959,De Angelis Alfredo/1955-1959/De Angelis - Re Fa Si - 1959.opus
Alfredo De Angelis,Sangre Maleva,10/4/1955,De Angelis Alfredo/1955-1959/De Angelis - Sangre Maleva - Larroca - 1955.opus
Alfredo De Angelis,Se Te Nota en los Ojos,9/18/1957,De Angelis Alfredo/1955-1959/De Angelis - Se Te Nota En Los Ojos - Larroca - 1957.opus
Alfredo De Angelis,Se Va la Vida,4/6/1959,De Angelis Alfredo/1955-1959/De Angelis - Se Va La Vida - Godoy - 1959.opus
Alfredo De Angelis,Selección Burrera,5/23/1957,De Angelis Alfredo/1955-1959/De Angelis - Seleccion Burrera - Dante y Larroca - 1957.opus
Alfredo De Angelis,Si No Me Engaña el Corazón,12/11/1956,De Angelis Alfredo/1955-1959/De Angelis - Si No Me Engana El Corazon - Dante - 1956.opus
Alfredo De Angelis,Soñemos,12/11/1956,De Angelis Alfredo/1955-1959/De Angelis - Sonemos - Larroca - 1956.opus
Alfredo De Angelis,Te Quiero,12/16/1957,De Angelis Alfredo/1955-1959/De Angelis - Te Quiero - Larroca - 1957.opus
Alfredo De Angelis,Temas de Carnaval,4/3/1956,De Angelis Alfredo/1955-1959/De Angelis - Temas De Carnaval - Dante y Larroca - 1956.opus
Alfredo De Angelis,Tenía Que Suceder,5/24/1955,De Angelis Alfredo/1955-1959/De Angelis - Tenia Que Suceder - Dante - 1955.opus
Alfredo De Angelis,Tirame una Serpentina,12/11/1956,De Angelis Alfredo/1955-1959/De Angelis - Tirame Una Serpentina - Dante - 1956.opus
Alfredo De Angelis,Triste Destino,4/24/1955,De Angelis Alfredo/1955-1959/De Angelis - Triste Destino - Larroca - 1955.opus
Alfredo De Angelis,Tu Corazón,3/1/1955,De Angelis Alfredo/1955-1959/De Angelis - Tu Corazon - Dante - 1955.opus
Alfredo De Angelis,Tu Íntimo Secreto,10/4/1955,De Angelis Alfredo/1955-1959/De Angelis - Tu Intimo Secreto - Dante y Larroca - 1955.opus
Alfredo De Angelis,Una Madre,7/13/1955,De Angelis Alfredo/1955-1959/De Angelis - Una Madre - Dante - 1955.opus
Alfredo De Angelis,Virgen de Guadalupe,4/26/1955,De Angelis Alfredo/1955-1959/De Angelis - Virgen De Guadalupe - Dante y Larroca - 1955.opus
Alfredo De Angelis,Y Todavía Te Quiero,5/18/1956,De Angelis Alfredo/1955-1959/De Angelis - Y Todavia Te Quiero - Larroca - 1956.opus
Alfredo De Angelis,A la Criolla,8/15/1961,De Angelis Alfredo/1960-1964/De Angelis - A La Criolla - 1961.opus
Alfredo De Angelis,A la Gran Muñeca,7/28/1961,De Angelis Alfredo/1960-1964/De Angelis - A La Gran Muneca - 1961.opus
Alfredo De Angelis,Chau Pebeta,12/22/1960,De Angelis Alfredo/1960-1964/De Angelis - Chau Pebeta - Martel - 1960.opus
Alfredo De Angelis,Flores Negras,8/15/1961,De Angelis Alfredo/1960-1964/De Angelis - Flores Negras - 1961.opus
Alfredo De Angelis,Ilusión Azul,1964-04,De Angelis Alfredo/1960-1964/De Angelis - Ilusion Azul - 1964.opus
Alfredo De Angelis,La Cumparsita,8/29/1961,De Angelis Alfredo/1960-1964/De Angelis - La Cumparsita - 1961.opus
Alfredo De Angelis,Llevame Carretero,6/26/1961,De Angelis Alfredo/1960-1964/De Angelis - Llevame Carretero - Godoy - 1961.opus
Alfredo De Angelis,Sin Aliento,1/3/1963,De Angelis Alfredo/1960-1964/De Angelis - Sin Aliento - 1963.opus
Alfredo De Angelis,T.B.C.,10/19/1960,De Angelis Alfredo/1960-1964/De Angelis - T. B. C. - Martel - 1960.opus
Alfredo De Angelis,Tres Compadres,8/21/1961,De Angelis Alfredo/1960-1964/De Angelis - Tres Compadres - 1961.opus
Alfredo De Angelis,Yira Yira,12/21/1961,De Angelis Alfredo/1960-1964/De Angelis - Yira Yira - Martel - 1961.opus
Alfredo De Angelis,El Apache Argentino,8/1/1969,De Angelis Alfredo/1965-1969/De Angelis - El Apache Argentino - 1969.opus
Alfredo De Angelis,Felicia,8/22/1969,De Angelis Alfredo/1965-1969/De Angelis - Felicia - 1969.opus
Alfredo De Angelis,Fuegos Artificiales,7/10/1969,De Angelis Alfredo/1965-1969/De Angelis - Fuegos Artificiales - 1969.opus
Alfredo De Angelis,Loca Bohemia,8/22/1969,De Angelis Alfredo/1965-1969/De Angelis - Loca Bohemia - 1969.opus
Alfredo De Angelis,El Torito,4/26/1974,De Angelis Alfredo/1970-1974/De Angelis - El Torito - 1974.opus
Alfredo De Angelis,La Mariposa,8/18/1972,De Angelis Alfredo/1970-1974/De Angelis - La Mariposa - 1972.opus
Alfredo De Angelis,La Yumba,4/19/1974,De Angelis Alfredo/1970-1974/De Angelis - La Yumba - Instrumental - 1974.opus
Alfredo De Angelis,Lágrimas y Sonrisas,4/26/1974,De Angelis Alfredo/1970-1974/De Angelis - Lagrimas Y Sonrisas - 1974.opus
Alfredo De Angelis,Canaro en París,9/24/1976,De Angelis Alfredo/1975-1979/De Angelis - Canaro En Paris - 1976.opus
Alfredo De Angelis,Tecleando,1/21/1977,De Angelis Alfredo/1975-1979/De Angelis - Tecleando - Instrumental - 1977.opus
Lucio Demare,Din Don,1938-07-12,Demare Lucio/1935-1939/Demare - Din Don - Miranda - 1938.opus
Lucio Demare,La Racha,1938-06-13,Demare Lucio/1935-1939/Demare - La Racha - Instrumental - 1938.opus
Lucio Demare,Telón,1938-06-13,Demare Lucio/1935-1939/Demare - Telon - Miranda - 1938.opus
Lucio Demare,Al Compás de un Tango,1942-03-13,Demare Lucio/1940-1944/Demare - Al Compas De Un Tango - Miranda - 1942.opus
Lucio Demare,Al Pasar,1943-09-03,Demare Lucio/1940-1944/Demare - Al Pasar - Beron - 1943.opus
Lucio Demare,Alhucema,1944-09-25,Demare Lucio/1940-1944/Demare - Alhucema - Quintana - 1944.opus
Lucio Demare,Canción de Rango,1942-11-10,Demare Lucio/1940-1944/Demare - Cancion De Rango - Arrieta - 1942.opus
Lucio Demare,Canta Pajarito,1943-06-10,Demare Lucio/1940-1944/Demare - Canta Pajarito - Beron - 1943.opus
Lucio Demare,Carnavalito,1943-01-09,Demare Lucio/1940-1944/Demare - Carnavalito - Beron - 1943.opus
Lucio Demare,Chatero de Aquel Entonces,1943-04-01,Demare Lucio/1940-1944/Demare - Chatero De Aquel Entonces - Beron - 1943.opus
Lucio Demare,Color de Rosa,1941-10-08,Demare Lucio/1940-1944/Demare - Color De Rosa - Instrumental - 1941.opus
Lucio Demare,Cómo Se Hace un Tango,1943-01-09,Demare Lucio/1940-1944/Demare - Como Se Hace Un Tango - Beron - 1943.opus
Lucio Demare,Corazón No Le Digas a Nadie,1944-08-24,Demare Lucio/1940-1944/Demare - Corazon No Le Digas A Nadie - Quintana - 1944.opus
Lucio Demare,Dos Corazones,1944-09-25,Demare Lucio/1940-1944/Demare - Dos Corazones - Quintana - 1944.opus
Lucio Demare,Dos Palabras Por Favor,1943-10-13,Demare Lucio/1940-1944/Demare - Dos Palabras Por Favor - Beron - 1943.opus
Lucio Demare,El Aguacero,1944-11-14,Demare Lucio/1940-1944/Demare - El Aguacero - Quintana - 1944.opus
Lucio Demare,El Baile de los Domingos,1943-07-13,Demare Lucio/1940-1944/Demare - El Baile de los Domingos - Beron - 1943.opus
Lucio Demare,El Chupete,1942-10-09,Demare Lucio/1940-1944/Demare - El Chupete - Instrumental - 1942.opus
Lucio Demare,El Naranjerito,1942-04-14,Demare Lucio/1940-1944/Demare - El Naranjerito - Miranda - 1942.opus
Lucio Demare,El Pescante,1943-02-11,Demare Lucio/1940-1944/Demare - El Pescante - Beron - 1943.opus
Lucio Demare,En un Rincón,1943-12-21,Demare Lucio/1940-1944/Demare - En Un Rincon - Beron - 1943.opus
Lucio Demare,Están Sonando las Ocho,1944-07-24,Demare Lucio/1940-1944/Demare - Estan Sonando las Ocho - Quintana - 1944.opus
Lucio Demare,La Cosa Fue en un Boliche,1943-06-10,Demare Lucio/1940-1944/Demare - La Cosa Fue en un Boliche - Beron - 1943.opus
Lucio Demare,Luna,1943-12-21,Demare Lucio/1940-1944/Demare - Luna - Beron - 1943.opus
Lucio Demare,Malena,1942-01-23,Demare Lucio/1940-1944/Demare - Malena - Miranda - 1942.opus
Lucio Demare,Mañana Zarpa un Barco,1942-07-20,Demare Lucio/1940-1944/Demare - Manana Zarpa Un Barco - Miranda - 1942.opus
Lucio Demare,Me Llaman el Zorro,1943-02-11,Demare Lucio/1940-1944/Demare - Me Llaman El Zorro - Beron - 1943.opus
Lucio Demare,Mi Vieja Ribera,1943-10-13,Demare Lucio/1940-1944/Demare - Mi Vieja Ribera - Beron - 1943.opus
Lucio Demare,Milonga en Rojo,1942-09-03,Demare Lucio/1940-1944/Demare - Milonga En Rojo - Miranda - 1942.opus
Lucio Demare,Moneda de Cobre,1943-04-01,Demare Lucio/1940-1944/Demare - Moneda De Cobre - Beron - 1943.opus
Lucio Demare,Negra María,1941-10-08,Demare Lucio/1940-1944/Demare - Negra Maria - Miranda - 1941.opus
Lucio Demare,No Nos Veremos Más,1943-02-11,Demare Lucio/1940-1944/Demare - No Nos Veremos Mas - Beron - 1943.opus
Lucio Demare,No Te Apures Carablanca,1942-10-09,Demare Lucio/1940-1944/Demare - No Te Apures Carablanca - Miranda - 1942.opus
Lucio Demare,Nunca Supe Porque,1942-07-20,Demare Lucio/1940-1944/Demare - Nunca Supe Porque - Miranda - 1942.opus
Lucio Demare,Oigo Tu Voz,1943-11-25,Demare Lucio/1940-1944/Demare - Oigo Tu Voz - Beron - 1943.opus
Lucio Demare,Oriente,1944-10-11,Demare Lucio/1940-1944/Demare - Oriente - Quintana - 1944.opus
Lucio Demare,Pa' Mí Es Igual,1942-12-09,Demare Lucio/1940-1944/Demare - Pa' Mi Es Igual - Miranda - 1942.opus
Lucio Demare,Palomita Mía,1943-09-03,Demare Lucio/1940-1944/Demare - Palomita Mia - Beron - 1943.opus
Lucio Demare,Pena de Amor,1943-02-11,Demare Lucio/1940-1944/Demare - Pena de Amor - Beron - 1943.opus
Lucio Demare,Qué Solo Estoy,1943-12-21,Demare Lucio/1940-1944/Demare - Que Solo Estoy - Beron - 1943.opus
Lucio Demare,Ropa Blanca,1943-06-10,Demare Lucio/1940-1944/Demare - Ropa Blanca - Beron - 1943.opus
Lucio Demare,Se Fue,1943-07-13,Demare Lucio/1940-1944/Demare - Se Fue - Beron - 1943.opus
Lucio Demare,Se Va una Tarde Más,1944-08-24,Demare Lucio/1940-1944/Demare - Se Va una Tarde Mas - Quintana - 1944.opus
Lucio Demare,Señores Yo Soy del Centro,1944-11-14,Demare Lucio/1940-1944/Demare - Senores Yo Soy del Centro - Quintana - 1944.opus
Lucio Demare,Solamente Ella,1944-07-24,Demare Lucio/1940-1944/Demare - Solamente Ella - Quintana - 1944.opus
Lucio Demare,Sorbos Amargos,1942-11-10,Demare Lucio/1940-1944/Demare - Sorbos Amargos - Miranda - 1942.opus
Lucio Demare,Soy del Noventa,1943-05-06,Demare Lucio/1940-1944/Demare - Soy Del Noventa - Beron - 1943.opus
Lucio Demare,Soy Muchacho de la Guardia,1942-09-03,Demare Lucio/1940-1944/Demare - Soy Muchacho De La Guardia - Arrieta - 1942.opus
Lucio Demare,Tal Vez Será Mí Alcohol,1943-05-06,Demare Lucio/1940-1944/Demare - Tal Vez Sera Mi Alcohol - Beron - 1943.opus
Lucio Demare,Tal Vez Será Mí Alcohol,1943-05-06,Demare Lucio/1940-1944/Demare - Tal Vez Sera Su Voz - Beron - 1943.opus
Lucio Demare,Tinta Verde,1942-12-09,Demare Lucio/1940-1944/Demare - Tinta Verde - Instrumental - 1942.opus
Lucio Demare,Torrente,1944-10-11,Demare Lucio/1940-1944/Demare - Torrente - Quintana - 1944.opus
Lucio Demare,Un Tango Guapo,1942-04-14,Demare Lucio/1940-1944/Demare - Un Tango Guapo - Arrieta - 1942.opus
Lucio Demare,Una Emoción,1943-09-03,Demare Lucio/1940-1944/Demare - Una Emocion - Beron - 1943.opus
Lucio Demare,Y Siempre Igual,1943-09-13,Demare Lucio/1940-1944/Demare - Y Siempre Igual - Beron - 1943.opus
Lucio Demare,Florcita,1945-01-03,Demare Lucio/1945-1949/Demare - Florcita - Instrumental - 1945.opus
Lucio Demare,Igual Que un Bandoneón,1945-01-03,Demare Lucio/1945-1949/Demare - Igual Que Un Bandoneon - Quintana - 1945.opus
Lucio Demare,Lo Mismo Que un Tango,1945-03-21,Demare Lucio/1945-1949/Demare - Lo Mismo que un Tango - Quintana - 1945.opus
Lucio Demare,Más Allá de Mi Rencor,1945-06-11,Demare Lucio/1945-1949/Demare - Mas Alla de Mi Rencor - Bernal - 1945.opus
Lucio Demare,Nos Encontramos Al Pasar,1945-06-11,Demare Lucio/1945-1949/Demare - Nos Encontramos al Pasar - Quintana - 1945.opus
Lucio Demare,Malena,1951-09-20,Demare Lucio/1950-1954/Demare - Malena - Alvarado - 1951.opus
Carlos Di Sarli,Arlequín,1929-01-08,Di Sarli Carlos/1925-1929/Di Sarli - Arlequin - Instrumental - 1929.opus
Carlos Di Sarli,Barrilete,1929-10-09,Di Sarli Carlos/1925-1929/Di Sarli - Barrilete - Instrumental - 1929.opus
Carlos Di Sarli,Belén,1929-10-09,Di Sarli Carlos/1925-1929/Di Sarli - Belen - Instrumental - 1929.opus
Carlos Di Sarli,Campaneando,1929-12-31,Di Sarli Carlos/1925-1929/Di Sarli - Campaneando - Devin - 1929.opus
Carlos Di Sarli,Carnaval de Antaño,1929-03-27,Di Sarli Carlos/1925-1929/Di Sarli - Carnaval De Antano - Instrumental - 1929.opus
Carlos Di Sarli,Che Bacana,1929-10-28,Di Sarli Carlos/1925-1929/Di Sarli - Che Bacana - Instrumental - 1929.opus
Carlos Di Sarli,Colibriyo,1929-11-16,Di Sarli Carlos/1925-1929/Di Sarli - Colibriyo - Devin - 1929.opus
Carlos Di Sarli,Cortate el Pelo,1929-11-16,Di Sarli Carlos/1925-1929/Di Sarli - Cortate El Pelo - Devin - 1929.opus
Carlos Di Sarli,Cuando Bronca el Temporal,1929-03-01,Di Sarli Carlos/1925-1929/Di Sarli - Cuando Bronca El Temporal - Instrumental - 1929.opus
Carlos Di Sarli,El Calabozo,1929-10-09,Di Sarli Carlos/1925-1929/Di Sarli - El Calabozo - Instrumental - 1929.opus
Carlos Di Sarli,El Paladín,1929-07-11,Di Sarli Carlos/1925-1929/Di Sarli - El Paladin - Instrumental - 1929.opus
Carlos Di Sarli,Flor Marchita,1929-08-14,Di Sarli Carlos/1925-1929/Di Sarli - Flor Marchita - Instrumental - 1929.opus
Carlos Di Sarli,La Guitarrita,1928-11-26,Di Sarli Carlos/1925-1929/Di Sarli - La Guitarrita - Instrumental - 1928.opus
Carlos Di Sarli,Mi Pibe,1929-08-14,Di Sarli Carlos/1925-1929/Di Sarli - Mi Pibe - Instrumental - 1929.opus
Carlos Di Sarli,No Te Aguanto Más,1929-12-31,Di Sarli Carlos/1925-1929/Di Sarli - No Te Aguanto Mas - Instrumental - 1929.opus
Carlos Di Sarli,Pobre Yo,1929-10-09,Di Sarli Carlos/1925-1929/Di Sarli - Pobre Yo - Instrumental - 1929.opus
Carlos Di Sarli,Qué Reo Sos,1929-12-31,Di Sarli Carlos/1925-1929/Di Sarli - Que Reo Sos - Devin - 1929.opus
Carlos Di Sarli,Quién Te Ve,1929-12-31,Di Sarli Carlos/1925-1929/Di Sarli - Quien Te Ve - Devin - 1929.opus
Carlos Di Sarli,Sos una Fiera,1929-07-11,Di Sarli Carlos/1925-1929/Di Sarli - Sos Una Fiera - Deirene - 1929.opus
Carlos Di Sarli,Sos una Maquieta,1929-11-16,Di Sarli Carlos/1925-1929/Di Sarli - Sos Una Maquieta - Devin - 1929.opus
Carlos Di Sarli,Soy un Arlequín,1929-03-01,Di Sarli Carlos/1925-1929/Di Sarli - Soy Un Arlequin - Instrumental - 1929.opus
Carlos Di Sarli,T.B.C.,1928-11-26,Di Sarli Carlos/1925-1929/Di Sarli - T.B.C. - Instrumental - 1928.opus
Carlos Di Sarli,T.B.C.,1928-11-26,Di Sarli Carlos/1925-1929/Di Sarli - TBC - Instrumental - 1928.opus
Carlos Di Sarli,Ufa Qué Secante,1929-01-08,Di Sarli Carlos/1925-1929/Di Sarli - Ufa Que Secante - Instrumental - 1929.opus
Carlos Di Sarli,Un Lamento,1929-03-27,Di Sarli Carlos/1925-1929/Di Sarli - Un Lamento - Instrumental - 1929.opus
Carlos Di Sarli,Algo Bueno,1930-01-24,Di Sarli Carlos/1930-1934/Di Sarli - Algo Bueno - Instrumental - 1930.opus
Carlos Di Sarli,Añorándote,1930-11-04,Di Sarli Carlos/1930-1934/Di Sarli - Anorandote - Instrumental - 1930.opus
Carlos Di Sarli,Cachivache,1931-01-10,Di Sarli Carlos/1930-1934/Di Sarli - Cachivache - Diaz - 1931.opus
Carlos Di Sarli,Chau Pinela,1930-09-03,Di Sarli Carlos/1930-1934/Di Sarli - Chau Pinela - Fama - 1930.opus
Carlos Di Sarli,Cicatrices,1930-01-24,Di Sarli Carlos/1930-1934/Di Sarli - Cicatrices - Devin - 1930.opus
Carlos Di Sarli,Criollo Viejo,1930-05-08,Di Sarli Carlos/1930-1934/Di Sarli - Criollo Viejo - Instrumental - 1930.opus
Carlos Di Sarli,Don José María,1930-06-16,Di Sarli Carlos/1930-1934/Di Sarli - Don Jose Maria - Instrumental - 1930.opus
Carlos Di Sarli,El Cantar de Aquel Malevo,1930-03-17,Di Sarli Carlos/1930-1934/Di Sarli - El Cantar De Aquel Malevo - Devin - 1930.opus
Carlos Di Sarli,Flora,1930-11-04,Di Sarli Carlos/1930-1934/Di Sarli - Flora - Fama - 1930.opus
Carlos Di Sarli,La Baguala,1931-06-23,Di Sarli Carlos/1930-1934/Di Sarli - La Baguala - Fama - 1931.opus
Carlos Di Sarli,La Estancia,1930-11-04,Di Sarli Carlos/1930-1934/Di Sarli - La Estancia - Fama - 1930.opus
Carlos Di Sarli,La Ofrenda,1931-06-23,Di Sarli Carlos/1930-1934/Di Sarli - La Ofrenda - Fama - 1931.opus
Carlos Di Sarli,Maldita,1931-08-14,Di Sarli Carlos/1930-1934/Di Sarli - Maldita - Fama - 1931.opus
Carlos Di Sarli,No Cantés Victoria,1930-06-03,Di Sarli Carlos/1930-1934/Di Sarli - No Cantes Victoria - Instrumental - 1930.opus
Carlos Di Sarli,Palito,1930-06-16,Di Sarli Carlos/1930-1934/Di Sarli - Palito - Instrumental - 1930.opus
Carlos Di Sarli,Por la Pinta,1930-09-03,Di Sarli Carlos/1930-1934/Di Sarli - Por La Pinta - Fama - 1930.opus
Carlos Di Sarli,Que Dios Te Perdone,1931-01-10,Di Sarli Carlos/1930-1934/Di Sarli - Que Dios Te Perdone - Diaz - 1931.opus
Carlos Di Sarli,Que Torcido Andás Julián,1930-11-04,Di Sarli Carlos/1930-1934/Di Sarli - Que Torcido Andas Julian - Fama - 1930.opus
Carlos Di Sarli,Racing Club,1930-06-03,Di Sarli Carlos/1930-1934/Di Sarli - Racing Club - Instrumental - 1930.opus
Carlos Di Sarli,Rosamel,1930-03-17,Di Sarli Carlos/1930-1934/Di Sarli - Rosamel - Devin - 1930.opus
Carlos Di Sarli,Sábado,1930-05-08,Di Sarli Carlos/1930-1934/Di Sarli - Sabado - Instrumental - 1930.opus
Carlos Di Sarli,Si Yo Soñara,1931-06-03,Di Sarli Carlos/1930-1934/Di Sarli - Si Yo Sonara - Instrumental - 1931.opus
Carlos Di Sarli,Sobre el Pucho,1931-06-03,Di Sarli Carlos/1930-1934/Di Sarli - Sobre El Pucho - Fama - 1931.opus
Carlos Di Sarli,Una Noche de Garufa,1931-08-14,Di Sarli Carlos/1930-1934/Di Sarli - Una Noche De Garufa - Instrumental - 1931.opus
Carlos Di Sarli,Corazón,1939-12-11,Di Sarli Carlos/1935-1939/Di Sarli - Corazon - Rufino - 1939.opus
Carlos Di Sarli,El Retirao,1939-12-11,Di Sarli Carlos/1935-1939/Di Sarli - El Retirao - Instrumental - 1939.opus
Carlos Di Sarli,A Mí Me Llaman Juan Tango,1943-11-04,Di Sarli Carlos/1940-1944/Di Sarli - A Mi Me Llaman Juan Tango - Rufino - 1943.opus
Carlos Di Sarli,Adiós Te Vas,1943-03-17,Di Sarli Carlos/1940-1944/Di Sarli - Adios Te Vas - Rufino - 1943.opus
Carlos Di Sarli,Al Compás del Corazón,1942-04-09,Di Sarli Carlos/1940-1944/Di Sarli - Al Compas Del Corazon - Podesta - 1942.opus
Carlos Di Sarli,Alma Mía,1940-02-15,Di Sarli Carlos/1940-1944/Di Sarli - Alma Mia - Rufino - 1940.opus
Carlos Di Sarli,Álzame en Tus Brazos,1942-04-09,Di Sarli Carlos/1940-1944/Di Sarli - Alzame En Tus Brazos - Podesta - 1942.opus
Carlos Di Sarli,Anselmo Acuña el Resero,1943-05-28,Di Sarli Carlos/1940-1944/Di Sarli - Anselmo Acuna El Resero - Rufino - 1943.opus
Carlos Di Sarli,Ausencia,1940-08-05,Di Sarli Carlos/1940-1944/Di Sarli - Ausencia - Volpe - 1940.opus
Carlos Di Sarli,Bien Frappé,1941-05-20,Di Sarli Carlos/1940-1944/Di Sarli - Bien Frappe - Rufino - 1941.opus
Carlos Di Sarli,Boedo y San Juan,1943-12-17,Di Sarli Carlos/1940-1944/Di Sarli - Boedo Y San Juan - Rufino - 1943.opus
Carlos Di Sarli,Canta Pajarito,1943-03-17,Di Sarli Carlos/1940-1944/Di Sarli - Canta Pajarito - Rufino - 1943.opus
Carlos Di Sarli,Cascabelito,1941-06-06,Di Sarli Carlos/1940-1944/Di Sarli - Cascabelito - Rufino - 1941.opus
Carlos Di Sarli,Catamarca,1940-02-09,Di Sarli Carlos/1940-1944/Di Sarli - Catamarca - Instrumental - 1940.opus
Carlos Di Sarli,Cero Al As,1944-04-13,Di Sarli Carlos/1940-1944/Di Sarli - Cero Al As - Podesta - 1944.opus
Carlos Di Sarli,Champagne Tango,1944-07-20,Di Sarli Carlos/1940-1944/Di Sarli - Champagne Tango - Instrumental - 1944.opus
Carlos Di Sarli,Charlemos,1941-02-18,Di Sarli Carlos/1940-1944/Di Sarli - Charlemos - Rufino - 1941.opus
Carlos Di Sarli,Cómo Se Hace un Tango,1943-03-05,Di Sarli Carlos/1940-1944/Di Sarli - Como Se Hace Un Tango - Rufino - 1943.opus
Carlos Di Sarli,Cornetín,1943-03-05,Di Sarli Carlos/1940-1944/Di Sarli - Cornetin - Rufino - 1943.opus
Carlos Di Sarli,Cortando Camino,1941-03-06,Di Sarli Carlos/1940-1944/Di Sarli - Cortando Camino - Rufino - 1941.opus
Carlos Di Sarli,Cosas Olvidadas,1940-06-19,Di Sarli Carlos/1940-1944/Di Sarli - Cosas Olvidadas - Rufino - 1940.opus
Carlos Di Sarli,Cuando el Amor Muere,1941-08-02,Di Sarli Carlos/1940-1944/Di Sarli - Cuando El Amor Muere - Acuna - 1941.opus
Carlos Di Sarli,Cuando un Viejo Se Enamora,1942-07-29,Di Sarli Carlos/1940-1944/Di Sarli - Cuando Un Viejo Se Enamora - Rufino - 1942.opus
Carlos Di Sarli,Decíme Qué Pasó,1942-08-12,Di Sarli Carlos/1940-1944/Di Sarli - Decime Que Paso - Rufino - 1942.opus
Carlos Di Sarli,Don Juan,1941-10-03,Di Sarli Carlos/1940-1944/Di Sarli - Don Juan - Instrumental - 1941.opus
Carlos Di Sarli,El Amanecer,1942-06-23,Di Sarli Carlos/1940-1944/Di Sarli - El Amanecer - Instrumental - 1942.opus
Carlos Di Sarli,El Cielo en Tus Ojos,1941-10-03,Di Sarli Carlos/1940-1944/Di Sarli - El Cielo En Tus Ojos - Rufino - 1941.opus
Carlos Di Sarli,El Estagiario,1941-04-18,Di Sarli Carlos/1940-1944/Di Sarli - El Estagiario - Instrumental - 1941.opus
Carlos Di Sarli,El Incendio,1940-06-19,Di Sarli Carlos/1940-1944/Di Sarli - El Incendio - Instrumental - 1940.opus
Carlos Di Sarli,El Jaguar,1940-08-05,Di Sarli Carlos/1940-1944/Di Sarli - El Jaguar - Instrumental - 1940.opus
Carlos Di Sarli,El Jagüel,1943-11-04,Di Sarli Carlos/1940-1944/Di Sarli - El Jaguel - Instrumental - 1943.opus
Carlos Di Sarli,El Opio,1940-04-17,Di Sarli Carlos/1940-1944/Di Sarli - El Opio - Instrumental - 1940.opus
Carlos Di Sarli,El Paladín,1941-12-11,Di Sarli Carlos/1940-1944/Di Sarli - El Paladin - Instrumental - 1941.opus
Carlos Di Sarli,El Pollo Ricardo,1940-09-23,Di Sarli Carlos/1940-1944/Di Sarli - El Pollo Ricardo - Instrumental - 1940.opus
Carlos Di Sarli,El Recodo,1941-12-03,Di Sarli Carlos/1940-1944/Di Sarli - El Recodo - Instrumental - 1941.opus
Carlos Di Sarli,En un Beso la Vida,1940-09-23,Di Sarli Carlos/1940-1944/Di Sarli - En Un Beso La Vida - Rufino - 1940.opus
Carlos Di Sarli,Ensueños,1943-09-07,Di Sarli Carlos/1940-1944/Di Sarli - Ensuenos - Instrumental - 1943.opus
Carlos Di Sarli,Entre Pitada y Pitada,1942-03-30,Di Sarli Carlos/1940-1944/Di Sarli - Entre Pitada Y Pitada - Podesta - 1942.opus
Carlos Di Sarli,Esta Noche de Luna,1943-12-17,Di Sarli Carlos/1940-1944/Di Sarli - Esta Noche De Luna - Rufino - 1943.opus
Carlos Di Sarli,Estampa Federal,1942-12-21,Di Sarli Carlos/1940-1944/Di Sarli - Estampa Federal - Podesta - 1942.opus
Carlos Di Sarli,Germaine,1941-07-16,Di Sarli Carlos/1940-1944/Di Sarli - Germaine - Instrumental - 1941.opus
Carlos Di Sarli,Griseta,1941-06-21,Di Sarli Carlos/1940-1944/Di Sarli - Griseta - Rufino - 1941.opus
Carlos Di Sarli,Julián Centeya,1942-09-09,Di Sarli Carlos/1940-1944/Di Sarli - Julian Centeya - Podesta - 1942.opus
Carlos Di Sarli,Junto a Tu Corazón,1942-06-23,Di Sarli Carlos/1940-1944/Di Sarli - Junto A Tu Corazon - Podesta - 1942.opus
Carlos Di Sarli,La Cachila,1941-03-06,Di Sarli Carlos/1940-1944/Di Sarli - La Cachila - Instrumental - 1941.opus
Carlos Di Sarli,La Capilla Blanca,1944-07-11,Di Sarli Carlos/1940-1944/Di Sarli - La Capilla Blanca - Podesta - 1944.opus
Carlos Di Sarli,La Cumparsita,1942-11-12,Di Sarli Carlos/1940-1944/Di Sarli - La Cumparsita - Instrumental - 1942.opus
Carlos Di Sarli,La Morocha,1941-11-20,Di Sarli Carlos/1940-1944/Di Sarli - La Morocha - Instrumental - 1941.opus
Carlos Di Sarli,La Mulateada,1941-11-20,Di Sarli Carlos/1940-1944/Di Sarli - La Mulateada - Rufino - 1941.opus
Carlos Di Sarli,La Torcacita,1941-06-21,Di Sarli Carlos/1940-1944/Di Sarli - La Torcacita - Instrumental - 1941.opus
Carlos Di Sarli,La Trilla,1940-02-15,Di Sarli Carlos/1940-1944/Di Sarli - La Trilla - Instrumental - 1940.opus
Carlos Di Sarli,La Viruta,1943-08-05,Di Sarli Carlos/1940-1944/Di Sarli - La Viruta - Instrumental - 1943.opus
Carlos Di Sarli,Lloran las Campanas,1944-09-20,Di Sarli Carlos/1940-1944/Di Sarli - Lloran Las Campanas - Podesta - 1944.opus
Carlos Di Sarli,Llueve Otra Vez,1944-05-24,Di Sarli Carlos/1940-1944/Di Sarli - Llueve Otra Vez - Podesta - 1944.opus
Carlos Di Sarli,Lo Mismo Que Antes,1941-12-26,Di Sarli Carlos/1940-1944/Di Sarli - Lo Mismo Que Antes - Rufino - 1941.opus
Carlos Di Sarli,Lo Pasado Pasó,1940-11-23,Di Sarli Carlos/1940-1944/Di Sarli - Lo Pasado Paso - Rufino - 1940.opus
Carlos Di Sarli,Los Muñequitos,1943-11-04,Di Sarli Carlos/1940-1944/Di Sarli - Los Munequitos - Rufino - 1943.opus
Carlos Di Sarli,Maldonado,1943-12-17,Di Sarli Carlos/1940-1944/Di Sarli - Maldonado - Rufino - 1943.opus
Carlos Di Sarli,Mañana Zarpa un Barco,1942-08-12,Di Sarli Carlos/1940-1944/Di Sarli - Manana Zarpa Un Barco - Rufino - 1942.opus
Carlos Di Sarli,Marejada,1941-07-16,Di Sarli Carlos/1940-1944/Di Sarli - Marejada - Instrumental - 1941.opus
Carlos Di Sarli,Marianito,1941-05-20,Di Sarli Carlos/1940-1944/Di Sarli - Marianito - Instrumental - 1941.opus
Carlos Di Sarli,Mi Refugio,1941-04-18,Di Sarli Carlos/1940-1944/Di Sarli - Mi Refugio - Instrumental - 1941.opus
Carlos Di Sarli,Milonga del Centenario,1940-04-17,Di Sarli Carlos/1940-1944/Di Sarli - Milonga Del Centenario - Lesende - 1940.opus
Carlos Di Sarli,Milonga del Sentimiento,1940-02-09,Di Sarli Carlos/1940-1944/Di Sarli - Milonga Del Sentimiento - Rufino - 1940.opus
Carlos Di Sarli,Milonguero Viejo,1940-07-04,Di Sarli Carlos/1940-1944/Di Sarli - Milonguero Viejo - Instrumental - 1940.opus
Carlos Di Sarli,Milonguero Viejo,1944-07-11,Di Sarli Carlos/1940-1944/Di Sarli - Milonguero Viejo - Instrumental - 1944.opus
Carlos Di Sarli,Motivo Sentimental,1944-07-20,Di Sarli Carlos/1940-1944/Di Sarli - Motivo Sentimental - Podesta - 1944.opus
Carlos Di Sarli,Nada,1944-04-13,Di Sarli Carlos/1940-1944/Di Sarli - Nada - Podesta - 1944.opus
Carlos Di Sarli,Navegante,1943-08-05,Di Sarli Carlos/1940-1944/Di Sarli - Navegante - Rufino - 1943.opus
Carlos Di Sarli,Necesito Olvidar,1942-07-29,Di Sarli Carlos/1940-1944/Di Sarli - Necesito Olvidar - Rufino - 1942.opus
Carlos Di Sarli,Nido Gaucho,1942-11-30,Di Sarli Carlos/1940-1944/Di Sarli - Nido Gaucho - Podesta - 1942.opus
Carlos Di Sarli,No Está,1942-03-30,Di Sarli Carlos/1940-1944/Di Sarli - No Esta - Podesta - 1942.opus
Carlos Di Sarli,Nobleza de Arrabal,1940-11-23,Di Sarli Carlos/1940-1944/Di Sarli - Nobleza De Arrabal - Instrumental - 1940.opus
Carlos Di Sarli,Noches de Carnaval,1942-01-03,Di Sarli Carlos/1940-1944/Di Sarli - Noches De Carnaval - Rufino - 1942.opus
Carlos Di Sarli,Nueve Puntos,1943-05-05,Di Sarli Carlos/1940-1944/Di Sarli - Nueve Puntos - Instrumental - 1943.opus
Carlos Di Sarli,Organito de la Tarde,1942-11-30,Di Sarli Carlos/1940-1944/Di Sarli - Organito De La Tarde - Instrumental - 1942.opus
Carlos Di Sarli,Otra Noche,1944-04-13,Di Sarli Carlos/1940-1944/Di Sarli - Otra Noche - Podesta - 1944.opus
Carlos Di Sarli,Patotero Sentimental,1941-06-06,Di Sarli Carlos/1940-1944/Di Sarli - Patotero Sentimental - Rufino - 1941.opus
Carlos Di Sarli,Pena Mulata,1941-02-18,Di Sarli Carlos/1940-1944/Di Sarli - Pena Mulata - Rufino - 1941.opus
Carlos Di Sarli,Qué Solo Estoy,1944-04-13,Di Sarli Carlos/1940-1944/Di Sarli - Que Solo Estoy - Podesta - 1944.opus
Carlos Di Sarli,Racing Club,1940-07-04,Di Sarli Carlos/1940-1944/Di Sarli - Racing Club - Instrumental - 1940.opus
Carlos Di Sarli,Rosa Morena,1942-05-26,Di Sarli Carlos/1940-1944/Di Sarli - Rosa Morena - Rufino - 1942.opus
Carlos Di Sarli,Rosamel,1940-12-11,Di Sarli Carlos/1940-1944/Di Sarli - Rosamel - Rufino - 1940.opus
Carlos Di Sarli,Rosas de Otoño,1942-09-09,Di Sarli Carlos/1940-1944/Di Sarli - Rosas De Otono - Podesta - 1942.opus
Carlos Di Sarli,Royal Pigall,1944-11-08,Di Sarli Carlos/1940-1944/Di Sarli - Royal Pigall - Instrumental - 1944.opus
Carlos Di Sarli,Sentimiento Criollo,1941-08-02,Di Sarli Carlos/1940-1944/Di Sarli - Sentimiento Criollo - Instrumental - 1941.opus
Carlos Di Sarli,Shusheta,1940-10-08,Di Sarli Carlos/1940-1944/Di Sarli - Shusheta - Instrumental - 1940.opus
Carlos Di Sarli,Si Tú Quisieras,1943-05-05,Di Sarli Carlos/1940-1944/Di Sarli - Si Tu Quisieras - Rufino - 1943.opus
Carlos Di Sarli,Sombras del Puerto,1942-05-26,Di Sarli Carlos/1940-1944/Di Sarli - Sombras Del Puerto - Podesta - 1942.opus
Carlos Di Sarli,Tarareando,1942-08-12,Di Sarli Carlos/1940-1944/Di Sarli - Tarareando - Rufino - 1942.opus
Carlos Di Sarli,Tierra Negra,1943-12-17,Di Sarli Carlos/1940-1944/Di Sarli - Tierra Negra - Instrumental - 1943.opus
Carlos Di Sarli,Todo,1943-11-04,Di Sarli Carlos/1940-1944/Di Sarli - Todo - Rufino - 1943.opus
Carlos Di Sarli,Tristeza Marina,1943-09-07,Di Sarli Carlos/1940-1944/Di Sarli - Tristeza Marina - Rufino - 1943.opus
Carlos Di Sarli,Tú el Cielo y Tú,1944-11-08,Di Sarli Carlos/1940-1944/Di Sarli - Tu el Cielo y Tu - Podesta - 1944.opus
Carlos Di Sarli,Un Día Llegará,1943-03-05,Di Sarli Carlos/1940-1944/Di Sarli - Un Dia Llegara - Rufino - 1943.opus
Carlos Di Sarli,Un Lamento,1944-11-08,Di Sarli Carlos/1940-1944/Di Sarli - Un Lamento - Instrumental - 1944.opus
Carlos Di Sarli,Va a Cantar un Ruiseñor,1942-11-12,Di Sarli Carlos/1940-1944/Di Sarli - Va A Cantar Un Ruisenor - Podesta - 1942.opus
Carlos Di Sarli,Vamos,1944-05-24,Di Sarli Carlos/1940-1944/Di Sarli - Vamos - Podesta - 1944.opus
Carlos Di Sarli,Verdemar,1943-10-07,Di Sarli Carlos/1940-1944/Di Sarli - Verdemar - Rufino - 1943.opus
Carlos Di Sarli,Viviani,1940-12-11,Di Sarli Carlos/1940-1944/Di Sarli - Viviani - Instrumental - 1940.opus
Carlos Di Sarli,Volver a Soñar,1940-10-08,Di Sarli Carlos/1940-1944/Di Sarli - Volver A Sonar - Rufino - 1940.opus
Carlos Di Sarli,Volver a Vernos,1942-12-21,Di Sarli Carlos/1940-1944/Di Sarli - Volver A Vernos - Podesta - 1942.opus
Carlos Di Sarli,Y Hasta el Cardo Tiene Flor,1941-12-11,Di Sarli Carlos/1940-1944/Di Sarli - Y Hasta El Cardo Tiene Flor - Instrumental - 1941.opus
Carlos Di Sarli,Yo Soy de San Telmo,1943-10-07,Di Sarli Carlos/1940-1944/Di Sarli - Yo Soy De San Telmo - Rufino - 1943.opus
Carlos Di Sarli,Zorro Plateado,1943-06-14,Di Sarli Carlos/1940-1944/Di Sarli - Zorro Plateado - Rufino - 1943.opus
Carlos Di Sarli,Zorzal,1941-12-03,Di Sarli Carlos/1940-1944/Di Sarli - Zorzal - Rufino - 1941.opus
Carlos Di Sarli,A la Gran Muñeca,1945-08-29,Di Sarli Carlos/1945-1949/Di Sarli - A La Gran Muneca - Instrumental - 1945.opus
Carlos Di Sarli,Así Era Mi Novia,1946-01-31,Di Sarli Carlos/1945-1949/Di Sarli - Asi Era Mi Novia - Duran - 1946.opus
Carlos Di Sarli,Barba de Choclo,1945-06-04,Di Sarli Carlos/1945-1949/Di Sarli - Barba De Choclo - Instrumental - 1945.opus
Carlos Di Sarli,Clavel del Aire,1946-06-06,Di Sarli Carlos/1945-1949/Di Sarli - Clavel Del Aire - Duran - 1946.opus
Carlos Di Sarli,Comme Il Faut,1947-01-14,Di Sarli Carlos/1945-1949/Di Sarli - Comme Il Faut - Instrumental - 1947.opus
Carlos Di Sarli,Con Alma y Vida,1945-07-05,Di Sarli Carlos/1945-1949/Di Sarli - Con Alma Y Vida - Duran - 1945.opus
Carlos Di Sarli,Cosas de Tango,1946-01-31,Di Sarli Carlos/1945-1949/Di Sarli - Cosas De Tango - Duran - 1946.opus
Carlos Di Sarli,De Vuelta,1947-09-26,Di Sarli Carlos/1945-1949/Di Sarli - De Vuelta - Podesta - 1947.opus
Carlos Di Sarli,Dinero Dinero,1947-09-26,Di Sarli Carlos/1945-1949/Di Sarli - Dinero Dinero - Podesta - 1947.opus
Carlos Di Sarli,Duelo Criollo,1946-03-29,Di Sarli Carlos/1945-1949/Di Sarli - Duelo Criollo - Duran - 1946.opus
Carlos Di Sarli,El Caburé,1946-08-01,Di Sarli Carlos/1945-1949/Di Sarli - El Cabure - Instrumental - 1946.opus
Carlos Di Sarli,El Distinguido Ciudadano,1946-05-09,Di Sarli Carlos/1945-1949/Di Sarli - El Distinguido Ciudadano - Instrumental - 1946.opus
Carlos Di Sarli,El Ingeniero,1945-02-20,Di Sarli Carlos/1945-1949/Di Sarli - El Ingeniero - Instrumental - 1945.opus
Carlos Di Sarli,El Once,1946-01-01,Di Sarli Carlos/1945-1949/Di Sarli - El Once - Instrumental - 1946.opus
Carlos Di Sarli,El Pollito,1947-04-24,Di Sarli Carlos/1945-1949/Di Sarli - El Pollito - Instrumental - 1947.opus
Carlos Di Sarli,El Pollo Ricardo,1946-03-29,Di Sarli Carlos/1945-1949/Di Sarli - El Pollo Ricardo - Instrumental - 1946.opus
Carlos Di Sarli,Gracias,1946-08-29,Di Sarli Carlos/1945-1949/Di Sarli - Gracias - Duran - 1946.opus
Carlos Di Sarli,Hoy Al Recordarla,1945-07-31,Di Sarli Carlos/1945-1949/Di Sarli - Hoy Al Recordarla - Duran - 1945.opus
Carlos Di Sarli,La Canción Más Triste,1947-05-28,Di Sarli Carlos/1945-1949/Di Sarli - La Cancion Mas Triste - Podesta - 1947.opus
Carlos Di Sarli,La Novia del Mar,1948-06-22,Di Sarli Carlos/1945-1949/Di Sarli - La Novia Del Mar - Serpa - 1948.opus
Carlos Di Sarli,La Racha,1947-05-08,Di Sarli Carlos/1945-1949/Di Sarli - La Racha - Instrumental - 1947.opus
Carlos Di Sarli,La Vida Me Engañó,1946-12-05,Di Sarli Carlos/1945-1949/Di Sarli - La Vida Me Engano - Duran - 1946.opus
Carlos Di Sarli,Los Treinta y Tres Orientales,1948-06-22,Di Sarli Carlos/1945-1949/Di Sarli - Los Treinta Y Tres Orientales - Instrumental - 1948.opus
Carlos Di Sarli,Mañana No Estarás,1946-06-06,Di Sarli Carlos/1945-1949/Di Sarli - Manana No Estaras - Duran - 1946.opus
Carlos Di Sarli,No Esperaba Verte Más,1946-08-01,Di Sarli Carlos/1945-1949/Di Sarli - No Esperaba Verte Mas - Duran - 1946.opus
Carlos Di Sarli,Ojos Negros,1945-07-05,Di Sarli Carlos/1945-1949/Di Sarli - Ojos Negros - Instrumental - 1945.opus
Carlos Di Sarli,Otra Vez Carnaval,1947-01-14,Di Sarli Carlos/1945-1949/Di Sarli - Otra Vez Carnaval - Duran - 1947.opus
Carlos Di Sarli,Para Qué Te Quiero Tanto,1946-05-03,Di Sarli Carlos/1945-1949/Di Sarli - Para Que Te Quiero Tanto - Duran - 1946.opus
Carlos Di Sarli,Por el Camino,1947-04-24,Di Sarli Carlos/1945-1949/Di Sarli - Por El Camino - Podesta - 1947.opus
Carlos Di Sarli,Porteño y Bailarín,1945-02-20,Di Sarli Carlos/1945-1949/Di Sarli - Porteno Y Bailarin - Duran - 1945.opus
Carlos Di Sarli,Pueblera,1947-01-14,Di Sarli Carlos/1945-1949/Di Sarli - Pueblera - Duran - 1947.opus
Carlos Di Sarli,Que No Sepan las Estrellas,1945-01-03,Di Sarli Carlos/1945-1949/Di Sarli - Que No Sepan Las Estrellas - Duran - 1945.opus
Carlos Di Sarli,Rodríguez Peña,1945-01-03,Di Sarli Carlos/1945-1949/Di Sarli - Rodriguez Pena - Instrumental - 1945.opus
Carlos Di Sarli,Siete Palabras,1945-08-29,Di Sarli Carlos/1945-1949/Di Sarli - Siete Palabras - Instrumental - 1945.opus
Carlos Di Sarli,Solamente Ella,1945-03-08,Di Sarli Carlos/1945-1949/Di Sarli - Solamente Ella - Duran - 1945.opus
Carlos Di Sarli,Soy Aquel Viajero,1947-05-28,Di Sarli Carlos/1945-1949/Di Sarli - Soy Aquel Viajero - Podesta - 1947.opus
Carlos Di Sarli,Soy el Cantor de la Orquesta,1945-04-23,Di Sarli Carlos/1945-1949/Di Sarli - Soy El Cantor De La Orquesta - Duran - 1945.opus
Carlos Di Sarli,Sueño de Juventud,1945-08-29,Di Sarli Carlos/1945-1949/Di Sarli - Sueno De Juventud - Duran - 1945.opus
Carlos Di Sarli,Tinta Verde,1945-10-30,Di Sarli Carlos/1945-1949/Di Sarli - Tinta Verde - Instrumental - 1945.opus
Carlos Di Sarli,Tu Íntimo Secreto,1945-10-30,Di Sarli Carlos/1945-1949/Di Sarli - Tu Intimo Secreto - Duran - 1945.opus
Carlos Di Sarli,Tus Labios Me Dirán,1945-03-08,Di Sarli Carlos/1945-1949/Di Sarli - Tus Labios Me Diran - Duran - 1945.opus
Carlos Di Sarli,Un Tango y Nada Más,1945-07-05,Di Sarli Carlos/1945-1949/Di Sarli - Un Tango Y Nada Mas - Duran - 1945.opus
Carlos Di Sarli,Vea Vea,1945-04-23,Di Sarli Carlos/1945-1949/Di Sarli - Vea Vea - Instrumental - 1945.opus
Carlos Di Sarli,Vieja Luna,1945-06-04,Di Sarli Carlos/1945-1949/Di Sarli - Vieja Luna - Duran - 1945.opus
Carlos Di Sarli,Yo,1945-08-29,Di Sarli Carlos/1945-1949/Di Sarli - Yo - Duran - 1945.opus
Carlos Di Sarli,A la Gran Muñeca,1951-11,Di Sarli Carlos/1950-1954/Di Sarli - A La Gran Muneca - Instrumental - 1951.opus
Carlos Di Sarli,A la Gran Muñeca,1954-06-30,Di Sarli Carlos/1950-1954/Di Sarli - A La Gran Muneca - Instrumental - 1954.opus
Carlos Di Sarli,A la Luz del Candil,1952-02,Di Sarli Carlos/1950-1954/Di Sarli - A La Luz Del Candil - Pomar - 1952.opus
Carlos Di Sarli,Al Compás del Corazón,1952-10,Di Sarli Carlos/1950-1954/Di Sarli - Al Compas Del Corazon - Serpa - 1953.opus
Carlos Di Sarli,Así Era Mi Novia,1952-02,Di Sarli Carlos/1950-1954/Di Sarli - Asi Era Mi Novia - Pomar - 1952.opus
Carlos Di Sarli,Bar Exposición,1952-05,Di Sarli Carlos/1950-1954/Di Sarli - Bar Exposicion - Instrumental - 1952.opus
Carlos Di Sarli,Bar Exposición,1954-11-16,Di Sarli Carlos/1950-1954/Di Sarli - Bar Exposicion - Instrumental - 1954.opus
Carlos Di Sarli,Barba de Choclo,1952-02,Di Sarli Carlos/1950-1954/Di Sarli - Barba De Choclo - Instrumental - 1952.opus
Carlos Di Sarli,Bien Frappé,1954-08-31,Di Sarli Carlos/1950-1954/Di Sarli - Bien Frappe - Pomar - 1954.opus
Carlos Di Sarli,Buenos Aires Yo Te Canto,1953-04,Di Sarli Carlos/1950-1954/Di Sarli - Buenos Aires Yo Te Canto - Serpa - 1954.opus
Carlos Di Sarli,Caminito,1952-09,Di Sarli Carlos/1950-1954/Di Sarli - Caminito - Serpa - 1953.opus
Carlos Di Sarli,Cara Sucia,1952-02,Di Sarli Carlos/1950-1954/Di Sarli - Cara Sucia - Instrumental - 1952.opus
Carlos Di Sarli,Castañuelas,1954-12-07,Di Sarli Carlos/1950-1954/Di Sarli - Castanuelas - Pomar - 1954.opus
Carlos Di Sarli,Champagne Tango,1952-04,Di Sarli Carlos/1950-1954/Di Sarli - Champagne Tango - Instrumental - 1952.opus
Carlos Di Sarli,Clavel del Aire,1952-08,Di Sarli Carlos/1950-1954/Di Sarli - Clavel Del Aire - Serpa - 1953.opus
Carlos Di Sarli,Comme Il Faut,1951-11,Di Sarli Carlos/1950-1954/Di Sarli - Comme Il Faut - Instrumental - 1951.opus
Carlos Di Sarli,Como los Nardos en Flor,1951-11,Di Sarli Carlos/1950-1954/Di Sarli - Como Los Nardos En Flor - Instrumental - 1951.opus
Carlos Di Sarli,Con Alma y Vida,1952-07,Di Sarli Carlos/1950-1954/Di Sarli - Con Alma Y Vida - Serpa - 1953.opus
Carlos Di Sarli,Cuatro Vidas,1952-01,Di Sarli Carlos/1950-1954/Di Sarli - Cuatro Vidas - Serpa - 1952.opus
Carlos Di Sarli,Cuidado con los Cincuenta,1954-09-14,Di Sarli Carlos/1950-1954/Di Sarli - Cuidado Con Los Cincuenta - Instrumental - 1954.opus
Carlos Di Sarli,De Vuelta,1952-08,Di Sarli Carlos/1950-1954/Di Sarli - De Vuelta - Serpa - 1953.opus
Carlos Di Sarli,Déjame Hablar,1952-09,Di Sarli Carlos/1950-1954/Di Sarli - Dejame Hablar - Pomar - 1953.opus
Carlos Di Sarli,Del Barrio de las Latas,1953-04,Di Sarli Carlos/1950-1954/Di Sarli - Del Barrio De Las Latas - Pomar - 1954.opus
Carlos Di Sarli,Didí,1951-11,Di Sarli Carlos/1950-1954/Di Sarli - Didi - Instrumental - 1951.opus
Carlos Di Sarli,Dinero Dinero,1952-09,Di Sarli Carlos/1950-1954/Di Sarli - Dinero Dinero - Serpa - 1953.opus
Carlos Di Sarli,Domani,1952-01,Di Sarli Carlos/1950-1954/Di Sarli - Domani - Pomar - 1952.opus
Carlos Di Sarli,Don José María,1952-06,Di Sarli Carlos/1950-1954/Di Sarli - Don Jose Maria - Instrumental - 1952.opus
Carlos Di Sarli,Don José María,1954-09-08,Di Sarli Carlos/1950-1954/Di Sarli - Don Jose Maria - Instrumental - 1954.opus
Carlos Di Sarli,Don Juan,1951-12,Di Sarli Carlos/1950-1954/Di Sarli - Don Juan - Instrumental - 1951.opus
Carlos Di Sarli,Duelo Criollo,1952-10,Di Sarli Carlos/1950-1954/Di Sarli - Duelo Criollo - Pomar - 1953.opus
Carlos Di Sarli,El Amanecer,1951-11,Di Sarli Carlos/1950-1954/Di Sarli - El Amanecer - Instrumental - 1951.opus
Carlos Di Sarli,El Amanecer,1954-08-31,Di Sarli Carlos/1950-1954/Di Sarli - El Amanecer - Instrumental - 1954.opus
Carlos Di Sarli,El Caburé,1951-12,Di Sarli Carlos/1950-1954/Di Sarli - El Cabure - Instrumental - 1951.opus
Carlos Di Sarli,El Choclo,1954-06-30,Di Sarli Carlos/1950-1954/Di Sarli - El Choclo - Instrumental - 1954 (1954).opus
Carlos Di Sarli,El Choclo,1954-06-30,Di Sarli Carlos/1950-1954/Di Sarli - El Choclo - Instrumental - 1954.opus
Carlos Di Sarli,El Ciruja,1951-12,Di Sarli Carlos/1950-1954/Di Sarli - El Ciruja - Instrumental - 1951.opus
Carlos Di Sarli,El Distinguido Ciudadano,1952-06,Di Sarli Carlos/1950-1954/Di Sarli - El Distinguido Ciudadano - Instrumental - 1952.opus
Carlos Di Sarli,El Incendio,1951-11,Di Sarli Carlos/1950-1954/Di Sarli - El Incendio - Instrumental - 1951.opus
Carlos Di Sarli,El Ingeniero,1952-02,Di Sarli Carlos/1950-1954/Di Sarli - El Ingeniero - Instrumental - 1952.opus
Carlos Di Sarli,El Jagüel,1952-09,Di Sarli Carlos/1950-1954/Di Sarli - El Jaguel - Instrumental - 1953.opus
Carlos Di Sarli,El Once,1951-12,Di Sarli Carlos/1950-1954/Di Sarli - El Once - Instrumental - 1951.opus
Carlos Di Sarli,El Once,1954-11-16,Di Sarli Carlos/1950-1954/Di Sarli - El Once - Instrumental - 1954.opus
Carlos Di Sarli,El Opio,1951-11,Di Sarli Carlos/1950-1954/Di Sarli - El Opio - Instrumental - 1951.opus
Carlos Di Sarli,El Pollito,1951-12,Di Sarli Carlos/1950-1954/Di Sarli - El Pollito - Instrumental - 1951.opus
Carlos Di Sarli,El Pollo Ricardo,1951-11,Di Sarli Carlos/1950-1954/Di Sarli - El Pollo Ricardo - Instrumental - 1951.opus
Carlos Di Sarli,El Recodo,1951-12,Di Sarli Carlos/1950-1954/Di Sarli - El Recodo - Instrumental - 1951.opus
Carlos Di Sarli,Germaine,1951-11,Di Sarli Carlos/1950-1954/Di Sarli - Germaine - Instrumental - 1951.opus
Carlos Di Sarli,La Cachila,1952-02,Di Sarli Carlos/1950-1954/Di Sarli - La Cachila - Instrumental - 1952.opus
Carlos Di Sarli,La Capilla Blanca,1952-08,Di Sarli Carlos/1950-1954/Di Sarli - La Capilla Blanca - Pomar - 1953.opus
Carlos Di Sarli,La Cumparsita,1951-11,Di Sarli Carlos/1950-1954/Di Sarli - La Cumparsita - Instrumental - 1951.opus
Carlos Di Sarli,La Morocha,1951-11,Di Sarli Carlos/1950-1954/Di Sarli - La Morocha - Instrumental - 1951.opus
Carlos Di Sarli,La Morocha,1954-09-28,Di Sarli Carlos/1950-1954/Di Sarli - La Morocha - Instrumental - 1954.opus
Carlos Di Sarli,La Novia del Mar,1952-10,Di Sarli Carlos/1950-1954/Di Sarli - La Novia Del Mar - Serpa - 1953.opus
Carlos Di Sarli,La Viruta,1952-06,Di Sarli Carlos/1950-1954/Di Sarli - La Viruta - Instrumental - 1952.opus
Carlos Di Sarli,Los Treinta y Tres Orientales,1952-01,Di Sarli Carlos/1950-1954/Di Sarli - Los Treinta Y Tres Orientales - Instrumental - 1952.opus
Carlos Di Sarli,Marianito,1952-06,Di Sarli Carlos/1950-1954/Di Sarli - Marianito - Instrumental - 1952.opus
Carlos Di Sarli,Mi Refugio,1952-04,Di Sarli Carlos/1950-1954/Di Sarli - Mi Refugio - Instrumental - 1952.opus
Carlos Di Sarli,Milonguero Viejo,1951-11,Di Sarli Carlos/1950-1954/Di Sarli - Milonguero Viejo - Instrumental - 1951.opus
Carlos Di Sarli,Nido Gaucho,1951-11,Di Sarli Carlos/1950-1954/Di Sarli - Nido Gaucho - Pomar - 1951.opus
Carlos Di Sarli,No Matarás,1954-12-07,Di Sarli Carlos/1950-1954/Di Sarli - No Mataras - Serpa - 1954.opus
Carlos Di Sarli,No Me Pregunten Por Qué,1952-07,Di Sarli Carlos/1950-1954/Di Sarli - No Me Pregunten Por Que - Pomar - 1953.opus
Carlos Di Sarli,No Me Pregunten Por Qué,1954-06-30,Di Sarli Carlos/1950-1954/Di Sarli - No Me Pregunten Por Que - Pomar - 1954.opus
Carlos Di Sarli,Nueve Puntos,1952-01,Di Sarli Carlos/1950-1954/Di Sarli - Nueve Puntos - Instrumental - 1952.opus
Carlos Di Sarli,Organito de la Tarde,1951-11,Di Sarli Carlos/1950-1954/Di Sarli - Organito De La Tarde - Instrumental - 1951.opus
Carlos Di Sarli,Organito de la Tarde,1954-08-31,Di Sarli Carlos/1950-1954/Di Sarli - Organito De La Tarde - Instrumental - 1954.opus
Carlos Di Sarli,Patotero Sentimental,1953-01,Di Sarli Carlos/1950-1954/Di Sarli - Patotero Sentimental - Pomar - 1954.opus
Carlos Di Sarli,Pimienta,1952-05,Di Sarli Carlos/1950-1954/Di Sarli - Pimienta - Instrumental - 1952.opus
Carlos Di Sarli,Pobre Buzón,1954-09-08,Di Sarli Carlos/1950-1954/Di Sarli - Pobre Buzon - Pomar - 1954.opus
Carlos Di Sarli,Por el Camino,1952-02,Di Sarli Carlos/1950-1954/Di Sarli - Por El Camino - Serpa - 1952.opus
Carlos Di Sarli,Por Qué Le Llaman Amor,1954-06-30,Di Sarli Carlos/1950-1954/Di Sarli - Por Que Le Llaman Amor - Serpa - 1954.opus
Carlos Di Sarli,Porteña y Nada Más,1952-02,Di Sarli Carlos/1950-1954/Di Sarli - Portena Y Nada Mas - Pomar - 1952.opus
Carlos Di Sarli,Porteño y Bailarín,1952-09,Di Sarli Carlos/1950-1954/Di Sarli - Porteno Y Bailarin - Pomar - 1953.opus
Carlos Di Sarli,Quejas de Bandoneón,1952-09,Di Sarli Carlos/1950-1954/Di Sarli - Quejas De Bandoneon - Instrumental - 1953.opus
Carlos Di Sarli,Quién Te Iguala,1952-08,Di Sarli Carlos/1950-1954/Di Sarli - Quien Te Iguala - Instrumental - 1953.opus
Carlos Di Sarli,Re Fa Si,1952-09,Di Sarli Carlos/1950-1954/Di Sarli - Re FA Si - Instrumental - 1953.opus
Carlos Di Sarli,Rodríguez Peña,1952-01,Di Sarli Carlos/1950-1954/Di Sarli - Rodriguez Pena - Instrumental - 1952.opus
Carlos Di Sarli,Se Muere de Amor,1952-07,Di Sarli Carlos/1950-1954/Di Sarli - Se Muere De Amor - Pomar - 1953.opus
Carlos Di Sarli,Siempre Más,1952-07,Di Sarli Carlos/1950-1954/Di Sarli - Siempre Mas - Serpa - 1953.opus
Carlos Di Sarli,Siete Palabras,1952-02,Di Sarli Carlos/1950-1954/Di Sarli - Siete Palabras - Instrumental - 1952.opus
Carlos Di Sarli,Sin Ti,1954-09-28,Di Sarli Carlos/1950-1954/Di Sarli - Sin Ti - Serpa - 1954.opus
Carlos Di Sarli,Sueño de Juventud,1952-01,Di Sarli Carlos/1950-1954/Di Sarli - Sueno De Juventud - Serpa - 1952.opus
Carlos Di Sarli,Sueño de Juventud,1954-08-31,Di Sarli Carlos/1950-1954/Di Sarli - Sueno De Juventud - Serpa - 1954.opus
Carlos Di Sarli,Tangueando Te Quiero,1952-08,Di Sarli Carlos/1950-1954/Di Sarli - Tangueando Te Quiero - Pomar - 1953.opus
Carlos Di Sarli,Tierra Negra,1952-09,Di Sarli Carlos/1950-1954/Di Sarli - Tierra Negra - Instrumental - 1953.opus
Carlos Di Sarli,Tinta Verde,1954-09-14,Di Sarli Carlos/1950-1954/Di Sarli - Tinta Verde - Instrumental - 1954.opus
Carlos Di Sarli,Tormenta,1954-09-08,Di Sarli Carlos/1950-1954/Di Sarli - Tormenta - Pomar - 1954.opus
Carlos Di Sarli,Tu Pálida Voz,1952-08,Di Sarli Carlos/1950-1954/Di Sarli - Tu Palida Voz - Pomar - 1953.opus
Carlos Di Sarli,Tus Palabras y la Noche,1954-09-14,Di Sarli Carlos/1950-1954/Di Sarli - Tus Palabras Y La Noche - Serpa - 1954.opus
Carlos Di Sarli,Un Desolado Corazón,1954-08-31,Di Sarli Carlos/1950-1954/Di Sarli - Un Desolado Corazon - Serpa - 1954.opus
Carlos Di Sarli,Un Lamento,1952-08,Di Sarli Carlos/1950-1954/Di Sarli - Un Lamento - Instrumental - 1953.opus
Carlos Di Sarli,Un Momento,1952-01,Di Sarli Carlos/1950-1954/Di Sarli - Un Momento - Serpa - 1952.opus
Carlos Di Sarli,Verdemar,1953-01,Di Sarli Carlos/1950-1954/Di Sarli - Verdemar - Serpa - 1954.opus
Carlos Di Sarli,Viento Verde,1952-08,Di Sarli Carlos/1950-1954/Di Sarli - Viento Verde - Serpa - 1953.opus
Carlos Di Sarli,A la Luz del Candil,1956-09-27,Di Sarli Carlos/1955-1959/Di Sarli - A La Luz Del Candil - Duran - 1956.opus
Carlos Di Sarli,Adiós Corazón,1958-01-16,Di Sarli Carlos/1955-1959/Di Sarli - Adios Corazon - Florio - 1958.opus
Carlos Di Sarli,Bahía Blanca,1957-11-21,Di Sarli Carlos/1955-1959/Di Sarli - Bahia Blanca - Instrumental - 1957.opus
Carlos Di Sarli,Bahía Blanca,1958-11-14,Di Sarli Carlos/1955-1959/Di Sarli - Bahia Blanca - Instrumental - 1958.opus
Carlos Di Sarli,Bailemos,1955-07-15,Di Sarli Carlos/1955-1959/Di Sarli - Bailemos - Pomar - 1955.opus
Carlos Di Sarli,Buenas Noches Buenos Aires,1958-01-16,Di Sarli Carlos/1955-1959/Di Sarli - Buenas Noches Buenos Aires - Duran - 1958.opus
Carlos Di Sarli,Buenos Aires,1956-04-26,Di Sarli Carlos/1955-1959/Di Sarli - Buenos Aires - Florio - 1956.opus
Carlos Di Sarli,Calla,1956-12-19,Di Sarli Carlos/1955-1959/Di Sarli - Calla - Florio - 1956.opus
Carlos Di Sarli,Cantemos Corazón,1956-11-02,Di Sarli Carlos/1955-1959/Di Sarli - Cantemos Corazon - Florio - 1956.opus
Carlos Di Sarli,Cara Sucia,1957-07-12,Di Sarli Carlos/1955-1959/Di Sarli - Cara Sucia - Instrumental - 1957.opus
Carlos Di Sarli,Comme Il Faut,1955-07-15,Di Sarli Carlos/1955-1959/Di Sarli - Comme Il Faut - Instrumental - 1955.opus
Carlos Di Sarli,Corazón,1955-02-02,Di Sarli Carlos/1955-1959/Di Sarli - Corazon - Pomar - 1955.opus
Carlos Di Sarli,Cuando Muere una Esperanza,1956-11-02,Di Sarli Carlos/1955-1959/Di Sarli - Cuando Muere Una Esperanza - Duran - 1956.opus
Carlos Di Sarli,Cuánta Angustia,1957-09-30,Di Sarli Carlos/1955-1959/Di Sarli - Cuanta Angustia - Florio - 1957.opus
Carlos Di Sarli,De Qué Podemos Hablar,1957-04-25,Di Sarli Carlos/1955-1959/Di Sarli - De Que Podemos Hablar - Duran - 1957.opus
Carlos Di Sarli,De Qué Podemos Hablar,1956-02-29,Di Sarli Carlos/1955-1959/Di Sarli - De Que Podemos Hablar - Ledesma - 1956.opus
Carlos Di Sarli,Derrotado,1956-09-27,Di Sarli Carlos/1955-1959/Di Sarli - Derrotado - Florio - 1956.opus
Carlos Di Sarli,Destino de Flor,1957-07-12,Di Sarli Carlos/1955-1959/Di Sarli - Destino De Flor - Florio - 1957.opus
Carlos Di Sarli,Don Juan,1955-01-31,Di Sarli Carlos/1955-1959/Di Sarli - Don Juan - Instrumental - 1955.opus
Carlos Di Sarli,Dónde Estás,1958-08-28,Di Sarli Carlos/1955-1959/Di Sarli - Donde Estas - Duran - 1958.opus
Carlos Di Sarli,Duele Más,1956-12-19,Di Sarli Carlos/1955-1959/Di Sarli - Duele Mas - Duran - 1956.opus
Carlos Di Sarli,Duerme Mi Amor,1958-11-13,Di Sarli Carlos/1955-1959/Di Sarli - Duerme Mi Amor - Casares - 1958.opus
Carlos Di Sarli,El Abrojo,1958-11-13,Di Sarli Carlos/1955-1959/Di Sarli - El Abrojo - Instrumental - 1958.opus
Carlos Di Sarli,El Ingeniero,1955-01-31,Di Sarli Carlos/1955-1959/Di Sarli - El Ingeniero - Instrumental - 1955.opus
Carlos Di Sarli,El Jagüel,1956-02-23,Di Sarli Carlos/1955-1959/Di Sarli - El Jaguel - Instrumental - 1956.opus
Carlos Di Sarli,Flor de Amigo,1955-07-15,Di Sarli Carlos/1955-1959/Di Sarli - Flor De Amigo - Pomar - 1955.opus
Carlos Di Sarli,Fogón de Huella,1956-04-18,Di Sarli Carlos/1955-1959/Di Sarli - Fogon De Huella - Florio - 1956.opus
Carlos Di Sarli,Fumando Espero,1956-02-03,Di Sarli Carlos/1955-1959/Di Sarli - Fumando Espero - Florio - 1956.opus
Carlos Di Sarli,Germaine,1955-07-15,Di Sarli Carlos/1955-1959/Di Sarli - Germaine - Instrumental - 1955.opus
Carlos Di Sarli,Hasta Siempre Amor,1958-11-12,Di Sarli Carlos/1955-1959/Di Sarli - Hasta Siempre Amor - Casares - 1958.opus
Carlos Di Sarli,Juan Porteño,1955-01-21,Di Sarli Carlos/1955-1959/Di Sarli - Juan Porteno - Pomar - 1955.opus
Carlos Di Sarli,La Cumparsita,1955-06-20,Di Sarli Carlos/1955-1959/Di Sarli - La Cumparsita - Instrumental - 1955.opus
Carlos Di Sarli,Llámame Amor Mío,1958-11-13,Di Sarli Carlos/1955-1959/Di Sarli - Llamame Amor Mio - Casares - 1958.opus
Carlos Di Sarli,Lo Que Me Hablaron de Vos,1957-04-25,Di Sarli Carlos/1955-1959/Di Sarli - Lo Que Me Hablaron De Vos - Duran - 1957.opus
Carlos Di Sarli,Los Treinta y Tres Orientales,1955-07-28,Di Sarli Carlos/1955-1959/Di Sarli - Los Treinta Y Tres Orientales - Instrumental - 1955.opus
Carlos Di Sarli,Mala Yerba,1956-02-29,Di Sarli Carlos/1955-1959/Di Sarli - Mala Yerba - Gale - 1956.opus
Carlos Di Sarli,Mi Madre Tierra,1955-06-20,Di Sarli Carlos/1955-1959/Di Sarli - Mi Madre Tierra - Serpa - 1955.opus
Carlos Di Sarli,Milonguero Viejo,1955-06-20,Di Sarli Carlos/1955-1959/Di Sarli - Milonguero Viejo - Instrumental - 1955.opus
Carlos Di Sarli,Muriéndome de Amor,1956-12-12,Di Sarli Carlos/1955-1959/Di Sarli - Muriendome De Amor - Duran - 1956.opus
Carlos Di Sarli,Nido Gaucho,1955-09-16,Di Sarli Carlos/1955-1959/Di Sarli - Nido Gaucho - Pomar - 1955.opus
Carlos Di Sarli,No la Maldigas Por Dios,1958-11-14,Di Sarli Carlos/1955-1959/Di Sarli - No La Maldigas Por Dios - Duran - 1958.opus
Carlos Di Sarli,No Me Hablen de Ella,1957-09-30,Di Sarli Carlos/1955-1959/Di Sarli - No Me Hablen De Ella - Duran - 1957.opus
Carlos Di Sarli,No Me Pregunten Por Qué,1956-04-26,Di Sarli Carlos/1955-1959/Di Sarli - No Me Pregunten Por Que - Duran - 1956.opus
Carlos Di Sarli,No Me Supiste Amar,1958-11-27,Di Sarli Carlos/1955-1959/Di Sarli - No Me Supiste Amar - Casares - 1958.opus
Carlos Di Sarli,Noche de Locura,1956-02-03,Di Sarli Carlos/1955-1959/Di Sarli - Noche De Locura - Gale - 1956.opus
Carlos Di Sarli,Novia Provinciana,1956-03-07,Di Sarli Carlos/1955-1959/Di Sarli - Novia Provinciana - Ledesma - 1956.opus
Carlos Di Sarli,Nuestra Noche,1957-04-25,Di Sarli Carlos/1955-1959/Di Sarli - Nuestra Noche - Florio - 1957.opus
Carlos Di Sarli,Nueve Puntos,1956-03-07,Di Sarli Carlos/1955-1959/Di Sarli - Nueve Puntos - Instrumental - 1956.opus
Carlos Di Sarli,Pato Alegre,1955-07-28,Di Sarli Carlos/1955-1959/Di Sarli - Pato Alegre - Serpa - 1955.opus
Carlos Di Sarli,Pobre Buzón,1956-12-12,Di Sarli Carlos/1955-1959/Di Sarli - Pobre Buzon - Florio - 1956.opus
Carlos Di Sarli,Por Qué Regresas Tú,1956-04-18,Di Sarli Carlos/1955-1959/Di Sarli - Por Que Regresas Tu - Florio - 1956.opus
Carlos Di Sarli,Por Quererla Así,1958-11-27,Di Sarli Carlos/1955-1959/Di Sarli - Por Quererla Asi - Duran - 1958.opus
Carlos Di Sarli,Por un Te Quiero,1957-10-04,Di Sarli Carlos/1955-1959/Di Sarli - Por Un Te Quiero - Florio - 1957.opus
Carlos Di Sarli,Quién Sino Tú,1956-12-19,Di Sarli Carlos/1955-1959/Di Sarli - Quien Sino Tu - Duran y Florio - 1956.opus
Carlos Di Sarli,Rodríguez Peña,1956-02-23,Di Sarli Carlos/1955-1959/Di Sarli - Rodriguez Pena - Instrumental - 1956.opus
Carlos Di Sarli,Serenata Mía,1957-11-21,Di Sarli Carlos/1955-1959/Di Sarli - Serenata Mia - Duran y Florio - 1957.opus
Carlos Di Sarli,Si Nos Queremos Todavía,1958-11-20,Di Sarli Carlos/1955-1959/Di Sarli - Si Nos Queremos Todavia - Duran - 1958.opus
Carlos Di Sarli,Sin Ella,1955-02-02,Di Sarli Carlos/1955-1959/Di Sarli - Sin Ella - Serpa - 1955.opus
Carlos Di Sarli,Sonatina,1956-10-19,Di Sarli Carlos/1955-1959/Di Sarli - Sonatina - Duran - 1956.opus
Carlos Di Sarli,Soñemos,1957-04-25,Di Sarli Carlos/1955-1959/Di Sarli - Sonemos - Florio - 1957.opus
Carlos Di Sarli,Tenía Que Suceder,1955-06-20,Di Sarli Carlos/1955-1959/Di Sarli - Tenia Que Suceder - Pomar - 1955.opus
Carlos Di Sarli,Una Fija,1958-11-12,Di Sarli Carlos/1955-1959/Di Sarli - Una Fija - Instrumental - 1958.opus
Carlos Di Sarli,Verdemar,1955-09-16,Di Sarli Carlos/1955-1959/Di Sarli - Verdemar - Serpa - 1955.opus
Carlos Di Sarli,Viviani,1956-12-19,Di Sarli Carlos/1955-1959/Di Sarli - Viviani - Instrumental - 1956.opus
Carlos Di Sarli,Whisky,1957-10-04,Di Sarli Carlos/1955-1959/Di Sarli - Whisky - Duran - 1957.opus
Carlos Di Sarli,Y Todavía Te Quiero,1956-10-19,Di Sarli Carlos/1955-1959/Di Sarli - Y Todavia Te Quiero - Florio - 1956.opus
Edgardo Donato,La Cumparsita,1929-09-19,Donato Edgardo/1925-1929/Donato - La Cumparsita - Magaldi - 1929.opus
Edgardo Donato,Adelina,1930-05-15,Donato Edgardo/1930-1934/Donato - Adelina - Diaz - 1930.opus
Edgardo Donato,Berretín,1934-06-28,Donato Edgardo/1930-1934/Donato - Berretin - Maida - 1934.opus
Edgardo Donato,Buena Yunta,1930-05-19,Donato Edgardo/1930-1934/Donato - Buena Yunta - Instrumental - 1930.opus
Edgardo Donato,"Che, Fayuto",1930-07-10,"Donato Edgardo/1930-1934/Donato - Che, Fayuto - Diaz - 1930.opus"
Edgardo Donato,Congoja,1930-09-19,Donato Edgardo/1930-1934/Donato - Congoja - Diaz - 1930.opus
Edgardo Donato,Corazón Pa'los Perros,1930-07-12,Donato Edgardo/1930-1934/Donato - Corazon Pa'los Perros - Instrumental - 1930.opus
Edgardo Donato,Corrales Viejos,1934-10-05,Donato Edgardo/1930-1934/Donato - Corrales Viejos - Maida - 1934.opus
Edgardo Donato,Desertora,1930-09-05,Donato Edgardo/1930-1934/Donato - Desertora - Diaz - 1930.opus
Edgardo Donato,El Acomodo,1933-09-11,Donato Edgardo/1930-1934/Donato - El Acomodo - Instrumental - 1933.opus
Edgardo Donato,El Amor Hace Fruncir,1930-09-10,Donato Edgardo/1930-1934/Donato - El Amor Hace Fruncir - Instrumental - 1930.opus
Edgardo Donato,El Barrio Murmura,1930-10-08,Donato Edgardo/1930-1934/Donato - El Barrio Murmura - Diaz - 1930.opus
Edgardo Donato,El Huracán,1932-12-09,Donato Edgardo/1930-1934/Donato - El Huracan - Gutierrez - 1932.opus
Edgardo Donato,El Once Glorioso,1930-09-17,Donato Edgardo/1930-1934/Donato - El Once Glorioso - Diaz - 1930.opus
Edgardo Donato,El Tejo,1930-05-05,Donato Edgardo/1930-1934/Donato - El Tejo - Instrumental - 1930.opus
Edgardo Donato,Entre Penas y Dolores,1930-07-10,Donato Edgardo/1930-1934/Donato - Entre Penas Y Dolores - Instrumental - 1930.opus
Edgardo Donato,Ésto Es el Colmo,1934-01-09,Donato Edgardo/1930-1934/Donato - Esto Es El Colmo - Maida - 1934.opus
Edgardo Donato,Felicia,1930-07-01,Donato Edgardo/1930-1934/Donato - Felicia - Instrumental - 1930.opus
Edgardo Donato,Frente a Frente,1930-08-27,Donato Edgardo/1930-1934/Donato - Frente A Frente - Instrumental - 1930.opus
Edgardo Donato,Juramento,1930-10-17,Donato Edgardo/1930-1934/Donato - Juramento - Instrumental - 1930.opus
Edgardo Donato,La Guitarrita,1930-10-08,Donato Edgardo/1930-1934/Donato - La Guitarrita - Instrumental - 1930.opus
Edgardo Donato,La Novena,1933-07-13,Donato Edgardo/1930-1934/Donato - La Novena - Gutierrez - 1933.opus
Edgardo Donato,La Tapera,1931-05-13,Donato Edgardo/1930-1934/Donato - La Tapera - Vivan - 1931.opus
Edgardo Donato,Lágrimas,1931-08-13,Donato Edgardo/1930-1934/Donato - Lagrimas - Ibanez - 1931.opus
Edgardo Donato,Madrecita,1930-12-10,Donato Edgardo/1930-1934/Donato - Madrecita - Diaz - 1930.opus
Edgardo Donato,Mocito Rana,1930-10-17,Donato Edgardo/1930-1934/Donato - Mocito Rana - Instrumental - 1930.opus
Edgardo Donato,Palabras Falsas,1930-08-28,Donato Edgardo/1930-1934/Donato - Palabras Falsas - Diaz - 1930.opus
Edgardo Donato,Pibe Palermo,1930-06-27,Donato Edgardo/1930-1934/Donato - Pibe Palermo - Instrumental - 1930.opus
Edgardo Donato,Pobre Soñador,1933-06-21,Donato Edgardo/1930-1934/Donato - Pobre Sonador - Gutierrez - 1933.opus
Edgardo Donato,"Qué Hacés, Qué Hacés",1933-11-29,Donato Edgardo/1930-1934/Donato - Que Haces Que Haces - Gutierrez - 1933.opus
Edgardo Donato,"Qué Hacés, Qué Hacés",1933-11-29,"Donato Edgardo/1930-1934/Donato - Que Haces, Que Haces - Gutierrez - 1933.opus"
Edgardo Donato,"Quién Más, Quién Menos",1934-11-02,"Donato Edgardo/1930-1934/Donato - Quien Mas, Quien Menos - Maida y Randona - 1934.opus"
Edgardo Donato,Riachuelo,1934-06-28,Donato Edgardo/1930-1934/Donato - Riachuelo - Maida y Randona - 1934.opus
Edgardo Donato,Ruego,1934-02-09,Donato Edgardo/1930-1934/Donato - Ruego - Maida y Randona - 1934.opus
Edgardo Donato,Santa Milonguita,1933-10-31,Donato Edgardo/1930-1934/Donato - Santa Milonguita - Gutierrez - 1933.opus
Edgardo Donato,Severino,1930-06-13,Donato Edgardo/1930-1934/Donato - Severino - Diaz - 1930.opus
Edgardo Donato,"Si Te Perdés, Chiflame",1934-12-19,"Donato Edgardo/1930-1934/Donato - Si Te Perdes, Chiflame - Maida - 1934.opus"
Edgardo Donato,Tierrita,1934-09-14,Donato Edgardo/1930-1934/Donato - Tierrita - Instrumental - 1934.opus
Edgardo Donato,Y Llegó el Amor,1934-06-28,Donato Edgardo/1930-1934/Donato - Y Llego El Amor - Maida - 1934.opus
Edgardo Donato,Alas Rotas,1938-12-09,Donato Edgardo/1935-1939/Donato - Alas Rotas - Lagos - 1938.opus
Edgardo Donato,Así Es el Tango,1937-02-12,Donato Edgardo/1935-1939/Donato - Asi Es El Tango - Lagos - 1937.opus
Edgardo Donato,Cantando Bajito,1938-08-29,Donato Edgardo/1935-1939/Donato - Cantando Bajito - Lagos - 1938.opus
Edgardo Donato,Carnaval de Mi Barrio,1939-03-27,Donato Edgardo/1935-1939/Donato - Carnaval De Mi Barrio - Morales y Lagos - 1939.opus
Edgardo Donato,Chapaleando Barro,1939-08-31,Donato Edgardo/1935-1939/Donato - Chapaleando Barro - Morales y Lagos - 1939.opus
Edgardo Donato,Chiqué,1936-01-17,Donato Edgardo/1935-1939/Donato - Chique - Instrumental - 1936.opus
Edgardo Donato,Con Tus Besos,1938-04-02,Donato Edgardo/1935-1939/Donato - Con Tus Besos - Lagos - 1938.opus
Edgardo Donato,De Punta a Punta,1939-03-06,Donato Edgardo/1935-1939/Donato - De Punta A Punta - Lagos - 1939.opus
Edgardo Donato,Diós Lo Sabe,1935-06-13,Donato Edgardo/1935-1939/Donato - Dios Lo Sabe - Alessio - 1935.opus
Edgardo Donato,El Adiós,1938-04-02,Donato Edgardo/1935-1939/Donato - El Adios - Lagos - 1938.opus
Edgardo Donato,El Chamuyo,1938-10-10,Donato Edgardo/1935-1939/Donato - El Chamuyo - Instrumental - 1938.opus
Edgardo Donato,El Estagiario,1938-02-05,Donato Edgardo/1935-1939/Donato - El Estagiario - Instrumental - 1938.opus
Edgardo Donato,El Torito,1939-11-14,Donato Edgardo/1935-1939/Donato - El Torito - Instrumental - 1939.opus
Edgardo Donato,El Vals de los Recuerdos,1935-04-04,Donato Edgardo/1935-1939/Donato - El Vals De Los Recuerdos - Del Carril - 1935.opus
Edgardo Donato,Elegante Papirusa,1935-11-20,Donato Edgardo/1935-1939/Donato - Elegante Papirusa - Instrumental - 1935.opus
Edgardo Donato,Ella Es Así,1938-10-10,Donato Edgardo/1935-1939/Donato - Ella Es Asi - Lagos - 1938.opus
Edgardo Donato,Gato,1937-02-12,Donato Edgardo/1935-1939/Donato - Gato - Lagos - 1937.opus
Edgardo Donato,Hacete Cartel,1937-07-16,Donato Edgardo/1935-1939/Donato - Hacete Cartel - Lagos - 1937.opus
Edgardo Donato,Hay Que Acomodarse,1935-10-11,Donato Edgardo/1935-1939/Donato - Hay Que Acomodarse - Lagos - 1935.opus
Edgardo Donato,La Caída de la Estantería,1935-02-05,Donato Edgardo/1935-1939/Donato - La Caida De La Estanteria - Del Carril - 1935.opus
Edgardo Donato,La Cumparsita,1935-05-06,Donato Edgardo/1935-1939/Donato - La Cumparsita - Instrumental - 1935.opus
Edgardo Donato,La Milonga Que Faltaba,1938-02-05,Donato Edgardo/1935-1939/Donato - La Milonga Que Faltaba - Lagos - 1938.opus
Edgardo Donato,La Mimada,1939-01-26,Donato Edgardo/1935-1939/Donato - La Mimada - Lagos - 1939.opus
Edgardo Donato,La Tablada,1936-08-06,Donato Edgardo/1935-1939/Donato - La Tablada - Instrumental - 1936.opus
Edgardo Donato,La Tapera,1936-03-10,Donato Edgardo/1935-1939/Donato - La Tapera - Gutierrez - 1936.opus
Edgardo Donato,Madame Ivonne,1935-02-20,Donato Edgardo/1935-1939/Donato - Madame Ivonne - Gomez y Del Carril - 1935.opus
Edgardo Donato,Mañana,1936-03-10,Donato Edgardo/1935-1939/Donato - Manana - Gutierrez - 1936.opus
Edgardo Donato,Me Voy a Baraja,1936-09-10,Donato Edgardo/1935-1939/Donato - Me Voy A Baraja - Lagos - 1936.opus
Edgardo Donato,Muchacho de Cafetín,1935-04-04,Donato Edgardo/1935-1939/Donato - Muchacho De Cafetin - Del Carril - 1935.opus
Edgardo Donato,No Te Cases,1937-01-23,Donato Edgardo/1935-1939/Donato - No Te Cases - Lagos - 1937.opus
Edgardo Donato,Noches Correntinas,1939-11-14,Donato Edgardo/1935-1939/Donato - Noches Correntinas - Lagos y Gavioli - 1939.opus
Edgardo Donato,Papas Calientes,1937-11-29,Donato Edgardo/1935-1939/Donato - Papas Calientes - Instrumental - 1937.opus
Edgardo Donato,Pasión Criolla,1939-08-02,Donato Edgardo/1935-1939/Donato - Pasion Criolla - Instrumental - 1939.opus
Edgardo Donato,Picaflor,1935-07-03,Donato Edgardo/1935-1939/Donato - Picaflor - Alessio - 1935.opus
Edgardo Donato,Rosa Poneme una Ventosa,1935-03-21,Donato Edgardo/1935-1939/Donato - Rosa Poneme Una Ventosa - Del Carril y Randona - 1935.opus
Edgardo Donato,Sacale Punta,1938-03-09,Donato Edgardo/1935-1939/Donato - Sacale Punta - Lagos - 1938.opus
Edgardo Donato,Se Va la Vida,1936-10-07,Donato Edgardo/1935-1939/Donato - Se Va La Vida - Lagos - 1936.opus
Edgardo Donato,Sinsabor,1939-06-05,Donato Edgardo/1935-1939/Donato - Sinsabor - Morales y Lagos - 1939.opus
Edgardo Donato,Sombra Gaucha,1939-03-27,Donato Edgardo/1935-1939/Donato - Sombra Gaucha - Lagos y Morales - 1939.opus
Edgardo Donato,Soy Mendigo,1939-08-31,Donato Edgardo/1935-1939/Donato - Soy Mendigo - Lagos - 1939.opus
Edgardo Donato,Te Gané de Mano,1938-07-06,Donato Edgardo/1935-1939/Donato - Te Gane De Mano - Lagos y Randona - 1938.opus
Edgardo Donato,Tiempos Bravos,1938-07-06,Donato Edgardo/1935-1939/Donato - Tiempos Bravos - Instrumental - 1938.opus
Edgardo Donato,Vivo Sin Sombras Lejos de Tí,1938-08-29,Donato Edgardo/1935-1939/Donato - Vivo Sin Sombras Lejos De Ti - Lagos - 1938.opus
Edgardo Donato,A Media Luz,1941-10-13,Donato Edgardo/1940-1944/Donato - A Media Luz - Lagos - 1941.opus
Edgardo Donato,A Oscuras,1941-06-11,Donato Edgardo/1940-1944/Donato - A Oscuras - Lagos - 1941.opus
Edgardo Donato,Amando en Silencio,1941-02-05,Donato Edgardo/1940-1944/Donato - Amando En Silencio - Lagos y Gavioli - 1941.opus
Edgardo Donato,Campo Afuera,1940-04-05,Donato Edgardo/1940-1944/Donato - Campo Afuera - Lagos - 1940.opus
Edgardo Donato,El Distinguido Ciudadano,1940-07-18,Donato Edgardo/1940-1944/Donato - El Distinguido Ciudadano - Instrumental - 1940.opus
Edgardo Donato,El Lengue,1940-12-13,Donato Edgardo/1940-1944/Donato - El Lengue - Instrumental - 1940.opus
Edgardo Donato,Estrellita Mia,1940,Donato Edgardo/1940-1944/Donato - Estrellita Mia - Gavioli y Morales y Lagos - 1940.opus
Edgardo Donato,Fue Mi Salvación,1940-11-22,Donato Edgardo/1940-1944/Donato - Fue Mi Salvacion - Lagos - 1940.opus
Edgardo Donato,La Melodía del Corazón,1940-04-30,Donato Edgardo/1940-1944/Donato - La Melodia Del Corazon - Gavioli - 1940.opus
Edgardo Donato,La Shunca,1941-04-08,Donato Edgardo/1940-1944/Donato - La Shunca - Gavioli y Morales y Lagos - 1941.opus
Edgardo Donato,Mi Serenata,1940-01-11,Donato Edgardo/1940-1944/Donato - Mi Serenata - Morales y Gavioli - 1940.opus
Edgardo Donato,Mis Pesares,1941-02-18,Donato Edgardo/1940-1944/Donato - Mis Pesares - Lagos - 1941.opus
Edgardo Donato,Mishiadura,1942-03-11,Donato Edgardo/1940-1944/Donato - Mishiadura - Instrumental - 1942.opus
Edgardo Donato,Quién Será,1941-10-13,Donato Edgardo/1940-1944/Donato - Quien Sera - Lagos - 1941.opus
Edgardo Donato,Repique del Corazón,1941-02-18,Donato Edgardo/1940-1944/Donato - Repique Del Corazon - Lagos y Gavioli - 1941.opus
Edgardo Donato,Sentir del Corazón,1940-12-13,Donato Edgardo/1940-1944/Donato - Sentir del Corazon - Lagos y Gavioli - 1940.opus
Edgardo Donato,Sinfonía de Arrabal,1940-04-05,Donato Edgardo/1940-1944/Donato - Sinfonia De Arrabal - Lagos y Morales y Gavioli - 1940.opus
Edgardo Donato,Te Busco,1941-07-21,Donato Edgardo/1940-1944/Donato - Te Busco - Lagos - 1941.opus
Edgardo Donato,Triqui-Trá,1940-01-24,Donato Edgardo/1940-1944/Donato - Triqui-Tra - Morales - 1940.opus
Edgardo Donato,Un Libro,1941-08-06,Donato Edgardo/1940-1944/Donato - Un Libro - Lagos - 1941.opus
Edgardo Donato,Volverás Pero Cuándo,1940-01-11,Donato Edgardo/1940-1944/Donato - Volveras Pero Cuando - Morales y Lagos y Gavioli - 1940.opus
Edgardo Donato,Yo Te Amo,1940-09-30,Donato Edgardo/1940-1944/Donato - Yo Te Amo - Morales y Gavioli - 1940.opus
Edgardo Donato,Apronte,1953-01-02,Donato Edgardo/1950-1954/Donato - Apronte - Morel - 1953.opus
Edgardo Donato,Berretines de Bacana,1953-01-02,Donato Edgardo/1950-1954/Donato - Berretines De Bacana - Morel - 1953.opus
Edgardo Donato,Cartón Ligador,1951-09-17,Donato Edgardo/1950-1954/Donato - Carton Ligador - Instrumental - 1951.opus
Edgardo Donato,El Descolado,1953-07-25,Donato Edgardo/1950-1954/Donato - El Descolado - Morel - 1953.opus
Edgardo Donato,El Huracán,1950-04-14,Donato Edgardo/1950-1954/Donato - El Huracan - Almada - 1950.opus
Edgardo Donato,El Pollito,1954-06-10,Donato Edgardo/1950-1954/Donato - El Pollito - Instrumental - 1954.opus
Edgardo Donato,Jorge Duval,1950-08-14,Donato Edgardo/1950-1954/Donato - Jorge Duval - Instrumental - 1950.opus
Edgardo Donato,Muchacho,1951-11-13,Donato Edgardo/1950-1954/Donato - Muchacho - Almada - 1951.opus
Edgardo Donato,Para Qué,1952-11-04,Donato Edgardo/1950-1954/Donato - Para Que - Instrumental - 1952.opus
Edgardo Donato,Por Eso Canto Así,1953-11-27,Donato Edgardo/1950-1954/Donato - Por Eso Canto Asi - Angelo - 1953.opus
Edgardo Donato,Por Qué No Me Besas,1950-10-16,Donato Edgardo/1950-1954/Donato - Por Que No Me Besas - Rivas - 1950.opus
Edgardo Donato,Por una Mujer,1952-01-18,Donato Edgardo/1950-1954/Donato - Por Una Mujer - Almada - 1952.opus
Edgardo Donato,Sangre de Mi Sangre,1953-04-24,Donato Edgardo/1950-1954/Donato - Sangre De Mi Sangre - Angelo - 1953.opus
Edgardo Donato,T. B. C.,1953-08-11,Donato Edgardo/1950-1954/Donato - T. B. C. - Morel y Angelo - 1953.opus
Edgardo Donato,Tu Desprecio,1950-12-26,Donato Edgardo/1950-1954/Donato - Tu Desprecio - Rivas - 1950.opus
Edgardo Donato,Una Canción,1953-08-11,Donato Edgardo/1950-1954/Donato - Una Cancion - Morel - 1953.opus
Edgardo Donato,Yo Nací Para Palermo,1954-12-17,Donato Edgardo/1950-1954/Donato - Yo Naci Para Palermo - Morel - 1954.opus
Edgardo Donato,Manantial,1956-10-02,Donato Edgardo/1955-1959/Donato - Manantial - Instrumental - 1956.opus
Edgardo Donato,Rosa de Fuego,1957-03-19,Donato Edgardo/1955-1959/Donato - Rosa De Fuego - Aguirre - 1957.opus
Edgardo Donato,Sencillo Pero Vistoso,1956-04-06,Donato Edgardo/1955-1959/Donato - Sencillo Pero Vistoso - Instrumental - 1956.opus
Domingo Federico,Ella Me Dio Esta Pena,1944-12-27,Federico Domingo/1940-1944/Federico - Ella Me Dio Esta Pena - Vidal - 1944.opus
Domingo Federico,Saludos,1944-04-10,Federico Domingo/1940-1944/Federico - Saludos - Instrumental - 1944.opus
Domingo Federico,Tu Melodía,1944-12-27,Federico Domingo/1940-1944/Federico - Tu Melodia - Vidal - 1944.opus
Domingo Federico,Y Así Nacío Este Tango,1944-09-12,Federico Domingo/1940-1944/Federico - Y Asi Nacio Este Tango - Vidal - 1944.opus
Domingo Federico,Yuyo Verde,1944-09-12,Federico Domingo/1940-1944/Federico - Yuyo Verde - Vidal - 1944.opus
Domingo Federico,Al Compás del Corazón,1947-11-14,Federico Domingo/1945-1949/Federico - Al Compas del Corazon - Vidal - 1947.opus
Domingo Federico,Canción Desesperada,1945-11-26,Federico Domingo/1945-1949/Federico - Cancion Desesperada - Vidal - 1945.opus
Domingo Federico,Candombe,1949-04-15,Federico Domingo/1945-1949/Federico - Candombe - Moreno - 1949.opus
Domingo Federico,Con el Mayor Gusto,1949-10-14,Federico Domingo/1945-1949/Federico - Con el Mayor Gusto - Instrumental - 1949.opus
Domingo Federico,Cosas del Amor,1948-03-05,Federico Domingo/1945-1949/Federico - Cosas del Amor - Larroca - 1948.opus
Domingo Federico,Déjame Volver Para Mi Pueblo,1945-04-20,Federico Domingo/1945-1949/Federico - Dejame Volver Para Mi Pueblo - Vidal - 1945.opus
Domingo Federico,El Adiós de Gabino Ezeiza,1947-11-14,Federico Domingo/1945-1949/Federico - El Adios de Gabino Ezeiza - Larroca - 1947.opus
Domingo Federico,El Mayoral,1946-04-24,Federico Domingo/1945-1949/Federico - El Mayoral - Larroca - 1946.opus
Domingo Federico,En Carne Propia,1946-07-22,Federico Domingo/1945-1949/Federico - En Carne Propia - Vidal - 1946.opus
Domingo Federico,Esa Noche,1946-07-22,Federico Domingo/1945-1949/Federico - Esa Noche - Larroca - 1946.opus
Domingo Federico,Flores del Alma,1947-06-04,Federico Domingo/1945-1949/Federico - Flores del Alma - Larroca - 1947.opus
Domingo Federico,Futuro,1945-06-19,Federico Domingo/1945-1949/Federico - Futuro - Instrumental - 1945.opus
Domingo Federico,Honda Tristeza,1945-10-22,Federico Domingo/1945-1949/Federico - Honda Tristeza - Instrumental - 1945.opus
Domingo Federico,Justo el 31,1949-10-14,Federico Domingo/1945-1949/Federico - Justo el 31 - Bustos - 1949.opus
Domingo Federico,La Mazorquera de Montserrat,1947-04-18,Federico Domingo/1945-1949/Federico - La Mazorquera de Montserrat - Vidal - 1947.opus
Domingo Federico,Mamá Llévame Pa'l Pueblo,1947-10-22,Federico Domingo/1945-1949/Federico - Mama Llevame Pa'l Pueblo - Vidal - 1947.opus
Domingo Federico,María,1945-11-26,Federico Domingo/1945-1949/Federico - Maria - Larroca - 1945.opus
Domingo Federico,Me Gusta un Tango Así,1947-10-22,Federico Domingo/1945-1949/Federico - Me Gusta un Tango Asi - Larroca - 1947.opus
Domingo Federico,Mi Dolor,1947-05-30,Federico Domingo/1945-1949/Federico - Mi Dolor - Larroca - 1947.opus
Domingo Federico,Música en Tu Corazón,1946-04-24,Federico Domingo/1945-1949/Federico - Musica en Tu Corazon - Vidal - 1946.opus
Domingo Federico,Palabra,1946-11-14,Federico Domingo/1945-1949/Federico - Palabra - Vidal - 1946.opus
Domingo Federico,Para Qué Te Quiero Tanto,1945-07-19,Federico Domingo/1945-1949/Federico - Para Que Te Quiero Tanto - Vidal - 1945.opus
Domingo Federico,Puente Alsina,1949-11-25,Federico Domingo/1945-1949/Federico - Puente Alsina - Bustos - 1949.opus
Domingo Federico,Qué Camine Sola,1949-11-16,Federico Domingo/1945-1949/Federico - Que Camine Sola - Roca - 1949.opus
Domingo Federico,Quiéreme Como Soy,1945-05-15,Federico Domingo/1945-1949/Federico - Quiereme Como Soy - Vidal - 1945.opus
Domingo Federico,Recuerdo,1948-09-30,Federico Domingo/1945-1949/Federico - Recuerdo - Instrumental - 1948.opus
Domingo Federico,Remolino,1946-08-21,Federico Domingo/1945-1949/Federico - Remolino - Larroca - 1946.opus
Domingo Federico,Se Lo Conté Al Bandoneón,1947-07-01,Federico Domingo/1945-1949/Federico - Se Lo Conte Al Bandoneon - Larroca - 1947.opus
Domingo Federico,Senda Florida,1945-02-22,Federico Domingo/1945-1949/Federico - Senda Florida - Vidal - 1945.opus
Domingo Federico,Tango del Querer,1945-09-06,Federico Domingo/1945-1949/Federico - Tango del Querer - Larroca - 1945.opus
Domingo Federico,Te Espero en Rodríguez Peña,1946-12-03,Federico Domingo/1945-1949/Federico - Te Espero en Rodriguez Pena - Larroca - 1946.opus
Domingo Federico,Tropical,1946-11-14,Federico Domingo/1945-1949/Federico - Tropical - Instrumental - 1946.opus
Domingo Federico,Un Pasaje de Mi Vida,1945-06-19,Federico Domingo/1945-1949/Federico - Un Pasaje de Mi Vida - Larroca - 1945.opus
Domingo Federico,Un Tal Medina,1946-05-23,Federico Domingo/1945-1949/Federico - Un Tal Medina - Larroca - 1946.opus
Domingo Federico,Voz de Barrio,1945-10-22,Federico Domingo/1945-1949/Federico - Voz de Barrio - Larroca - 1945.opus
Domingo Federico,Yo,1945-04-20,Federico Domingo/1945-1949/Federico - Yo - Vidal - 1945.opus
Domingo Federico,Zapatos,1945-07-19,Federico Domingo/1945-1949/Federico - Zapatos - Larroca - 1945.opus
Domingo Federico,A Bailar,1953-11-04,Federico Domingo/1950-1954/Federico - A Bailar - Moreno - 1953.opus
Domingo Federico,A María Rosa,1954-02-11,Federico Domingo/1950-1954/Federico - A Maria Rosa - Instrumental - 1954.opus
Domingo Federico,Barrio Viejo,1950-08-25,Federico Domingo/1950-1954/Federico - Barrio Viejo - Valentino - 1950.opus
Domingo Federico,Canto,1950-03-23,Federico Domingo/1950-1954/Federico - Canto - Roca - 1950.opus
Domingo Federico,Cualquier Cosa,1951-04-10,Federico Domingo/1950-1954/Federico - Cualquier Cosa - Valentino - 1951.opus
Domingo Federico,Cumpleaños de Mi Madre,1953-11-04,Federico Domingo/1950-1954/Federico - Cumpleanos de Mi Madre - Moreno - 1953.opus
Domingo Federico,Designio,1954-02-11,Federico Domingo/1950-1954/Federico - Designio - Moreno - 1954.opus
Domingo Federico,El Marajá,1951-08-03,Federico Domingo/1950-1954/Federico - El Maraja - Instrumental - 1951.opus
Domingo Federico,El Simpático,1950-08-25,Federico Domingo/1950-1954/Federico - El Simpatico - Instrumental - 1950.opus
Domingo Federico,En la Buena y en la Mala,1953-05-27,Federico Domingo/1950-1954/Federico - En la Buena y en la Mala - Moreno - 1953.opus
Domingo Federico,Estampa de Matón,1951-04-10,Federico Domingo/1950-1954/Federico - Estampa de Maton - Valdez - 1951.opus
Domingo Federico,Flores Artificiales,1952-07-21,Federico Domingo/1950-1954/Federico - Flores Artificiales - Moreno - 1952.opus
Domingo Federico,La Carta Que Me Dejaste,1952-07-21,Federico Domingo/1950-1954/Federico - La Carta Que Me Dejaste - Moreno - 1952.opus
Domingo Federico,Muy Suave,1954-04-07,Federico Domingo/1950-1954/Federico - Muy Suave - Instrumental - 1954.opus
Domingo Federico,Otario Que Andás Penando,1954-04-07,Federico Domingo/1950-1954/Federico - Otario Que Andas Penando - Moreno - 1954.opus
Domingo Federico,Percal,1952-08-25,Federico Domingo/1950-1954/Federico - Percal - Moreno - 1952.opus
Domingo Federico,Pobre Arlequín,1952-11-24,Federico Domingo/1950-1954/Federico - Pobre Arlequin - Moreno - 1952.opus
Domingo Federico,Por Qué Perdí su Querer,1953-04-29,Federico Domingo/1950-1954/Federico - Por Que Perdi su Querer - Moreno - 1953.opus
Domingo Federico,Ronda Sentimental,1952-05-26,Federico Domingo/1950-1954/Federico - Ronda Sentimental - Moreno - 1952.opus
Domingo Federico,Tango Argentino,1950-03-20,Federico Domingo/1950-1954/Federico - Tango Argentino - Bustos - 1950.opus
Domingo Federico,Tiburón,1950-03-23,Federico Domingo/1950-1954/Federico - Tiburon - Bustos - 1950.opus
Domingo Federico,Tristezas de la Calle Corrientes,1952-09-11,Federico Domingo/1950-1954/Federico - Tristezas de la Calle Corrientes - Valdez - 1952.opus
Domingo Federico,Valsecito de Antes,1952-09-11,Federico Domingo/1950-1954/Federico - Valsecito de Antes - Moreno - 1952.opus
Domingo Federico,Yo Te Adoro,1952-05-26,Federico Domingo/1950-1954/Federico - Yo Te Adoro - Moreno - 1952.opus
Domingo Federico,Charlemos,1956-06-29,Federico Domingo/1955-1959/Federico - Charlemos - Rossi - 1956.opus
Domingo Federico,Corazón Encadenado,1955-01-20,Federico Domingo/1955-1959/Federico - Corazon Encadenado - Moreno - 1955.opus
Domingo Federico,Pobre Novia,1955-01-20,Federico Domingo/1955-1959/Federico - Pobre Novia - Moreno - 1955.opus
Domingo Federico,Y Todavía Te Quiero,1956-06-29,Federico Domingo/1955-1959/Federico - Y Todavia Te Quiero - Moreno - 1956.opus
Domingo Federico,Negro,1960-01-12,Federico Domingo/1960-1964/Federico - Negro - Sanchez - 1960.opus
Domingo Federico,Portero Suba y Diga,1960-01-12,Federico Domingo/1960-1964/Federico - Portero Suba y Diga - Maciel - 1960.opus
Domingo Federico,Presentación,1960-01-12,Federico Domingo/1960-1964/Federico - Presentacion - Instrumental - 1960.opus
Domingo Federico,Tus Ojos Me Aprisionan,1960-01-12,Federico Domingo/1960-1964/Federico - Tus Ojos Me Aprisionan - Sanchez - 1960.opus
Domingo Federico,El Chamuyo,1968-08-08,Federico Domingo/1965-1969/Federico - El Chamuyo - Instrumental - 1968.opus
Domingo Federico,Felicia,1968-08-20,Federico Domingo/1965-1969/Federico - Felicia - Instrumental - 1968.opus
Domingo Federico,La Gente Siempre la Gente,1969,Federico Domingo/1965-1969/Federico - La Gente Siempre la Gente - Vidal - 1969.opus
Domingo Federico,Mansa,1969,Federico Domingo/1965-1969/Federico - Mansa - Vidal - 1969.opus
Osvaldo Fresedo,Almagro,1923-06-19,Fresedo Osvaldo/1920-1924/Fresedo - Almagro - Instrumental - 1923.opus
Osvaldo Fresedo,Almita Herida,1922-08-25,Fresedo Osvaldo/1920-1924/Fresedo - Almita Herida - Instrumental - 1922.opus
Osvaldo Fresedo,Atropellando,1923-06-11,Fresedo Osvaldo/1920-1924/Fresedo - Atropellando - Instrumental - 1923.opus
Osvaldo Fresedo,Elegante Papirusa,1922-07-21,Fresedo Osvaldo/1920-1924/Fresedo - Elegante Papirusa - Instrumental - 1922.opus
Osvaldo Fresedo,Firulete,1922-04-20,Fresedo Osvaldo/1920-1924/Fresedo - Firulete - Instrumental - 1922.opus
Osvaldo Fresedo,Hasta Dempsey No Para,1922-12-20,Fresedo Osvaldo/1920-1924/Fresedo - Hasta Dempsey No Para - Instrumental - 1922.opus
Osvaldo Fresedo,Jornada Campera,1923-11-07,Fresedo Osvaldo/1920-1924/Fresedo - Jornada Campera - Instrumental - 1923.opus
Osvaldo Fresedo,L'adivina,1922-08-11,Fresedo Osvaldo/1920-1924/Fresedo - L'adivina - Instrumental - 1922.opus
Osvaldo Fresedo,Mi Refugio,1922-04-24,Fresedo Osvaldo/1920-1924/Fresedo - Mi Refugio - Instrumental - 1922.opus
Osvaldo Fresedo,Mis Amarguras,1924,Fresedo Osvaldo/1920-1924/Fresedo - Mis Amarguras - Instrumental - 1924.opus
Osvaldo Fresedo,Qué Rubia Papa,1922-11-27,Fresedo Osvaldo/1920-1924/Fresedo - Que Rubia Papa - Instrumental - 1922.opus
Osvaldo Fresedo,Rico,1922-12-20,Fresedo Osvaldo/1920-1924/Fresedo - Rico - Instrumental - 1922.opus
Osvaldo Fresedo,Salve,1923-08-08,Fresedo Osvaldo/1920-1924/Fresedo - Salve - Instrumental - 1923.opus
Osvaldo Fresedo,Sollozos,1922-08-28,Fresedo Osvaldo/1920-1924/Fresedo - Sollozos - Instrumental - 1922.opus
Osvaldo Fresedo,Te Fuiste,1923-05-18,Fresedo Osvaldo/1920-1924/Fresedo - Te Fuiste - Instrumental - 1923.opus
Osvaldo Fresedo,Tristeza Gaucha,1923-07-27,Fresedo Osvaldo/1920-1924/Fresedo - Tristeza Gaucha - Instrumental - 1923.opus
Osvaldo Fresedo,A la Luz del Candil,1927-05-29,Fresedo Osvaldo/1925-1929/Fresedo - A la Luz del Candil - Instrumental - 1927.opus
Osvaldo Fresedo,Acomodate,1928-05-22,Fresedo Osvaldo/1925-1929/Fresedo - Acomodate - Instrumental - 1928.opus
Osvaldo Fresedo,Adiós Muchachos,1928-03-12,Fresedo Osvaldo/1925-1929/Fresedo - Adios Muchachos - Instrumental - 1928.opus
Osvaldo Fresedo,Agua Mansa,1927-08-16,Fresedo Osvaldo/1925-1929/Fresedo - Agua Mansa - Instrumental - 1927.opus
Osvaldo Fresedo,Alma de Bohemio,1927-04-26,Fresedo Osvaldo/1925-1929/Fresedo - Alma de Bohemio - Instrumental - 1927.opus
Osvaldo Fresedo,Alma de Milonga,1928-06-08,Fresedo Osvaldo/1925-1929/Fresedo - Alma de Milonga - Instrumental - 1928.opus
Osvaldo Fresedo,Alma en Pena,1928-10-09,Fresedo Osvaldo/1925-1929/Fresedo - Alma en Pena - Fama - 1928.opus
Osvaldo Fresedo,Amigablemente,1928-02-28,Fresedo Osvaldo/1925-1929/Fresedo - Amigablemente - Fama - 1928.opus
Osvaldo Fresedo,Arrabalero,1927-03-23,Fresedo Osvaldo/1925-1929/Fresedo - Arrabalero - Instrumental - 1927.opus
Osvaldo Fresedo,Aves Sin Nido,1927-10-25,Fresedo Osvaldo/1925-1929/Fresedo - Aves Sin Nido - Instrumental - 1927.opus
Osvaldo Fresedo,Barrio Piñeyro,1928-06-25,Fresedo Osvaldo/1925-1929/Fresedo - Barrio Pineyro - Fama - 1928.opus
Osvaldo Fresedo,Barrio Reo,1927-03-15,Fresedo Osvaldo/1925-1929/Fresedo - Barrio Reo - Instrumental - 1927.opus
Osvaldo Fresedo,Bésame en la Boca,1927-05-24,Fresedo Osvaldo/1925-1929/Fresedo - Besame en la Boca - Instrumental - 1927.opus
Osvaldo Fresedo,Bochita,1927-11-15,Fresedo Osvaldo/1925-1929/Fresedo - Bochita - Instrumental - 1927.opus
Osvaldo Fresedo,Buena Vida,1925,Fresedo Osvaldo/1925-1929/Fresedo - Buena Vida - Instrumental - 1925.opus
Osvaldo Fresedo,Caminito,1927-05-18,Fresedo Osvaldo/1925-1929/Fresedo - Caminito - Instrumental - 1927.opus
Osvaldo Fresedo,Campanita,1928-02-07,Fresedo Osvaldo/1925-1929/Fresedo - Campanita - Fama - 1928.opus
Osvaldo Fresedo,Campolo Solo,1927-04-19,Fresedo Osvaldo/1925-1929/Fresedo - Campolo Solo - Instrumental - 1927.opus
Osvaldo Fresedo,Canción de Amor,1927-10-04,Fresedo Osvaldo/1925-1929/Fresedo - Cancion de Amor - Instrumental - 1927.opus
Osvaldo Fresedo,Capricho,1927-09-03,Fresedo Osvaldo/1925-1929/Fresedo - Capricho - Instrumental - 1927.opus
Osvaldo Fresedo,Caridad,1928-04-10,Fresedo Osvaldo/1925-1929/Fresedo - Caridad - Fama - 1928.opus
Osvaldo Fresedo,Carta Blanca,1927-11-12,Fresedo Osvaldo/1925-1929/Fresedo - Carta Blanca - Instrumental - 1927.opus
Osvaldo Fresedo,Cata,1928-05-22,Fresedo Osvaldo/1925-1929/Fresedo - Cata - Instrumental - 1928.opus
Osvaldo Fresedo,Che Papusa Oí,1928-02-07,Fresedo Osvaldo/1925-1929/Fresedo - Che Papusa Oi - Fama - 1928.opus
Osvaldo Fresedo,Compadrón,1927-11-12,Fresedo Osvaldo/1925-1929/Fresedo - Compadron - Instrumental - 1927.opus
Osvaldo Fresedo,Coperita Posta,1928-02-28,Fresedo Osvaldo/1925-1929/Fresedo - Coperita Posta - Fama - 1928.opus
Osvaldo Fresedo,Dandy,1928-08-11,Fresedo Osvaldo/1925-1929/Fresedo - Dandy - Instrumental - 1928.opus
Osvaldo Fresedo,De Puro Guapo,1928-02-02,Fresedo Osvaldo/1925-1929/Fresedo - De Puro Guapo - Fama - 1928.opus
Osvaldo Fresedo,Déjame con Mi Tristeza,1927-08-01,Fresedo Osvaldo/1925-1929/Fresedo - Dejame con Mi Tristeza - Instrumental - 1927.opus
Osvaldo Fresedo,Derecho Viejo,1927-04-19,Fresedo Osvaldo/1925-1929/Fresedo - Derecho Viejo - Instrumental - 1927.opus
Osvaldo Fresedo,Derroche de Amor,1927-08-16,Fresedo Osvaldo/1925-1929/Fresedo - Derroche de Amor - Instrumental - 1927.opus
Osvaldo Fresedo,Didí,1927-10-18,Fresedo Osvaldo/1925-1929/Fresedo - Didi - Instrumental - 1927.opus
Osvaldo Fresedo,Domingo 7,1926-12-07,Fresedo Osvaldo/1925-1929/Fresedo - Domingo 7 - Instrumental - 1926.opus
Osvaldo Fresedo,Don Esteban,1927-11-15,Fresedo Osvaldo/1925-1929/Fresedo - Don Esteban - 1927.opus
Osvaldo Fresedo,El Barrio Murmura,1928-02-28,Fresedo Osvaldo/1925-1929/Fresedo - El Barrio Murmura - Fama - 1928.opus
Osvaldo Fresedo,El Carrerito,1928-05-03,Fresedo Osvaldo/1925-1929/Fresedo - El Carrerito - Fama - 1928.opus
Osvaldo Fresedo,El Ciruja,1926,Fresedo Osvaldo/1925-1929/Fresedo - El Ciruja - Instrumental - 1926.opus
Osvaldo Fresedo,El Conventillo,1928-06-15,Fresedo Osvaldo/1925-1929/Fresedo - El Conventillo - Instrumental - 1928.opus
Osvaldo Fresedo,El Entrerriano,1927-03-23,Fresedo Osvaldo/1925-1929/Fresedo - El Entrerriano - Instrumental - 1927.opus
Osvaldo Fresedo,El Espiante,1927-12-01,Fresedo Osvaldo/1925-1929/Fresedo - El Espiante - Instrumental - 1927.opus
Osvaldo Fresedo,El Ñato Bernardo,1927-09-13,Fresedo Osvaldo/1925-1929/Fresedo - El Nato Bernardo - Instrumental - 1927.opus
Osvaldo Fresedo,El Once,1927-08-26,Fresedo Osvaldo/1925-1929/Fresedo - El Once - Instrumental - 1927.opus
Osvaldo Fresedo,Era de Ley,1928-04-24,Fresedo Osvaldo/1925-1929/Fresedo - Era de Ley - Fama - 1928.opus
Osvaldo Fresedo,Esta Noche Me Emborracho,1928-05-03,Fresedo Osvaldo/1925-1929/Fresedo - Esta Noche Me Emborracho - Fama - 1928.opus
Osvaldo Fresedo,Fama,1928-03-06,Fresedo Osvaldo/1925-1929/Fresedo - Fama - Instrumental - 1928.opus
Osvaldo Fresedo,Felicia,1927-10-18,Fresedo Osvaldo/1925-1929/Fresedo - Felicia - Instrumental - 1927.opus
Osvaldo Fresedo,Frases de Amor,1927-09-03,Fresedo Osvaldo/1925-1929/Fresedo - Frases de Amor - Instrumental - 1927.opus
Osvaldo Fresedo,Frivolité,1928-05-15,Fresedo Osvaldo/1925-1929/Fresedo - Frivolite - Instrumental - 1928.opus
Osvaldo Fresedo,Fumando Espero,1927-11-08,Fresedo Osvaldo/1925-1929/Fresedo - Fumando Espero - Instrumental - 1927.opus
Osvaldo Fresedo,Guitarra Gaucha,1928-07-17,Fresedo Osvaldo/1925-1929/Fresedo - Guitarra Gaucha - Fama - 1928.opus
Osvaldo Fresedo,Hijos de Nadie,1928-07-03,Fresedo Osvaldo/1925-1929/Fresedo - Hijos de Nadie - Fama - 1928.opus
Osvaldo Fresedo,Íntimas,1927-10-17,Fresedo Osvaldo/1925-1929/Fresedo - Intimas - Instrumental - 1927.opus
Osvaldo Fresedo,Ironías,1927-10-17,Fresedo Osvaldo/1925-1929/Fresedo - Ironias - Instrumental - 1927.opus
Osvaldo Fresedo,La Cachila,1927-11-15,Fresedo Osvaldo/1925-1929/Fresedo - La Cachila - Instrumental - 1927.opus
Osvaldo Fresedo,La Cumparsita,1927-05-03,Fresedo Osvaldo/1925-1929/Fresedo - La Cumparsita - Instrumental - 1927.opus
Osvaldo Fresedo,La Muchacha del Circo,1928-07-26,Fresedo Osvaldo/1925-1929/Fresedo - La Muchacha del Circo - Instrumental - 1928.opus
Osvaldo Fresedo,La Quema,1927-11-04,Fresedo Osvaldo/1925-1929/Fresedo - La Quema - Instrumental - 1927.opus
Osvaldo Fresedo,La Última Carta,1928-06-08,Fresedo Osvaldo/1925-1929/Fresedo - La Ultima Carta - Fama - 1928.opus
Osvaldo Fresedo,Leguisamo Solo,1927-09-21,Fresedo Osvaldo/1925-1929/Fresedo - Leguisamo Solo - Thorry - 1927.opus
Osvaldo Fresedo,Llevátelo Todo,1928-05-03,Fresedo Osvaldo/1925-1929/Fresedo - Llevatelo Todo - Fama - 1928.opus
Osvaldo Fresedo,Lorenzo,1927-05-24,Fresedo Osvaldo/1925-1929/Fresedo - Lorenzo - Instrumental - 1927.opus
Osvaldo Fresedo,Luciérnaga,1925,Fresedo Osvaldo/1925-1929/Fresedo - Luciernaga - Instrumental - 1925.opus
Osvaldo Fresedo,Madrecita Buena,1928-06-15,Fresedo Osvaldo/1925-1929/Fresedo - Madrecita Buena - Instrumental - 1928.opus
Osvaldo Fresedo,Majestuoso,1928-10-02,Fresedo Osvaldo/1925-1929/Fresedo - Majestuoso - Instrumental - 1928.opus
Osvaldo Fresedo,Maldonado,1928-02-07,Fresedo Osvaldo/1925-1929/Fresedo - Maldonado - Fama - 1928.opus
Osvaldo Fresedo,Mamá Cuco,1927-09-13,Fresedo Osvaldo/1925-1929/Fresedo - Mama Cuco - Instrumental - 1927.opus
Osvaldo Fresedo,Melenita Negra,1927-08-01,Fresedo Osvaldo/1925-1929/Fresedo - Melenita Negra - Thorry - 1927.opus
Osvaldo Fresedo,Micifuz,1927-06-08,Fresedo Osvaldo/1925-1929/Fresedo - Micifuz - Instrumental - 1927.opus
Osvaldo Fresedo,Milonga con Variación,1927-09-21,Fresedo Osvaldo/1925-1929/Fresedo - Milonga con Variacion - Instrumental - 1927.opus
Osvaldo Fresedo,Mueble Viejo,1928-02-24,Fresedo Osvaldo/1925-1929/Fresedo - Mueble Viejo - Fama - 1928.opus
Osvaldo Fresedo,No Hay Cianuro,1927-03-23,Fresedo Osvaldo/1925-1929/Fresedo - No Hay Cianuro - Instrumental - 1927.opus
Osvaldo Fresedo,No Salgas de Tu Barrio,1927-09-21,Fresedo Osvaldo/1925-1929/Fresedo - No Salgas de Tu Barrio - Instrumental - 1927.opus
Osvaldo Fresedo,No Seas Tonta,1926-12-21,Fresedo Osvaldo/1925-1929/Fresedo - No Seas Tonta - Instrumental - 1926.opus
Osvaldo Fresedo,Noche de Reyes,1927-10-17,Fresedo Osvaldo/1925-1929/Fresedo - Noche de Reyes - Instrumental - 1927.opus
Osvaldo Fresedo,Noches de Colón,1927-09-16,Fresedo Osvaldo/1925-1929/Fresedo - Noches de Colon - Instrumental - 1927.opus
Osvaldo Fresedo,Oiga,1927-07-30,Fresedo Osvaldo/1925-1929/Fresedo - Oiga - Thorry - 1927.opus
Osvaldo Fresedo,Ojos Negros,1927-10-17,Fresedo Osvaldo/1925-1929/Fresedo - Ojos Negros - Instrumental - 1927.opus
Osvaldo Fresedo,Oro y Seda,1925-02-05,Fresedo Osvaldo/1925-1929/Fresedo - Oro y Seda - Instrumental - 1925.opus
Osvaldo Fresedo,Osvaldo,1927-07-13,Fresedo Osvaldo/1925-1929/Fresedo - Osvaldo - Instrumental - 1927.opus
Osvaldo Fresedo,Otoño,1927-04-26,Fresedo Osvaldo/1925-1929/Fresedo - Otono - Instrumental - 1927.opus
Osvaldo Fresedo,Papirusa,1928-07-10,Fresedo Osvaldo/1925-1929/Fresedo - Papirusa - Instrumental - 1928.opus
Osvaldo Fresedo,París,1926,Fresedo Osvaldo/1925-1929/Fresedo - Paris - Instrumental - 1926.opus
Osvaldo Fresedo,Paso a Paso,1927-10-18,Fresedo Osvaldo/1925-1929/Fresedo - Paso a Paso - 1927.opus
Osvaldo Fresedo,Paternal,1927-11-15,Fresedo Osvaldo/1925-1929/Fresedo - Paternal - Instrumental - 1927.opus
Osvaldo Fresedo,Pegaste la Falta,1928-07-26,Fresedo Osvaldo/1925-1929/Fresedo - Pegaste la Falta - Instrumental - 1928.opus
Osvaldo Fresedo,Penitencia,1927-08-03,Fresedo Osvaldo/1925-1929/Fresedo - Penitencia - Instrumental - 1927.opus
Osvaldo Fresedo,Pensando en Ti,1927-05-10,Fresedo Osvaldo/1925-1929/Fresedo - Pensando en Ti - Thorry - 1927.opus
Osvaldo Fresedo,Percantina,1928-05-03,Fresedo Osvaldo/1925-1929/Fresedo - Percantina - Instrumental - 1928.opus
Osvaldo Fresedo,Perdón Viejita,1927-05-24,Fresedo Osvaldo/1925-1929/Fresedo - Perdon Viejita - Instrumental - 1927.opus
Osvaldo Fresedo,Pero Yo Sé,1928-08-11,Fresedo Osvaldo/1925-1929/Fresedo - Pero Yo Se - Fama - 1928.opus
Osvaldo Fresedo,Picaflor,1927-02-22,Fresedo Osvaldo/1925-1929/Fresedo - Picaflor - Instrumental - 1927.opus
Osvaldo Fresedo,Piedad,1928-10-09,Fresedo Osvaldo/1925-1929/Fresedo - Piedad - Fama - 1928.opus
Osvaldo Fresedo,Pobre Gringo,1928-03-20,Fresedo Osvaldo/1925-1929/Fresedo - Pobre Gringo - Fama - 1928.opus
Osvaldo Fresedo,Pobre Rancho,1927-08-03,Fresedo Osvaldo/1925-1929/Fresedo - Pobre Rancho - Instrumental - 1927.opus
Osvaldo Fresedo,Por su Culpa,1928-03-20,Fresedo Osvaldo/1925-1929/Fresedo - Por su Culpa - Instrumental - 1928.opus
Osvaldo Fresedo,Por Tu Culpa,1926-12-06,Fresedo Osvaldo/1925-1929/Fresedo - Por Tu Culpa - Instrumental - 1926.opus
Osvaldo Fresedo,Pordiosera,1928-06-15,Fresedo Osvaldo/1925-1929/Fresedo - Pordiosera - Instrumental - 1928.opus
Osvaldo Fresedo,Promesa Cumplida,1928-05-03,Fresedo Osvaldo/1925-1929/Fresedo - Promesa Cumplida - Instrumental - 1928.opus
Osvaldo Fresedo,Purrete de Mi Amor,1927-07-30,Fresedo Osvaldo/1925-1929/Fresedo - Purrete de Mi Amor - Instrumental - 1927.opus
Osvaldo Fresedo,Qué Lindo Es Estar Metido,1928-02-07,Fresedo Osvaldo/1925-1929/Fresedo - Que Lindo Es Estar Metido - Fama - 1928.opus
Osvaldo Fresedo,Queja Indiana,1927-11-04,Fresedo Osvaldo/1925-1929/Fresedo - Queja Indiana - Thorry - 1927.opus
Osvaldo Fresedo,Quemá Esas Cartas,1928-03-27,Fresedo Osvaldo/1925-1929/Fresedo - Quema Esas Cartas - Fama - 1928.opus
Osvaldo Fresedo,Quiero Estar Solo,1928-05-29,Fresedo Osvaldo/1925-1929/Fresedo - Quiero Estar Solo - Instrumental - 1928.opus
Osvaldo Fresedo,Re Fa Si,1928-04-03,Fresedo Osvaldo/1925-1929/Fresedo - Re Fa Si - Instrumental - 1928.opus
Osvaldo Fresedo,Redoblona,1927-06-08,Fresedo Osvaldo/1925-1929/Fresedo - Redoblona - Instrumental - 1927.opus
Osvaldo Fresedo,Retintín,1928-08-21,Fresedo Osvaldo/1925-1929/Fresedo - Retintin - Instrumental - 1928.opus
Osvaldo Fresedo,Rivas,1928-08-21,Fresedo Osvaldo/1925-1929/Fresedo - Rivas - Instrumental - 1928.opus
Osvaldo Fresedo,Rodríguez Peña,1927-04-19,Fresedo Osvaldo/1925-1929/Fresedo - Rodriguez Pena - Instrumental - 1927.opus
Osvaldo Fresedo,Saturnia,1927-09-07,Fresedo Osvaldo/1925-1929/Fresedo - Saturnia - Instrumental - 1927.opus
Osvaldo Fresedo,Serás Mía,1928-05-03,Fresedo Osvaldo/1925-1929/Fresedo - Seras Mia - Instrumental - 1928.opus
Osvaldo Fresedo,Si Supieras,1927-02-22,Fresedo Osvaldo/1925-1929/Fresedo - Si Supieras - Instrumental - 1927.opus
Osvaldo Fresedo,Siga el Corso,1927-09-16,Fresedo Osvaldo/1925-1929/Fresedo - Siga el Corso - Instrumental - 1927.opus
Osvaldo Fresedo,Simpática Muchachita,1928-04-24,Fresedo Osvaldo/1925-1929/Fresedo - Simpatica Muchachita - Fama - 1928.opus
Osvaldo Fresedo,Sosegate,1927-04-19,Fresedo Osvaldo/1925-1929/Fresedo - Sosegate - Instrumental - 1927.opus
Osvaldo Fresedo,Tanita de la Proa,1927-05-10,Fresedo Osvaldo/1925-1929/Fresedo - Tanita de la Proa - Instrumental - 1927.opus
Osvaldo Fresedo,Tarasca Solo,1928-09-25,Fresedo Osvaldo/1925-1929/Fresedo - Tarasca Solo - Buglione - 1928.opus
Osvaldo Fresedo,Te Pintaste los Ojos,1927-04-26,Fresedo Osvaldo/1925-1929/Fresedo - Te Pintaste los Ojos - Instrumental - 1927.opus
Osvaldo Fresedo,Tiento E' Zorro,1928-02-02,Fresedo Osvaldo/1925-1929/Fresedo - Tiento E' Zorro - Fama - 1928.opus
Osvaldo Fresedo,Tinta Verde,1927-10-17,Fresedo Osvaldo/1925-1929/Fresedo - Tinta Verde - Instrumental - 1927.opus
Osvaldo Fresedo,Tradición,1927-11-22,Fresedo Osvaldo/1925-1929/Fresedo - Tradicion - Instrumental - 1927.opus
Osvaldo Fresedo,Tristezas,1927-04-12,Fresedo Osvaldo/1925-1929/Fresedo - Tristezas - Instrumental - 1927.opus
Osvaldo Fresedo,Tu Disfraz,1928-03-12,Fresedo Osvaldo/1925-1929/Fresedo - Tu Disfraz - Fama - 1928.opus
Osvaldo Fresedo,Un Sueño,1927-05-03,Fresedo Osvaldo/1925-1929/Fresedo - Un Sueno - Instrumental - 1927.opus
Osvaldo Fresedo,Un Tropezón,1927-04-26,Fresedo Osvaldo/1925-1929/Fresedo - Un Tropezon - Instrumental - 1927.opus
Osvaldo Fresedo,Una Vida,1928-03-12,Fresedo Osvaldo/1925-1929/Fresedo - Una Vida - Fama - 1928.opus
Osvaldo Fresedo,Victoria,1928-04-24,Fresedo Osvaldo/1925-1929/Fresedo - Victoria - Instrumental - 1928.opus
Osvaldo Fresedo,Viejo Caserón,1928-03-20,Fresedo Osvaldo/1925-1929/Fresedo - Viejo Caseron - Instrumental - 1928.opus
Osvaldo Fresedo,Viejo Rincón,1925,Fresedo Osvaldo/1925-1929/Fresedo - Viejo Rincon - Instrumental - 1925.opus
Osvaldo Fresedo,Visión,1927-11-12,Fresedo Osvaldo/1925-1929/Fresedo - Vision - Instrumental - 1927.opus
Osvaldo Fresedo,Viva la Patria,1928-06-08,Fresedo Osvaldo/1925-1929/Fresedo - Viva la Patria - Fama - 1928.opus
Osvaldo Fresedo,Volvé Mi Negra,1927-05-03,Fresedo Osvaldo/1925-1929/Fresedo - Volve Mi Negra - Thorry - 1927.opus
Osvaldo Fresedo,Ya No Cantás Chingolo,1928-03-20,Fresedo Osvaldo/1925-1929/Fresedo - Ya No Cantas Chingolo - Fama - 1928.opus
Osvaldo Fresedo,Yo Soy un Tipo Bien,1928-06-18,Fresedo Osvaldo/1925-1929/Fresedo - Yo Soy un Tipo Bien - Fama - 1928.opus
Osvaldo Fresedo,Araca la Cana,1933-06-06,Fresedo Osvaldo/1930-1934/Fresedo - Araca la Cana - Ray - 1933.opus
Osvaldo Fresedo,Canto de Amor,1934-06-18,Fresedo Osvaldo/1930-1934/Fresedo - Canto De Amor - Ray - 1934.opus
Osvaldo Fresedo,Carrillón de la Mercéd,1931-07-08,Fresedo Osvaldo/1930-1934/Fresedo - Carrillon de la Merced - Ibanez - 1931.opus
Osvaldo Fresedo,Cordobesita,1933-08-02,Fresedo Osvaldo/1930-1934/Fresedo - Cordobesita - Ray - 1933.opus
Osvaldo Fresedo,El Espiante,1932,Fresedo Osvaldo/1930-1934/Fresedo - El Espiante - Instrumental - 1932.opus
Osvaldo Fresedo,El Mareo,1933-06-06,Fresedo Osvaldo/1930-1934/Fresedo - El Mareo - Ray - 1933.opus
Osvaldo Fresedo,El Once,1931,Fresedo Osvaldo/1930-1934/Fresedo - El Once - Ibanez - 1931.opus
Osvaldo Fresedo,El Rebelde,1932-02-24,Fresedo Osvaldo/1930-1934/Fresedo - El Rebelde - Ray - 1932.opus
Osvaldo Fresedo,En la Huella del Dolor,1934-04-27,Fresedo Osvaldo/1930-1934/Fresedo - En La Huella Del Dolor - Ray - 1934.opus
Osvaldo Fresedo,La Cachila,1931,Fresedo Osvaldo/1930-1934/Fresedo - La Cachila - Instrumental - 1931.opus
Osvaldo Fresedo,La Clavada,1933-12-27,Fresedo Osvaldo/1930-1934/Fresedo - La Clavada - Instrumental - 1933.opus
Osvaldo Fresedo,Metido,1932,Fresedo Osvaldo/1930-1934/Fresedo - Metido - Ray - 1932.opus
Osvaldo Fresedo,Tango Mío,1931-06-25,Fresedo Osvaldo/1930-1934/Fresedo - Tango Mio - Magaldi - 1931.opus
Osvaldo Fresedo,Vida Mía,1933-09-13,Fresedo Osvaldo/1930-1934/Fresedo - Vida Mia - Ray - 1933.opus
Osvaldo Fresedo,Yo No Sé Llorar,1933-11-02,Fresedo Osvaldo/1930-1934/Fresedo - Yo No Se Llorar - Ray - 1933.opus
Osvaldo Fresedo,Adiós Para Siempre,1936-12-07,Fresedo Osvaldo/1935-1939/Fresedo - Adios Para Siempre - Ray - 1936.opus
Osvaldo Fresedo,Angustia,1938-09-08,Fresedo Osvaldo/1935-1939/Fresedo - Angustia - Ray - 1938.opus
Osvaldo Fresedo,Aromas,1938-11-23,Fresedo Osvaldo/1935-1939/Fresedo - Aromas - Ray - 1938.opus
Osvaldo Fresedo,Arrabalero,1939-04-24,Fresedo Osvaldo/1935-1939/Fresedo - Arrabalero - Instrumental - 1939.opus
Osvaldo Fresedo,Como Aquella Princesa,1937-05-12,Fresedo Osvaldo/1935-1939/Fresedo - Como Aquella Princesa - Ray - 1937.opus
Osvaldo Fresedo,Dulce Amargura,1938-11-23,Fresedo Osvaldo/1935-1939/Fresedo - Dulce Amargura - Ray - 1938.opus
Osvaldo Fresedo,El Once,1935-04-05,Fresedo Osvaldo/1935-1939/Fresedo - El Once - Ray - 1935.opus
Osvaldo Fresedo,Firulete,1939-11-16,Fresedo Osvaldo/1935-1939/Fresedo - Firulete - Instrumental - 1939.opus
Osvaldo Fresedo,Inquietud,1939-07-12,Fresedo Osvaldo/1935-1939/Fresedo - Inquietud - Ruiz - 1939.opus
Osvaldo Fresedo,Isla de Capri,1935-02-15,Fresedo Osvaldo/1935-1939/Fresedo - Isla De Capri - Ray - 1935.opus
Osvaldo Fresedo,Más Allá,1939-07-12,Fresedo Osvaldo/1935-1939/Fresedo - Mas Alla - Ruiz - 1939.opus
Osvaldo Fresedo,Media Vida,1938-09-03,Fresedo Osvaldo/1935-1939/Fresedo - Media Vida - Ray - 1938.opus
Osvaldo Fresedo,Niebla del Riachuelo,1937-09-17,Fresedo Osvaldo/1935-1939/Fresedo - Niebla Del Riachuelo - Ray - 1937.opus
Osvaldo Fresedo,No Quiero Verte Llorar,1937-05-12,Fresedo Osvaldo/1935-1939/Fresedo - No Quiero Verte Llorar - Ray - 1937.opus
Osvaldo Fresedo,Ojos Muertos,1938-11-23,Fresedo Osvaldo/1935-1939/Fresedo - Ojos Muertos - Ray - 1938.opus
Osvaldo Fresedo,Pampero,1935-02-15,Fresedo Osvaldo/1935-1939/Fresedo - Pampero - Ray - 1935.opus
Osvaldo Fresedo,Pimienta,1939-03-10,Fresedo Osvaldo/1935-1939/Fresedo - Pimienta - Instrumental - 1939.opus
Osvaldo Fresedo,Poliya,1939-11-16,Fresedo Osvaldo/1935-1939/Fresedo - Poliya - Instrumental - 1939.opus
Osvaldo Fresedo,Recuerdos de Bohemia,1935-11-22,Fresedo Osvaldo/1935-1939/Fresedo - Recuerdos De Bohemia - Ray - 1935.opus
Osvaldo Fresedo,Si el Corazón Supiera,1939-11-23,Fresedo Osvaldo/1935-1939/Fresedo - Si El Corazon Supiera - Mayel - 1939.opus
Osvaldo Fresedo,Siempre Es Carnaval,1937-02-22,Fresedo Osvaldo/1935-1939/Fresedo - Siempre Es Carnaval - Ray - 1937.opus
Osvaldo Fresedo,Sollozos,1937-02-22,Fresedo Osvaldo/1935-1939/Fresedo - Sollozos - Ray - 1937.opus
Osvaldo Fresedo,Sueño Azul,1937-01-04,Fresedo Osvaldo/1935-1939/Fresedo - Sueno Azul - Ray - 1937.opus
Osvaldo Fresedo,Tango Mío,1939-10-13,Fresedo Osvaldo/1935-1939/Fresedo - Tango Mio - Ruiz - 1939.opus
Osvaldo Fresedo,Te Juro Madre Mía,1935-05-08,Fresedo Osvaldo/1935-1939/Fresedo - Te Juro Madre Mia - Ray - 1935.opus
Osvaldo Fresedo,Telón,1938-11-23,Fresedo Osvaldo/1935-1939/Fresedo - Telon - Ray - 1938.opus
Osvaldo Fresedo,Vida Querida,1939-11-23,Fresedo Osvaldo/1935-1939/Fresedo - Vida Querida - Ruiz - 1939.opus
Osvaldo Fresedo,Volver,1935-07-01,Fresedo Osvaldo/1935-1939/Fresedo - Volver - Ray - 1935.opus
Osvaldo Fresedo,Y No Puede Ser,1939-06-14,Fresedo Osvaldo/1935-1939/Fresedo - Y No Puede Ser - Ruiz - 1939.opus
Osvaldo Fresedo,Al Cerrar los Ojos,1943-08-25,Fresedo Osvaldo/1940-1944/Fresedo - Al Cerrar los Ojos - Serpa - 1943.opus
Osvaldo Fresedo,Alas,1940-09-13,Fresedo Osvaldo/1940-1944/Fresedo - Alas - Ruiz - 1940.opus
Osvaldo Fresedo,Barrio Porteño,1942-08-07,Fresedo Osvaldo/1940-1944/Fresedo - Barrio Porteno - Serpa - 1942.opus
Osvaldo Fresedo,Camino,1941-08-12,Fresedo Osvaldo/1940-1944/Fresedo - Camino - Mayel - 1941.opus
Osvaldo Fresedo,Derecho Viejo,1941-12-30,Fresedo Osvaldo/1940-1944/Fresedo - Derecho Viejo - Instrumental - 1941.opus
Osvaldo Fresedo,El Entrerriano,1944-04-26,Fresedo Osvaldo/1940-1944/Fresedo - El Entrerriano - Instrumental - 1944.opus
Osvaldo Fresedo,El Irresistible,1943-11-12,Fresedo Osvaldo/1940-1944/Fresedo - El Irresistible - Instrumental - 1943.opus
Osvaldo Fresedo,En Cada Puerto un Amor,1944-11-09,Fresedo Osvaldo/1940-1944/Fresedo - En Cada Puerto Un Amor - Serpa - 1944.opus
Osvaldo Fresedo,En Este Rincón Amigo,1941-01-13,Fresedo Osvaldo/1940-1944/Fresedo - En Este Rincon Amigo - Ruiz - 1941.opus
Osvaldo Fresedo,Es Costumbre O Es Cariño,1940-09-13,Fresedo Osvaldo/1940-1944/Fresedo - Es Costumbre O Es Carino - Mayel - 1940.opus
Osvaldo Fresedo,Este Viejo Corazón,1943-04-09,Fresedo Osvaldo/1940-1944/Fresedo - Este Viejo Corazon - Serpa - 1943.opus
Osvaldo Fresedo,Fuí Testigo,1943-04-09,Fresedo Osvaldo/1940-1944/Fresedo - Fui Testigo - Serpa - 1943.opus
Osvaldo Fresedo,Griseta,1944-07-31,Fresedo Osvaldo/1940-1944/Fresedo - Griseta - Instrumental - 1944.opus
Osvaldo Fresedo,La Cumparsita,1943-06-28,Fresedo Osvaldo/1940-1944/Fresedo - La Cumparsita - Instrumental - 1943.opus
Osvaldo Fresedo,Llamada de Amor Porteño,1941-01-13,Fresedo Osvaldo/1940-1944/Fresedo - Llamada De Amor Porteno - Mayel - 1941.opus
Osvaldo Fresedo,Manón,1942-07-17,Fresedo Osvaldo/1940-1944/Fresedo - Manon - Serpa - 1942.opus
Osvaldo Fresedo,Mariposita,1941-06-19,Fresedo Osvaldo/1940-1944/Fresedo - Mariposita - Instrumental - 1941.opus
Osvaldo Fresedo,Negra María,1941-10-10,Fresedo Osvaldo/1940-1944/Fresedo - Negra Maria - Roldan - 1941.opus
Osvaldo Fresedo,Nidito Azul,1940-09-13,Fresedo Osvaldo/1940-1944/Fresedo - Nidito Azul - Mayel - 1940.opus
Osvaldo Fresedo,No Preciso,1941-11-17,Fresedo Osvaldo/1940-1944/Fresedo - No Preciso - Ruiz - 1941.opus
Osvaldo Fresedo,Partir Lejos,1943-05-06,Fresedo Osvaldo/1940-1944/Fresedo - Partir Lejos - Serpa - 1943.opus
Osvaldo Fresedo,Ronda de Ases,1942-11-12,Fresedo Osvaldo/1940-1944/Fresedo - Ronda De Ases - Serpa - 1942.opus
Osvaldo Fresedo,Rosarina Linda,1940-04-15,Fresedo Osvaldo/1940-1944/Fresedo - Rosarina Linda - Ruiz - 1940.opus
Osvaldo Fresedo,Siempre Siempre,1944-11-09,Fresedo Osvaldo/1940-1944/Fresedo - Siempre Siempre - Serpa - 1944.opus
Osvaldo Fresedo,Te Llama Mi Violín,1942-11-27,Fresedo Osvaldo/1940-1944/Fresedo - Te Llama Mi Violin - Serpa - 1942.opus
Osvaldo Fresedo,Un Amor,1940-09-13,Fresedo Osvaldo/1940-1944/Fresedo - Un Amor - Ruiz - 1940.opus
Osvaldo Fresedo,Uno,1943-12-01,Fresedo Osvaldo/1940-1944/Fresedo - Uno - Serpa - 1943.opus
Osvaldo Fresedo,Cafetín de Buenos Aires,1948-07-20,Fresedo Osvaldo/1945-1949/Fresedo - Cafetin De Buenos Aires - Cordo - 1948.opus
Osvaldo Fresedo,El Choclo,1947-09-11,Fresedo Osvaldo/1945-1949/Fresedo - El Choclo - Instrumental - 1947.opus
Osvaldo Fresedo,El Once,1945-11-13,Fresedo Osvaldo/1945-1949/Fresedo - El Once - Instrumental - 1945.opus
Osvaldo Fresedo,Fuimos,1946-07-26,Fresedo Osvaldo/1945-1949/Fresedo - Fuimos - Serpa - 1946.opus
Osvaldo Fresedo,Julián,1945-11-19,Fresedo Osvaldo/1945-1949/Fresedo - Julian - Instrumental - 1945.opus
Osvaldo Fresedo,La Lluvia y Yo,1946-08-06,Fresedo Osvaldo/1945-1949/Fresedo - La Lluvia Y Yo - Serpa - 1946.opus
Osvaldo Fresedo,La Mariposa,1945-08-23,Fresedo Osvaldo/1945-1949/Fresedo - La Mariposa - Instrumental - 1945.opus
Osvaldo Fresedo,Noches Largas,1945-11-06,Fresedo Osvaldo/1945-1949/Fresedo - Noches Largas - Serpa - 1945.opus
Osvaldo Fresedo,Por Calles Muertas,1948-07-16,Fresedo Osvaldo/1945-1949/Fresedo - Por Calles Muertas - Cordo - 1948.opus
Osvaldo Fresedo,Y la Perdí,1948-09-29,Fresedo Osvaldo/1945-1949/Fresedo - Y La Perdi - Ray - 1948.opus
Osvaldo Fresedo,A la Parrilla,1950-11-29,Fresedo Osvaldo/1950-1954/Fresedo - A la Parrilla - Instrumental - 1950.opus
Osvaldo Fresedo,A Todo Trapo,1952-11-21,Fresedo Osvaldo/1950-1954/Fresedo - A Todo Trapo - Instrumental - 1952.opus
Osvaldo Fresedo,Adiós Muchachos,1952-12-18,Fresedo Osvaldo/1950-1954/Fresedo - Adios Muchachos - Pacheco - 1952.opus
Osvaldo Fresedo,Apasionado,1953-12-23,Fresedo Osvaldo/1950-1954/Fresedo - Apasionado - Instrumental - 1953.opus
Osvaldo Fresedo,Capricho de Amor,1952-07-18,Fresedo Osvaldo/1950-1954/Fresedo - Capricho De Amor - Pacheco - 1952.opus
Osvaldo Fresedo,Contratiempo,1952-05-13,Fresedo Osvaldo/1950-1954/Fresedo - Contratiempo - Instrumental - 1952.opus
Osvaldo Fresedo,Cuando Cuentes la Historia de Tu Vida,1953-09-15,Fresedo Osvaldo/1950-1954/Fresedo - Cuando Cuentes La Historia De Tu Vida - Pacheco - 1953.opus
Osvaldo Fresedo,Cuando Llegue el Invierno,1953-12-23,Fresedo Osvaldo/1950-1954/Fresedo - Cuando Llegue El Invierno - Barrios - 1953.opus
Osvaldo Fresedo,Daño,1951-09-03,Fresedo Osvaldo/1950-1954/Fresedo - Dano - Pacheco - 1951.opus
Osvaldo Fresedo,De Pura Cepa,1953-05-20,Fresedo Osvaldo/1950-1954/Fresedo - De Pura Cepa - Instrumental - 1953.opus
Osvaldo Fresedo,Dejame Soñar,1951-05-31,Fresedo Osvaldo/1950-1954/Fresedo - Dejame Sonar - Garrido - 1951.opus
Osvaldo Fresedo,Del Tiempo de Gardel,1950-11-29,Fresedo Osvaldo/1950-1954/Fresedo - Del Tiempo De Gardel - Garrido - 1950.opus
Osvaldo Fresedo,Discepolín,1951-06-13,Fresedo Osvaldo/1950-1954/Fresedo - Discepolin - Pacheco - 1951.opus
Osvaldo Fresedo,Divina,1953-12-23,Fresedo Osvaldo/1950-1954/Fresedo - Divina - Barrios - 1953.opus
Osvaldo Fresedo,El Once,1953-05-20,Fresedo Osvaldo/1950-1954/Fresedo - El Once - Instrumental - 1953.opus
Osvaldo Fresedo,Fugitiva,1952-10-16,Fresedo Osvaldo/1950-1954/Fresedo - Fugitiva - Pacheco - 1952.opus
Osvaldo Fresedo,La Casita de Mis Viejos,1952-09-18,Fresedo Osvaldo/1950-1954/Fresedo - La Casita De Mis Viejos - Pacheco - 1952.opus
Osvaldo Fresedo,La Copa del Olvido,1952-07-18,Fresedo Osvaldo/1950-1954/Fresedo - La Copa Del Olvido - Pacheco - 1952.opus
Osvaldo Fresedo,La Guitarrita Milonguera,1953-12-23,Fresedo Osvaldo/1950-1954/Fresedo - La Guitarrita Milonguera - Instrumental - 1953.opus
Osvaldo Fresedo,La Puñalada,1950-12-19,Fresedo Osvaldo/1950-1954/Fresedo - La Punalada - Instrumental - 1950.opus
Osvaldo Fresedo,La Trampera,1951-09-03,Fresedo Osvaldo/1950-1954/Fresedo - La Trampera - Instrumental - 1951.opus
Osvaldo Fresedo,Lluvia Sobre el Mar,1953-12-23,Fresedo Osvaldo/1950-1954/Fresedo - Lluvia Sobre El Mar - Pacheco - 1953.opus
Osvaldo Fresedo,Lo Han Visto con Otra,1952-11-21,Fresedo Osvaldo/1950-1954/Fresedo - Lo Han Visto Con Otra - Pacheco - 1952.opus
Osvaldo Fresedo,Mi Adorable Desconocida,1952-12-18,Fresedo Osvaldo/1950-1954/Fresedo - Mi Adorable Desconocida - Pacheco - 1952.opus
Osvaldo Fresedo,Mi Viejo Reloj,1950-10-25,Fresedo Osvaldo/1950-1954/Fresedo - Mi Viejo Reloj - Instrumental - 1950.opus
Osvaldo Fresedo,Ninguna,1952-05-13,Fresedo Osvaldo/1950-1954/Fresedo - Ninguna - Pacheco - 1952.opus
Osvaldo Fresedo,Nostalgias,1952-11-21,Fresedo Osvaldo/1950-1954/Fresedo - Nostalgias - Pacheco - 1952.opus
Osvaldo Fresedo,Paisaje,1951-08-09,Fresedo Osvaldo/1950-1954/Fresedo - Paisaje - Garrido - 1951.opus
Osvaldo Fresedo,Pampero,1952-08-21,Fresedo Osvaldo/1950-1954/Fresedo - Pampero - Pacheco - 1952.opus
Osvaldo Fresedo,Para Lucirse,1950-10-25,Fresedo Osvaldo/1950-1954/Fresedo - Para Lucirse - Instrumental - 1950.opus
Osvaldo Fresedo,Pasión Inolvidable,1953-09-15,Fresedo Osvaldo/1950-1954/Fresedo - Pasion Inolvidable - Pacheco - 1953.opus
Osvaldo Fresedo,Patotero Sentimental,1952-10-16,Fresedo Osvaldo/1950-1954/Fresedo - Patotero Sentimental - Pacheco - 1952.opus
Osvaldo Fresedo,Perdóname,1954-12-03,Fresedo Osvaldo/1950-1954/Fresedo - Perdoname - Pacheco - 1954.opus
Osvaldo Fresedo,Pero Yo Sé,1952-05-13,Fresedo Osvaldo/1950-1954/Fresedo - Pero Yo Se - Pacheco - 1952.opus
Osvaldo Fresedo,Preludio N° 3,1953-09-15,Fresedo Osvaldo/1950-1954/Fresedo - Preludio N° 3 - Instrumental - 1953.opus
Osvaldo Fresedo,Prepárense,1951-05-31,Fresedo Osvaldo/1950-1954/Fresedo - Preparense - Instrumental - 1951.opus
Osvaldo Fresedo,Silbando,1952-05-13,Fresedo Osvaldo/1950-1954/Fresedo - Silbando - Pacheco - 1952.opus
Osvaldo Fresedo,Sollozos,1952-09-18,Fresedo Osvaldo/1950-1954/Fresedo - Sollozos - Pacheco - 1952.opus
Osvaldo Fresedo,Solo de Bandoneón,1952-10-16,Fresedo Osvaldo/1950-1954/Fresedo - Solo De Bandoneon - Pacheco - 1952.opus
Osvaldo Fresedo,Sombra de Humo,1951-11-21,Fresedo Osvaldo/1950-1954/Fresedo - Sombra De Humo - Garrido - 1951.opus
Osvaldo Fresedo,Sosteniendo Recuerdos,1952-10-16,Fresedo Osvaldo/1950-1954/Fresedo - Sosteniendo Recuerdos - Pacheco - 1952.opus
Osvaldo Fresedo,Tiempos Viejos,1953-05-20,Fresedo Osvaldo/1950-1954/Fresedo - Tiempos Viejos - Barrios - 1953.opus
Osvaldo Fresedo,Triunfal,1953-09-15,Fresedo Osvaldo/1950-1954/Fresedo - Triunfal - Instrumental - 1953.opus
Osvaldo Fresedo,Tu Piel de Jazmín,1950-12-09,Fresedo Osvaldo/1950-1954/Fresedo - Tu Piel De Jazmin - Ray - 1950.opus
Osvaldo Fresedo,Una Gota de Rocío,1953-05-20,Fresedo Osvaldo/1950-1954/Fresedo - Una Gota de Rocio - Pacheco - 1953.opus
Osvaldo Fresedo,Vamos Vamos Zaino Viejo,1950-12-19,Fresedo Osvaldo/1950-1954/Fresedo - Vamos Vamos Zaino Viejo - Garrido - 1950.opus
Osvaldo Fresedo,Vida Mía,1952-08-21,Fresedo Osvaldo/1950-1954/Fresedo - Vida Mia - Pacheco - 1952.opus
Osvaldo Fresedo,Viejo Malevo,1952-11-21,Fresedo Osvaldo/1950-1954/Fresedo - Viejo Malevo - Pacheco - 1952.opus
Osvaldo Fresedo,Y No Te Voy a Llorar,1953-12-23,Fresedo Osvaldo/1950-1954/Fresedo - Y No Te Voy A Llorar - Pacheco - 1953.opus
Osvaldo Fresedo,Y Total Para Qué,1954-12-03,Fresedo Osvaldo/1950-1954/Fresedo - Y Total Para Que - Pacheco - 1954.opus
Osvaldo Fresedo,Adiós Muchachos,1956-07-30,"Fresedo Osvaldo/1955-1959/Fresedo - Adios, Muchachos - Gillespie - 1956.opus"
Osvaldo Fresedo,Algún Día Volverás,1955-07-06,Fresedo Osvaldo/1955-1959/Fresedo - Algun Dia Volveras - Pacheco - 1955.opus
Osvaldo Fresedo,Aromas,1956-05-16,Fresedo Osvaldo/1955-1959/Fresedo - Aromas - Barrios - 1956.opus
Osvaldo Fresedo,Arrabalero,1959-01-20,Fresedo Osvaldo/1955-1959/Fresedo - Arrabalero - Mooney - 1959.opus
Osvaldo Fresedo,Capricho de Amor,1956-07-30,Fresedo Osvaldo/1955-1959/Fresedo - Capricho De Amor - Gillespie - 1956.opus
Osvaldo Fresedo,Derecho Viejo,1959-06-02,Fresedo Osvaldo/1955-1959/Fresedo - Derecho Viejo - Instrumental - 1959.opus
Osvaldo Fresedo,Después de Carnaval,1959-01-12,Fresedo Osvaldo/1955-1959/Fresedo - Despues de Carnaval - Marcel - 1959.opus
Osvaldo Fresedo,Dónde Estás,1959-06-02,Fresedo Osvaldo/1955-1959/Fresedo - Donde Estas - Mooney - 1959.opus
Osvaldo Fresedo,El Espiante,1955-12-29,Fresedo Osvaldo/1955-1959/Fresedo - El Espiante - Instrumental - 1955.opus
Osvaldo Fresedo,El Tamborilero,1959-04-06,Fresedo Osvaldo/1955-1959/Fresedo - El Tamborilero - Instrumental - 1959.opus
Osvaldo Fresedo,En Mis Noches,1956-05-16,Fresedo Osvaldo/1955-1959/Fresedo - En Mis Noches - Instrumental - 1956.opus
Osvaldo Fresedo,Es Mejor Olvidar,1959-05-07,Fresedo Osvaldo/1955-1959/Fresedo - Es Mejor Olvidar - Marcel - 1959.opus
Osvaldo Fresedo,Estás Aquí,1956-05-16,Fresedo Osvaldo/1955-1959/Fresedo - Estas Aqui - Barrios - 1956.opus
Osvaldo Fresedo,Julián,1959-01-20,Fresedo Osvaldo/1955-1959/Fresedo - Julian - Mooney - 1959.opus
Osvaldo Fresedo,La Viruta,1957-09-27,Fresedo Osvaldo/1955-1959/Fresedo - La Viruta - Instrumental - 1957.opus
Osvaldo Fresedo,Milonguero Viejo,1959-04-06,Fresedo Osvaldo/1955-1959/Fresedo - Milonguero Viejo - Instrumental - 1959.opus
Osvaldo Fresedo,Muñequita de París,1955-07-06,Fresedo Osvaldo/1955-1959/Fresedo - Munequita De Paris - Pacheco - 1955.opus
Osvaldo Fresedo,Pimienta,1959-01-23,Fresedo Osvaldo/1955-1959/Fresedo - Pimienta - Instrumental - 1959.opus
Osvaldo Fresedo,Por Qué,1955-07-19,Fresedo Osvaldo/1955-1959/Fresedo - Por Que - Instrumental - 1955.opus
Osvaldo Fresedo,Preludio N° 3,1956-07-30,Fresedo Osvaldo/1955-1959/Fresedo - Preludio N° 3 - Gillespie - 1956.opus
Osvaldo Fresedo,Qué Lejos Mi Buenos Aires,1959-01-12,Fresedo Osvaldo/1955-1959/Fresedo - Que Lejos Mi Buenos Aires - Marcel - 1959.opus
Osvaldo Fresedo,Re Fa Si,1959-05-07,Fresedo Osvaldo/1955-1959/Fresedo - Re Fa Si - Instrumental - 1959.opus
Osvaldo Fresedo,Te Quiero Locamente,1959-01-23,Fresedo Osvaldo/1955-1959/Fresedo - Te Quiero Locamente - Marcel - 1959.opus
Osvaldo Fresedo,Tema en Fa,1957-09-10,Fresedo Osvaldo/1955-1959/Fresedo - Tema en Fa - Instrumental - 1957.opus
Osvaldo Fresedo,Trenza de Ocho,1955-12-29,Fresedo Osvaldo/1955-1959/Fresedo - Trenza De Ocho - Barrios - 1955.opus
Osvaldo Fresedo,Vamos Cariñito,1957-09-27,Fresedo Osvaldo/1955-1959/Fresedo - Vamos Carinito - Barrios - 1957.opus
Osvaldo Fresedo,Vida Mía,1956-07-30,Fresedo Osvaldo/1955-1959/Fresedo - Vida Mia - Gillespie - 1956.opus
Osvaldo Fresedo,Bahía Blanca,1961-07-05,Fresedo Osvaldo/1960-1964/Fresedo - Bahia Blanca - Instrumental - 1961.opus
Osvaldo Fresedo,Capicúa,1961-06-15,Fresedo Osvaldo/1960-1964/Fresedo - Capicua - Instrumental - 1961.opus
Osvaldo Fresedo,Cuesta Abajo,1963-06-17,Fresedo Osvaldo/1960-1964/Fresedo - Cuesta Abajo - Instrumental - 1963.opus
Osvaldo Fresedo,De Academia,1961-05-22,Fresedo Osvaldo/1960-1964/Fresedo - De Academia - Instrumental - 1961.opus
Osvaldo Fresedo,El Día Que Me Quieras,1961-06-01,Fresedo Osvaldo/1960-1964/Fresedo - El Dia Que Me Quieras - Instrumental - 1961.opus
Osvaldo Fresedo,El Flaco Abel,1961-06-07,Fresedo Osvaldo/1960-1964/Fresedo - El Flaco Abel - Luna - 1961.opus
Osvaldo Fresedo,El Pollito,1961-05-26,Fresedo Osvaldo/1960-1964/Fresedo - El Pollito - Instrumental - 1961.opus
Osvaldo Fresedo,Enamorado Estoy,1961-05-26,Fresedo Osvaldo/1960-1964/Fresedo - Enamorado Estoy - Marcel - 1961.opus
Osvaldo Fresedo,Entrelazado,1963-06-17,Fresedo Osvaldo/1960-1964/Fresedo - Entrelazado - Instrumental - 1963.opus
Osvaldo Fresedo,Golondrinas,1963-05-22,Fresedo Osvaldo/1960-1964/Fresedo - Golondrinas - Instrumental - 1963.opus
Osvaldo Fresedo,La Canción,1961-06-01,Fresedo Osvaldo/1960-1964/Fresedo - La Cancion - Marcel - 1961.opus
Osvaldo Fresedo,Mi Verdad,1961-09-27,Fresedo Osvaldo/1960-1964/Fresedo - Mi Verdad - Bayot - 1961.opus
Osvaldo Fresedo,Migaja,1963-05-02,Fresedo Osvaldo/1960-1964/Fresedo - Migaja - Barrios - 1963.opus
Osvaldo Fresedo,Milonguita,1961-09-14,Fresedo Osvaldo/1960-1964/Fresedo - Milonguita - Marcel - 1961.opus
Osvaldo Fresedo,Naipe Marcado,1961-09-03,Fresedo Osvaldo/1960-1964/Fresedo - Naipe Marcado - Barrios - 1961.opus
Osvaldo Fresedo,Perro E' Sulky,1961-09-14,Fresedo Osvaldo/1960-1964/Fresedo - Perro E' Sulky - Barrios - 1961.opus
Osvaldo Fresedo,Qué Noche,1963-05-02,Fresedo Osvaldo/1960-1964/Fresedo - Que Noche - Instrumental - 1963.opus
Osvaldo Fresedo,Rosarina Linda,1961-06-01,Fresedo Osvaldo/1960-1964/Fresedo - Rosarina Linda - Ruiz - 1961.opus
Osvaldo Fresedo,Si de Mí Te Has Olvidado,1961-06-07,Fresedo Osvaldo/1960-1964/Fresedo - Si de Mi Te Has Olvidado - Marcel - 1961.opus
Osvaldo Fresedo,Siempre Dos,1961-09-27,Fresedo Osvaldo/1960-1964/Fresedo - Siempre Dos - Bayot - 1961.opus
Osvaldo Fresedo,Soledad,1963-05-22,Fresedo Osvaldo/1960-1964/Fresedo - Soledad - Instrumental - 1963.opus
Osvaldo Fresedo,Sueño Azul,1961-06-15,Fresedo Osvaldo/1960-1964/Fresedo - Sueno Azul - Instrumental - 1961.opus
Osvaldo Fresedo,Taconeando,1961-09-14,Fresedo Osvaldo/1960-1964/Fresedo - Taconeando - Instrumental - 1961.opus
Osvaldo Fresedo,Tango Mío,1961-05-22,Fresedo Osvaldo/1960-1964/Fresedo - Tango Mio - Barrios - 1961.opus
Osvaldo Fresedo,Todo Corazón,1961-07-05,Fresedo Osvaldo/1960-1964/Fresedo - Todo Corazon - Instrumental - 1961.opus
Osvaldo Fresedo,Única,1961-05-26,Fresedo Osvaldo/1960-1964/Fresedo - Unica - Marcel - 1961.opus
Osvaldo Fresedo,Viajando,1963-04-15,Fresedo Osvaldo/1960-1964/Fresedo - Viajando - Instrumental - 1963.opus
Osvaldo Fresedo,Bandoneón Amigo,1966-10-14,Fresedo Osvaldo/1965-1969/Fresedo - Bandoneon Amigo - Yanes - 1966.opus
Osvaldo Fresedo,Barrio Pobre,1966-10-14,Fresedo Osvaldo/1965-1969/Fresedo - Barrio Pobre - Yanes - 1966.opus
Osvaldo Fresedo,El Flete,1966-10-24,Fresedo Osvaldo/1965-1969/Fresedo - El Flete - Instrumental - 1966.opus
Osvaldo Fresedo,La Sanata,1966-10-24,Fresedo Osvaldo/1965-1969/Fresedo - La Sanata - Instrumental - 1966.opus
Osvaldo Fresedo,Mi Buenos Aires Querido,1966-04-15,Fresedo Osvaldo/1965-1969/Fresedo - Mi Buenos Aires Querido - Instrumental - 1966.opus
Osvaldo Fresedo,Sobre el Pucho,1968,Fresedo Osvaldo/1965-1969/Fresedo - Sobre El Pucho - Arana - 1968.opus
Osvaldo Fresedo,Tengo,1966-06-24,Fresedo Osvaldo/1965-1969/Fresedo - Tengo - Yanes - 1966.opus
Osvaldo Fresedo,Viejo Buenos Aires,1968,Fresedo Osvaldo/1965-1969/Fresedo - Viejo Buenos Aires - Arana - 1968.opus
Osvaldo Fresedo,Viejo Buenos Aires,1966-06-24,Fresedo Osvaldo/1965-1969/Fresedo - Viejo Buenos Aires - Luna - 1966.opus
Osvaldo Fresedo,El Entrerriano,1979-10-30,Fresedo Osvaldo/1975-1979/Fresedo - El Entrerriano - Instrumental - 1979.opus
Osvaldo Fresedo,El Espiante,1979-11-06,Fresedo Osvaldo/1975-1979/Fresedo - El Espiante - Instrumental - 1979.opus
Osvaldo Fresedo,El Once,1979-10-30,Fresedo Osvaldo/1975-1979/Fresedo - El Once - Instrumental - 1979.opus
Osvaldo Fresedo,El Pibe de la Paternal,1979-11-06,Fresedo Osvaldo/1975-1979/Fresedo - El Pibe de la Paternal - Instrumental - 1979.opus
Osvaldo Fresedo,La Cachila,1979-10-30,Fresedo Osvaldo/1975-1979/Fresedo - La Cachila - Instrumental - 1979.opus
Osvaldo Fresedo,La Cumparsita,1979-10-30,Fresedo Osvaldo/1975-1979/Fresedo - La Cumparsita - Instrumental - 1979.opus
Osvaldo Fresedo,La Viruta,1979-11-06,Fresedo Osvaldo/1975-1979/Fresedo - La Viruta - Instrumental - 1979.opus
Osvaldo Fresedo,Mi Refugio,1979-11-06,Fresedo Osvaldo/1975-1979/Fresedo - Mi Refugio - Instrumental - 1979.opus
Osvaldo Fresedo,Ojos Negros,1979-10-30,Fresedo Osvaldo/1975-1979/Fresedo - Ojos Negros - Instrumental - 1979.opus
Osvaldo Fresedo,Por Qué,1979-10-30,Fresedo Osvaldo/1975-1979/Fresedo - Por Que - Instrumental - 1979.opus
Alfredo Gobbi,Adoración,1947-11-04,Gobbi Alfredo/1945-1949/Gobbi - Adoracion - Soler - 1947.opus
Alfredo Gobbi,Amémonos,1948-01-31,Gobbi Alfredo/1945-1949/Gobbi - Amemonos - Soler - 1948.opus
Alfredo Gobbi,Amor de Forastero,1947-07-30,Gobbi Alfredo/1945-1949/Gobbi - Amor de Forastero - Soler - 1947.opus
Alfredo Gobbi,Barcarola Triste,1947-11-04,Gobbi Alfredo/1945-1949/Gobbi - Barcarola Triste - Soler - 1947.opus
Alfredo Gobbi,Chuzas,1949-12-21,Gobbi Alfredo/1945-1949/Gobbi - Chuzas - Instrumental - 1949.opus
Alfredo Gobbi,El Incendio,1948-01-31,Gobbi Alfredo/1945-1949/Gobbi - El Incendio - Instrumental - 1948.opus
Alfredo Gobbi,El Pollero,1949-03-24,Gobbi Alfredo/1945-1949/Gobbi - El Pollero - Maciel - 1949.opus
Alfredo Gobbi,Independiente Club,1948-09-08,Gobbi Alfredo/1945-1949/Gobbi - Independiente Club - Instrumental - 1948.opus
Alfredo Gobbi,Jueves,1947-07-30,Gobbi Alfredo/1945-1949/Gobbi - Jueves - Instrumental - 1947.opus
Alfredo Gobbi,La Entrerriana,1947-05-16,Gobbi Alfredo/1945-1949/Gobbi - La Entrerriana - Soler - 1947.opus
Alfredo Gobbi,La Vieja Serenata,1949-01-31,Gobbi Alfredo/1945-1949/Gobbi - La Vieja Serenata - Maciel - 1949.opus
Alfredo Gobbi,Muchachos Yo Tengo un Tango,1948-05-12,Gobbi Alfredo/1945-1949/Gobbi - Muchachos Yo Tengo un Tango - Lozano - 1948.opus
Alfredo Gobbi,Orlando Goñi,1949-03-24,Gobbi Alfredo/1945-1949/Gobbi - Orlando Goni - Instrumental - 1949.opus
Alfredo Gobbi,Puro Apronte,1949-01-31,Gobbi Alfredo/1945-1949/Gobbi - Puro Apronte - Instrumental - 1949.opus
Alfredo Gobbi,Racing Club,1949-10-13,Gobbi Alfredo/1945-1949/Gobbi - Racing Club - Instrumental - 1949.opus
Alfredo Gobbi,Remembranza,1948-09-08,Gobbi Alfredo/1945-1949/Gobbi - Remembranza - Maciel - 1948.opus
Alfredo Gobbi,Sombras,1949-12-21,Gobbi Alfredo/1945-1949/Gobbi - Sombras - Maciel - 1949.opus
Alfredo Gobbi,Tierrita,1948-05-12,Gobbi Alfredo/1945-1949/Gobbi - Tierrita - Maciel - 1948.opus
Alfredo Gobbi,As de Cartón,1953-04-28,Gobbi Alfredo/1950-1954/Gobbi - As de Carton - Almada - 1953.opus
Alfredo Gobbi,Calor de Hogar,1951-06-26,Gobbi Alfredo/1950-1954/Gobbi - Calor de Hogar - Maciel - 1951.opus
Alfredo Gobbi,Canzoneta,1954-06-22,Gobbi Alfredo/1950-1954/Gobbi - Canzoneta - Maciel - 1954.opus
Alfredo Gobbi,Cuatro Novios,1954-06-22,Gobbi Alfredo/1950-1954/Gobbi - Cuatro Novios - Lando - 1954.opus
Alfredo Gobbi,El Andariego,1951-06-27,Gobbi Alfredo/1950-1954/Gobbi - El Andariego - Instrumental - 1951.opus
Alfredo Gobbi,El Hijo Cruel,1954-12-13,Gobbi Alfredo/1950-1954/Gobbi - El Hijo Cruel - Del Rio - 1954.opus
Alfredo Gobbi,Estás en Mi Corazón,1950-04-18,Gobbi Alfredo/1950-1954/Gobbi - Estas en Mi Corazon - Maciel - 1950.opus
Alfredo Gobbi,Estrellita del Sur,1951-04-26,Gobbi Alfredo/1950-1954/Gobbi - Estrellita del Sur - Coral - 1951.opus
Alfredo Gobbi,Fraternal,1954-08-26,Gobbi Alfredo/1950-1954/Gobbi - Fraternal - Instrumental - 1954.opus
Alfredo Gobbi,La Catrera,1951-04-26,Gobbi Alfredo/1950-1954/Gobbi - La Catrera - Instrumental - 1951.opus
Alfredo Gobbi,La Intriga,1950-11-23,Gobbi Alfredo/1950-1954/Gobbi - La Intriga - Maciel - 1950.opus
Alfredo Gobbi,La Número Cinco,1951-06-27,Gobbi Alfredo/1950-1954/Gobbi - La Numero Cinco - Maciel - 1951.opus
Alfredo Gobbi,Lágrimas y Sonrisas,1954-12-14,Gobbi Alfredo/1950-1954/Gobbi - Lagrimas y Sonrisas - Instrumental - 1954.opus
Alfredo Gobbi,Nueve Puntos,1952-04-03,Gobbi Alfredo/1950-1954/Gobbi - Nueve Puntos - Instrumental - 1952.opus
Alfredo Gobbi,Para Qué Vivir Así,1953-06-09,Gobbi Alfredo/1950-1954/Gobbi - Para Que Vivir Asi - Maciel - 1953.opus
Alfredo Gobbi,Pelele,1950-04-18,Gobbi Alfredo/1950-1954/Gobbi - Pelele - Instrumental - 1950.opus
Alfredo Gobbi,Por Eso Canto Así,1953-10-27,Gobbi Alfredo/1950-1954/Gobbi - Por Eso Canto Asi - Almada - 1953.opus
Alfredo Gobbi,Que Me Quiten Lo Bailao,1951-06-26,Gobbi Alfredo/1950-1954/Gobbi - Que Me Quiten Lo Bailao - Coral - 1951.opus
Alfredo Gobbi,Salto Mortal,1950-10-31,Gobbi Alfredo/1950-1954/Gobbi - Salto Mortal - Maciel - 1950.opus
Alfredo Gobbi,Si Sos Brujo,1953-10-27,Gobbi Alfredo/1950-1954/Gobbi - Si Sos Brujo - Instrumental - 1953.opus
Alfredo Gobbi,Traicionera,1950-11-23,Gobbi Alfredo/1950-1954/Gobbi - Traicionera - Coral - 1950.opus
Alfredo Gobbi,Triste Destino,1954-12-14,Gobbi Alfredo/1950-1954/Gobbi - Triste Destino - Del Rio - 1954.opus
Alfredo Gobbi,Tropa,1950-10-31,Gobbi Alfredo/1950-1954/Gobbi - Tropa - Coral - 1950.opus
Alfredo Gobbi,Tu Angustia y Mi Dolor,1954-12-14,Gobbi Alfredo/1950-1954/Gobbi - Tu Angustia Y Mi Dolor - Lando - 1954.opus
Alfredo Gobbi,Tu Angustia y Mi Dolor,1953-04-28,Gobbi Alfredo/1950-1954/Gobbi - Tu Angustia y Mi Dolor - Maciel - 1953.opus
Alfredo Gobbi,Un Regalo de Reyes,1954-08-26,Gobbi Alfredo/1950-1954/Gobbi - Un Regalo de Reyes - Maciel - 1954.opus
Alfredo Gobbi,Ya No Eres Mía,1950-03-27,Gobbi Alfredo/1950-1954/Gobbi - Ya No Eres Mia - Maciel - 1950.opus
Alfredo Gobbi,A Media Luz,1955-06-30,Gobbi Alfredo/1955-1959/Gobbi - A Media Luz - Instrumental - 1955.opus
Alfredo Gobbi,A Mis Manos,1955-03-28,Gobbi Alfredo/1955-1959/Gobbi - A Mis Manos - Del Rio - 1955.opus
Alfredo Gobbi,Adiós Corazón,1958-04-17,Gobbi Alfredo/1955-1959/Gobbi - Adios Corazon - Del Rio - 1958.opus
Alfredo Gobbi,Calla,1956-09-18,Gobbi Alfredo/1955-1959/Gobbi - Calla - Lando - 1956.opus
Alfredo Gobbi,Camandulaje,1955-06-13,Gobbi Alfredo/1955-1959/Gobbi - Camandulaje - Instrumental - 1955.opus
Alfredo Gobbi,Cuánta Angustia,1957-09-25,Gobbi Alfredo/1955-1959/Gobbi - Cuanta Angustia - Lando - 1957.opus
Alfredo Gobbi,Dame Tiempo,1958-07-31,Gobbi Alfredo/1955-1959/Gobbi - Dame Tiempo - Del Rio - 1958.opus
Alfredo Gobbi,El Inquilino,1956-07-16,Gobbi Alfredo/1955-1959/Gobbi - El Inquilino - Del Rio - 1956.opus
Alfredo Gobbi,El Solitario,1956-09-18,Gobbi Alfredo/1955-1959/Gobbi - El Solitario - Del Rio - 1956.opus
Alfredo Gobbi,Entrador,1956-07-16,Gobbi Alfredo/1955-1959/Gobbi - Entrador - Instrumental - 1956.opus
Alfredo Gobbi,Garabatos de Mujer,1958-04-17,Gobbi Alfredo/1955-1959/Gobbi - Garabatos de Mujer - Lando - 1958.opus
Alfredo Gobbi,Historia de un Amor,1956-04-16,Gobbi Alfredo/1955-1959/Gobbi - Historia De Un Amor - Lando - 1956.opus
Alfredo Gobbi,La Última Curda,1957-06-18,Gobbi Alfredo/1955-1959/Gobbi - La Ultima Curda - Lando - 1957.opus
Alfredo Gobbi,Lágrimas de Sangre,1955-06-30,Gobbi Alfredo/1955-1959/Gobbi - Lagrimas de Sangre - Del Rio - 1955.opus
Alfredo Gobbi,Mensajera,1957-04-16,Gobbi Alfredo/1955-1959/Gobbi - Mensajera - Lando - 1957.opus
Alfredo Gobbi,Mi Colegiala,1958-07-07,Gobbi Alfredo/1955-1959/Gobbi - Mi Colegiala - Lando y Del Rio - 1958.opus
Alfredo Gobbi,No Me Supiste Amar,1958-07-31,Gobbi Alfredo/1955-1959/Gobbi - No Me Supiste Amar - Lando - 1958.opus
Alfredo Gobbi,Por una Muñeca,1955-03-28,Gobbi Alfredo/1955-1959/Gobbi - Por una Muneca - Del Rio - 1955.opus
Alfredo Gobbi,Predestinada,1955-06-13,Gobbi Alfredo/1955-1959/Gobbi - Predestinada - Lando - 1955.opus
Alfredo Gobbi,Qué Fácil Es Decir,1956-07-16,Gobbi Alfredo/1955-1959/Gobbi - Que Facil Es Decir - Lando - 1956.opus
Alfredo Gobbi,Que Nadie Sepa Mi Sufrir,1955-06-30,Gobbi Alfredo/1955-1959/Gobbi - Que Nadie Sepa Mi Sufrir - Lando - 1955.opus
Alfredo Gobbi,Reflexionemos,1957-10-08,Gobbi Alfredo/1955-1959/Gobbi - Reflexionemos - Yanel - 1957.opus
Alfredo Gobbi,Saludos,1958-07-07,Gobbi Alfredo/1955-1959/Gobbi - Saludos - Instrumental - 1958.opus
Alfredo Gobbi,Sin Madre,1956-09-18,Gobbi Alfredo/1955-1959/Gobbi - Sin Madre - Del Rio - 1956.opus
Alfredo Gobbi,Sin Vuelta de Hoja,1956-09-18,Gobbi Alfredo/1955-1959/Gobbi - Sin Vuelta de Hoja - Instrumental - 1956.opus
Alfredo Gobbi,Te Estaba Esperando,1956-04-16,Gobbi Alfredo/1955-1959/Gobbi - Te Estaba Esperando - Del Rio - 1956.opus
Alfredo Gobbi,Tuya,1956-07-16,Gobbi Alfredo/1955-1959/Gobbi - Tuya - Del Rio - 1956.opus
Alfredo Gobbi,Un Tango Para Chaplin,1955-06-30,Gobbi Alfredo/1955-1959/Gobbi - Un Tango Para Chaplin - Del Rio - 1955.opus
Alfredo Gobbi,Y Algún Día,1957-04-16,Gobbi Alfredo/1955-1959/Gobbi - Y Algun Dia - Beltran - 1957.opus
Pedro Laurenz,Abandono,1937-09-24,Laurenz Pedro/1935-1939/Laurenz - Abandono - Farrel - 1937.opus
Pedro Laurenz,Arrabal,1937-09-24,Laurenz Pedro/1935-1939/Laurenz - Arrabal - Instrumental - 1937.opus
Pedro Laurenz,Milonga Compadre,1938-05-12,Laurenz Pedro/1935-1939/Laurenz - Milonga Compadre - Casas - 1938.opus
Pedro Laurenz,Vieja Amiga,1938-05-12,Laurenz Pedro/1935-1939/Laurenz - Vieja Amiga - Casas - 1938.opus
Pedro Laurenz,Al Verla Pasar,1942-01-07,Laurenz Pedro/1940-1944/Laurenz - Al Verla Pasar - Podesta - 1942.opus
Pedro Laurenz,Alma de Bohemio,1943-07-15,Laurenz Pedro/1940-1944/Laurenz - Alma De Bohemio - Podesta - 1943.opus
Pedro Laurenz,Amurado,1940-07-29,Laurenz Pedro/1940-1944/Laurenz - Amurado - Casas - 1940.opus
Pedro Laurenz,Barrio Tranquilo,1944-10-04,Laurenz Pedro/1940-1944/Laurenz - Barrio Tranquilo - Linares - 1944.opus
Pedro Laurenz,Chatero de Aquel Entonces,1942-10-20,Laurenz Pedro/1940-1944/Laurenz - Chatero De Aquel Entonces - Casas - 1942.opus
Pedro Laurenz,Como el Hornero,1944-01-14,Laurenz Pedro/1940-1944/Laurenz - Como El Hornero - Podesta - 1944.opus
Pedro Laurenz,De Puro Guapo,1940-01-25,Laurenz Pedro/1940-1944/Laurenz - De Puro Guapo - Casas - 1940.opus
Pedro Laurenz,Desconsuelo,1940-02-21,Laurenz Pedro/1940-1944/Laurenz - Desconsuelo - Casas - 1940.opus
Pedro Laurenz,El Criollito Oriental,1944-03-01,Laurenz Pedro/1940-1944/Laurenz - El Criollito Oriental - Podesta - 1944.opus
Pedro Laurenz,Es Mejor Perdonar,1942-03-31,Laurenz Pedro/1940-1944/Laurenz - Es Mejor Perdonar - Del Campo - 1942.opus
Pedro Laurenz,Esta Noche Al Pasar,1944-08-07,Laurenz Pedro/1940-1944/Laurenz - Esta Noche Al Pasar - Linares - 1944.opus
Pedro Laurenz,Firuletear de Bandoneón,1942-12-02,Laurenz Pedro/1940-1944/Laurenz - Firuletear De Bandoneon - Casas - 1942.opus
Pedro Laurenz,Garúa,1943-08-06,Laurenz Pedro/1940-1944/Laurenz - Garua - Podesta - 1943.opus
Pedro Laurenz,La Madrugada,1944-04-26,Laurenz Pedro/1940-1944/Laurenz - La Madrugada - Bermudez - 1944.opus
Pedro Laurenz,La Vida Es una Milonga,1941-09-05,Laurenz Pedro/1940-1944/Laurenz - La Vida Es Una Milonga - Podesta - 1941.opus
Pedro Laurenz,Llueve Otra Vez,1944-04-26,Laurenz Pedro/1940-1944/Laurenz - Llueve Otra Vez - Bermudez - 1944.opus
Pedro Laurenz,Maldonado,1943-12-09,Laurenz Pedro/1940-1944/Laurenz - Maldonado - Podesta - 1943.opus
Pedro Laurenz,María Remedios,1942-12-02,Laurenz Pedro/1940-1944/Laurenz - Maria Remedios - Fuentes - 1942.opus
Pedro Laurenz,Más Solo Que Nunca,1944-04-26,Laurenz Pedro/1940-1944/Laurenz - Mas Solo Que Nunca - Bermudez - 1944.opus
Pedro Laurenz,Mascarita,1940-02-21,Laurenz Pedro/1940-1944/Laurenz - Mascarita - Casas - 1940.opus
Pedro Laurenz,Me Están Sobrando las Penas,1944-08-07,Laurenz Pedro/1940-1944/Laurenz - Me Estan Sobrando Las Penas - Bermudez - 1944.opus
Pedro Laurenz,Mendocina,1944-12-19,Laurenz Pedro/1940-1944/Laurenz - Mendocina - Bermudez y Linares - 1944.opus
Pedro Laurenz,Milonga de Mis Amores,1944-01-14,Laurenz Pedro/1940-1944/Laurenz - Milonga De Mis Amores - Instrumental - 1944.opus
Pedro Laurenz,Muchachos Mi Último Tango,1944-03-01,Laurenz Pedro/1940-1944/Laurenz - Muchachos Mi Ultimo Tango - Podesta - 1944.opus
Pedro Laurenz,Nada Más Que un Corazón,1944-10-04,Laurenz Pedro/1940-1944/Laurenz - Nada Mas Que Un Corazon - Bermudez - 1944.opus
Pedro Laurenz,Naranjo en Flor,1944-07-18,Laurenz Pedro/1940-1944/Laurenz - Naranjo En Flor - Linares - 1944.opus
Pedro Laurenz,No Me Extraña,1940-01-25,Laurenz Pedro/1940-1944/Laurenz - No Me Extrana - Casas - 1940.opus
Pedro Laurenz,Nunca Tuvo Novio,1943-04-16,Laurenz Pedro/1940-1944/Laurenz - Nunca Tuvo Novio - Podesta - 1943.opus
Pedro Laurenz,Orgullo Criollo,1941-09-05,Laurenz Pedro/1940-1944/Laurenz - Orgullo Criollo - Instrumental - 1941.opus
Pedro Laurenz,Paisaje,1943-08-06,Laurenz Pedro/1940-1944/Laurenz - Paisaje - Podesta - 1943.opus
Pedro Laurenz,Patria Mía,1943-07-15,Laurenz Pedro/1940-1944/Laurenz - Patria Mia - Podesta - 1943.opus
Pedro Laurenz,Poca Suerte,1941-12-02,Laurenz Pedro/1940-1944/Laurenz - Poca Suerte - Instrumental - 1941.opus
Pedro Laurenz,Que Nunca Me Falte,1943-09-22,Laurenz Pedro/1940-1944/Laurenz - Que Nunca Me Falte - Podesta - 1943.opus
Pedro Laurenz,Recién,1943-09-22,Laurenz Pedro/1940-1944/Laurenz - Recien - Podesta - 1943.opus
Pedro Laurenz,Temblando,1944-04-26,Laurenz Pedro/1940-1944/Laurenz - Temblando - Bermudez - 1944.opus
Pedro Laurenz,Todo,1943-12-09,Laurenz Pedro/1940-1944/Laurenz - Todo - Podesta - 1943.opus
Pedro Laurenz,Trenzas,1944-12-19,Laurenz Pedro/1940-1944/Laurenz - Trenzas - Linares - 1944.opus
Pedro Laurenz,Veinticuatro de Agosto,1943-04-16,Laurenz Pedro/1940-1944/Laurenz - Veinticuatro de Agosto - Podesta - 1943.opus
Pedro Laurenz,Yo Quiero Cantar un Tango,1943-11-16,Laurenz Pedro/1940-1944/Laurenz - Yo Quiero Cantar Un Tango - Podesta - 1943.opus
Pedro Laurenz,Yo Soy de San Telmo,1943-11-16,Laurenz Pedro/1940-1944/Laurenz - Yo Soy De San Telmo - Podesta - 1943.opus
Pedro Laurenz,Amurado,1947-01-16,Laurenz Pedro/1945-1949/Laurenz - Amurado - Instrumental - 1947.opus
Pedro Laurenz,La Beba,1946-09-30,Laurenz Pedro/1945-1949/Laurenz - La Beba - Instrumental - 1946.opus
Pedro Laurenz,Mala Junta,1947-01-16,Laurenz Pedro/1945-1949/Laurenz - Mala Junta - Instrumental - 1947.opus
Pedro Laurenz,Piedad,1946-09-30,Laurenz Pedro/1945-1949/Laurenz - Piedad - Juncal - 1946.opus
Pedro Laurenz,A Belisario Roldán,1953-06-25,Laurenz Pedro/1950-1954/Laurenz - A Belisario Roldan - Instrumental - 1953.opus
Pedro Laurenz,Amurado,1952-09-25,Laurenz Pedro/1950-1954/Laurenz - Amurado - Instrumental - 1952.opus
Pedro Laurenz,La Cumparsita,1953-09-22,Laurenz Pedro/1950-1954/Laurenz - La Cumparsita - Instrumental - 1953.opus
Pedro Laurenz,Quejas de Bandoneón,1952-06-25,Laurenz Pedro/1950-1954/Laurenz - Quejas De Bandoneon - Instrumental - 1952.opus
Pedro Laurenz,Berretín,1968-12,Laurenz Pedro/1965-1969/Laurenz - Berretin - Instrumental - 1968.opus
Pedro Laurenz,Como Dos Extraños,1968-12,Laurenz Pedro/1965-1969/Laurenz - Como Dos Extranos - Instrumental - 1968.opus
Pedro Laurenz,De Puro Guapo,1968-12,Laurenz Pedro/1965-1969/Laurenz - De Puro Guapo - Instrumental - 1968.opus
Pedro Laurenz,La Revancha,1968-12,Laurenz Pedro/1965-1969/Laurenz - La Revancha - Instrumental - 1968.opus
Pedro Laurenz,Mala Junta,1968-12,Laurenz Pedro/1965-1969/Laurenz - Mala Junta - Instrumental - 1968.opus
Pedro Laurenz,Orgullo Criollo,1968-12,Laurenz Pedro/1965-1969/Laurenz - Orgullo Criollo - Instrumental - 1968.opus
Francisco Lomuto,Adiós Muchachos,1927-12-29,Lomuto Francisco/1925-1929/Lomuto - Adios Muchachos - Instrumental - 1927.opus
Francisco Lomuto,Alma en Pena,1928-10-15,Lomuto Francisco/1925-1929/Lomuto - Alma En Pena - Charlo - 1928.opus
Francisco Lomuto,Bacán Fulero,1927-06-11,Lomuto Francisco/1925-1929/Lomuto - Bacan Fulero - Instrumental - 1927.opus
Francisco Lomuto,Barrio Viejo,1929-07-05,Lomuto Francisco/1925-1929/Lomuto - Barrio Viejo - Instrumental - 1929.opus
Francisco Lomuto,Buena Racha,1928-11-09,Lomuto Francisco/1925-1929/Lomuto - Buena Racha - Instrumental - 1928.opus
Francisco Lomuto,Buenos Aires Querido,1928-05-03,Lomuto Francisco/1925-1929/Lomuto - Buenos Aires Querido - Charlo - 1928.opus
Francisco Lomuto,Cicatrices,1927-08-08,Lomuto Francisco/1925-1929/Lomuto - Cicatrices - Instrumental - 1927.opus
Francisco Lomuto,Decí Pebeta Porqué,1928-06-05,Lomuto Francisco/1925-1929/Lomuto - Deci Pebeta Porque - Instrumental - 1928.opus
Francisco Lomuto,Deje Que la Acompañe,1929-08-14,Lomuto Francisco/1925-1929/Lomuto - Deje que la Acompane - Charlo - 1929.opus
Francisco Lomuto,Fumando Espero,1927-08-20,Lomuto Francisco/1925-1929/Lomuto - Fumando Espero - Instrumental - 1927.opus
Francisco Lomuto,Lágrimas de Mujer,1929-11-05,Lomuto Francisco/1925-1929/Lomuto - Lagrimas de Mujer - Instrumental - 1929.opus
Francisco Lomuto,Mamita,1929-03-08,Lomuto Francisco/1925-1929/Lomuto - Mamita - Instrumental - 1929.opus
Francisco Lomuto,Marioneta,1928-10-29,Lomuto Francisco/1925-1929/Lomuto - Marioneta - Charlo - 1928.opus
Francisco Lomuto,Mi Pibe,1929-07-19,Lomuto Francisco/1925-1929/Lomuto - Mi Pibe - Instrumental - 1929.opus
Francisco Lomuto,Mis Horas Tristes,1929-06-13,Lomuto Francisco/1925-1929/Lomuto - Mis Horas Tristes - Instrumental - 1929.opus
Francisco Lomuto,Pena Maleva,1927-10-28,Lomuto Francisco/1925-1929/Lomuto - Pena Maleva - Instrumental - 1927.opus
Francisco Lomuto,Sólo Por Ti,1928-03-23,Lomuto Francisco/1925-1929/Lomuto - Solo por Ti - Charlo - 1928.opus
Francisco Lomuto,Soy un Pobre Gaucho,1929-04-02,Lomuto Francisco/1925-1929/Lomuto - Soy un Pobre Gaucho - Charlo - 1929.opus
Francisco Lomuto,Te Aconsejo Que Me Olvides,1928-10-15,Lomuto Francisco/1925-1929/Lomuto - Te Aconsejo Que Me Olvides - Instrumental - 1928.opus
Francisco Lomuto,A su Memoria,1931-10-01,Lomuto Francisco/1930-1934/Lomuto - A su Memoria - Acuna y Diaz - 1931.opus
Francisco Lomuto,Alma del Bandoneón,1934-12-27,Lomuto Francisco/1930-1934/Lomuto - Alma del Bandoneon - Diaz - 1934.opus
Francisco Lomuto,Amargor,1932-05-09,Lomuto Francisco/1930-1934/Lomuto - Amargor - Diaz - 1932.opus
Francisco Lomuto,Andate,1933-05-31,Lomuto Francisco/1930-1934/Lomuto - Andate - Diaz - 1933.opus
Francisco Lomuto,Aquel Nocturno,1932-05-09,Lomuto Francisco/1930-1934/Lomuto - Aquel Nocturno - Diaz - 1932.opus
Francisco Lomuto,Aquella Mujercita,1931-11-30,Lomuto Francisco/1930-1934/Lomuto - Aquella Mujercita - Diaz - 1931.opus
Francisco Lomuto,Aunque Parezca Mentira,1932-06-27,Lomuto Francisco/1930-1934/Lomuto - Aunque Parezca Mentira - Diaz - 1932.opus
Francisco Lomuto,Bibelot,1934-06-01,Lomuto Francisco/1930-1934/Lomuto - Bibelot - Diaz - 1934.opus
Francisco Lomuto,Churrasca,1934-06-21,Lomuto Francisco/1930-1934/Lomuto - Churrasca - Diaz - 1934.opus
Francisco Lomuto,Cobardía,1933-07-07,Lomuto Francisco/1930-1934/Lomuto - Cobardia - Diaz - 1933.opus
Francisco Lomuto,Colorao Colorao,1930-06-11,Lomuto Francisco/1930-1934/Lomuto - Colorao Colorao - Instrumental - 1930.opus
Francisco Lomuto,Cómo Se Muere de Amor,1933-09-07,Lomuto Francisco/1930-1934/Lomuto - Como Se Muere De Amor - Diaz - 1933.opus
Francisco Lomuto,Congojas Que Matan,1931-09-24,Lomuto Francisco/1930-1934/Lomuto - Congojas que Matan - Acuna y Diaz - 1931.opus
Francisco Lomuto,Dale Celos,1932-06-09,Lomuto Francisco/1930-1934/Lomuto - Dale Celos - Charlo - 1932.opus
Francisco Lomuto,Danza Maligna,1932-11-14,Lomuto Francisco/1930-1934/Lomuto - Danza Maligna - Diaz - 1932.opus
Francisco Lomuto,Dímelo Al Oído,1934-02-19,Lomuto Francisco/1930-1934/Lomuto - Dimelo Al Oido - Diaz - 1934.opus
Francisco Lomuto,El Aguacero,1931-11-09,Lomuto Francisco/1930-1934/Lomuto - El Aguacero - Acuna y Diaz - 1931.opus
Francisco Lomuto,Hablemos Claro,1933-07-14,Lomuto Francisco/1930-1934/Lomuto - Hablemos Claro - Diaz - 1933.opus
Francisco Lomuto,Hambre,1932-04-18,Lomuto Francisco/1930-1934/Lomuto - Hambre - Charlo - 1932.opus
Francisco Lomuto,Hojas Que Caen,1932-08-29,Lomuto Francisco/1930-1934/Lomuto - Hojas que Caen - Diaz - 1932.opus
Francisco Lomuto,Indiferencia,1933-05-17,Lomuto Francisco/1930-1934/Lomuto - Indiferencia - Diaz - 1933.opus
Francisco Lomuto,Íntimas,1931-12-22,Lomuto Francisco/1930-1934/Lomuto - Intimas - Diaz - 1931.opus
Francisco Lomuto,Juventud,1930-04-25,Lomuto Francisco/1930-1934/Lomuto - Juventud - Instrumental - 1930.opus
Francisco Lomuto,Llévame en Tus Alas,1931-12-28,Lomuto Francisco/1930-1934/Lomuto - Llevame en Tus Alas - Diaz - 1931.opus
Francisco Lomuto,Lo Que Vieron Mis Ojos,1933-07-22,Lomuto Francisco/1930-1934/Lomuto - Lo que Vieron Mis Ojos - Diaz y Simone - 1933.opus
Francisco Lomuto,Mar de Fondo,1931-12-22,Lomuto Francisco/1930-1934/Lomuto - Mar de Fondo - Instrumental - 1931.opus
Francisco Lomuto,Mi Provinciana,1932-04-18,Lomuto Francisco/1930-1934/Lomuto - Mi Provinciana - Charlo - 1932.opus
Francisco Lomuto,Muñequita,1931-09-03,Lomuto Francisco/1930-1934/Lomuto - Munequita - Acuna y Diaz - 1931.opus
Francisco Lomuto,Nocao de Amor,1930-05-16,Lomuto Francisco/1930-1934/Lomuto - Nocao de Amor - Instrumental - 1930.opus
Francisco Lomuto,Nunca,1930-09-16,Lomuto Francisco/1930-1934/Lomuto - Nunca - Azul - 1930.opus
Francisco Lomuto,Nunca Más,1931-08-27,Lomuto Francisco/1930-1934/Lomuto - Nunca Mas - Acuna y Diaz - 1931.opus
Francisco Lomuto,Pero el Día Que Me Quieras,1934-12-02,Lomuto Francisco/1930-1934/Lomuto - Pero el Dia que Me Quieras - Diaz - 1934.opus
Francisco Lomuto,Puerto Nuevo,1933-11-22,Lomuto Francisco/1930-1934/Lomuto - Puerto Nuevo - Diaz - 1933.opus
Francisco Lomuto,Qué Tenés en la Mirada,1932-05-23,Lomuto Francisco/1930-1934/Lomuto - Que Tenes en la Mirada - Diaz - 1932.opus
Francisco Lomuto,Rencor,1932-12-06,Lomuto Francisco/1930-1934/Lomuto - Rencor - Diaz - 1932.opus
Francisco Lomuto,Rinconada de Mis Tiempos,1933-05-12,Lomuto Francisco/1930-1934/Lomuto - Rinconada de Mis Tiempos - Diaz - 1933.opus
Francisco Lomuto,Risas y Besos,1932-06-27,Lomuto Francisco/1930-1934/Lomuto - Risas y Besos - Diaz - 1932.opus
Francisco Lomuto,San Telmo,1932-06-08,Lomuto Francisco/1930-1934/Lomuto - San Telmo - Charlo - 1932.opus
Francisco Lomuto,Se Te Dio Vuelta la Taba,1931-10-08,Lomuto Francisco/1930-1934/Lomuto - Se Te Dio Vuelta la Taba - Diaz - 1931.opus
Francisco Lomuto,Si Soy Así,1933-06-14,Lomuto Francisco/1930-1934/Lomuto - Si Soy Asi - Diaz - 1933.opus
Francisco Lomuto,Soltero Soy Feliz,1932-11-10,Lomuto Francisco/1930-1934/Lomuto - Soltero Soy Feliz - Diaz - 1932.opus
Francisco Lomuto,Soñador,1933-01-03,Lomuto Francisco/1930-1934/Lomuto - Sonador - Diaz - 1933.opus
Francisco Lomuto,Sorbos Amargos,1932-05-23,Lomuto Francisco/1930-1934/Lomuto - Sorbos Amargos - Diaz - 1932.opus
Francisco Lomuto,Sueño de Juventud,1931-10-08,Lomuto Francisco/1930-1934/Lomuto - Sueno De Juventud - Diaz - 1931.opus
Francisco Lomuto,Sueño de Poeta,1931-10-01,Lomuto Francisco/1930-1934/Lomuto - Sueno de Poeta - Diaz - 1931.opus
Francisco Lomuto,Tango Sin Letra,1933-10-06,Lomuto Francisco/1930-1934/Lomuto - Tango Sin Letra - Diaz - 1933.opus
Francisco Lomuto,Tiempos Nuevos,1932-05-03,Lomuto Francisco/1930-1934/Lomuto - Tiempos Nuevos - Diaz - 1932.opus
Francisco Lomuto,Y Te Fuiste a París,1934-11-29,Lomuto Francisco/1930-1934/Lomuto - Y Te Fuiste a Paris - Diaz - 1934.opus
Francisco Lomuto,A la Gran Muñeca,1936-01-15,Lomuto Francisco/1935-1939/Lomuto - A La Gran Muneca - Omar - 1936.opus
Francisco Lomuto,Caminito,1935-06-16,Lomuto Francisco/1935-1939/Lomuto - Caminito - Omar y Brian - 1935.opus
Francisco Lomuto,Desaliento,1938-08-12,Lomuto Francisco/1935-1939/Lomuto - Desaliento - Omar - 1938.opus
Francisco Lomuto,El Cornetín del Tranvía,1938-06-09,Lomuto Francisco/1935-1939/Lomuto - El Cornetin del Tranvia - Omar - 1938.opus
Francisco Lomuto,Gólgota,1938-10-14,Lomuto Francisco/1935-1939/Lomuto - Golgota - Omar - 1938.opus
Francisco Lomuto,La Canción de la Noche,1935-08-08,Lomuto Francisco/1935-1939/Lomuto - La Cancion de la Noche - Omar - 1935.opus
Francisco Lomuto,La Cumparsita,1936-10-03,Lomuto Francisco/1935-1939/Lomuto - La Cumparsita - Instrumental - 1936.opus
Francisco Lomuto,La Melodía de Nuestro Adiós,1938-12-12,Lomuto Francisco/1935-1939/Lomuto - La Melodia de Nuestro Adios - Omar - 1938.opus
Francisco Lomuto,Las Cuarenta,1937-07-30,Lomuto Francisco/1935-1939/Lomuto - Las Cuarenta - Omar - 1937.opus
Francisco Lomuto,Madreselva,1938-08-24,Lomuto Francisco/1935-1939/Lomuto - Madreselva - Omar - 1938.opus
Francisco Lomuto,Mano a Mano,1936-10-03,Lomuto Francisco/1935-1939/Lomuto - Mano A Mano - Omar - 1936.opus
Francisco Lomuto,Monte Criollo,1935-05-09,Lomuto Francisco/1935-1939/Lomuto - Monte Criollo - Omar - 1935.opus
Francisco Lomuto,No Hay Tierra Como la Mía,1939-08-08,Lomuto Francisco/1935-1939/Lomuto - No Hay Tierra Como La Mia - Diaz - 1939.opus
Francisco Lomuto,Nostalgias,1936-10-28,Lomuto Francisco/1935-1939/Lomuto - Nostalgias - Instrumental - 1936.opus
Francisco Lomuto,Otra Vez,1938-06-09,Lomuto Francisco/1935-1939/Lomuto - Otra Vez - Omar - 1938.opus
Francisco Lomuto,Por la Vuelta,1939-02-28,Lomuto Francisco/1935-1939/Lomuto - Por La Vuelta - Omar - 1939.opus
Francisco Lomuto,Qué Tiempo Aquel,1938-02-24,Lomuto Francisco/1935-1939/Lomuto - Que Tiempo Aquel - Omar - 1938.opus
Francisco Lomuto,Se Han Sentado las Carretas,1939-10-25,Lomuto Francisco/1935-1939/Lomuto - Se Han Sentado las Carretas - Diaz y Omar - 1939.opus
Francisco Lomuto,Varón,1939-02-17,Lomuto Francisco/1935-1939/Lomuto - Varon - Omar - 1939.opus
Francisco Lomuto,Azabache,1942-11-20,Lomuto Francisco/1940-1944/Lomuto - Azabache - Diaz y Omar - 1942.opus
Francisco Lomuto,Bajo un Cielo de Estrellas,1941-04-09,Lomuto Francisco/1940-1944/Lomuto - Bajo Un Cielo De Estrellas - Diaz - 1941.opus
Francisco Lomuto,Catamarca,1943-05-15,Lomuto Francisco/1940-1944/Lomuto - Catamarca - Instrumental - 1943.opus
Francisco Lomuto,Copa de Ajenjo,1941-07-28,Lomuto Francisco/1940-1944/Lomuto - Copa de Ajenjo - Diaz - 1941.opus
Francisco Lomuto,Criolla Linda,1942-01-02,Lomuto Francisco/1940-1944/Lomuto - Criolla Linda - Instrumental - 1942.opus
Francisco Lomuto,Desagravio,1944-12-13,Lomuto Francisco/1940-1944/Lomuto - Desagravio - Rivera - 1944.opus
Francisco Lomuto,El Barco María,1944-05-11,Lomuto Francisco/1940-1944/Lomuto - El Barco Maria - Galarce - 1944.opus
Francisco Lomuto,Jugando Jugando,1944-12-13,Lomuto Francisco/1940-1944/Lomuto - Jugando Jugando - Galarce - 1944.opus
Francisco Lomuto,La Gayola,1941-06-23,Lomuto Francisco/1940-1944/Lomuto - La Gayola - Diaz - 1941.opus
Francisco Lomuto,Lomuto,1940-02-23,Lomuto Francisco/1940-1944/Lomuto - Lomuto - Instrumental - 1940.opus
Francisco Lomuto,Muchachita Rosarina,1943-07-28,Lomuto Francisco/1940-1944/Lomuto - Muchachita Rosarina - Galarce - 1943.opus
Francisco Lomuto,Parque Patricios,1941-06-27,Lomuto Francisco/1940-1944/Lomuto - Parque Patricios - Diaz - 1941.opus
Francisco Lomuto,Quiero Verte una Vez Más,1940-08-12,Lomuto Francisco/1940-1944/Lomuto - Quiero Verte una Vez Mas - Diaz - 1940.opus
Francisco Lomuto,Sentimiento Gaucho,1942-04-15,Lomuto Francisco/1940-1944/Lomuto - Sentimiento Gaucho - Instrumental - 1942.opus
Francisco Lomuto,Serenata,1944-05-30,Lomuto Francisco/1940-1944/Lomuto - Serenata - Galarce - 1944.opus
Francisco Lomuto,Un Silbido en la Noche,1943-06-29,Lomuto Francisco/1940-1944/Lomuto - Un Silbido en la Noche - Galarce - 1943.opus
Francisco Lomuto,Un Vals,1944-05-11,Lomuto Francisco/1940-1944/Lomuto - Un Vals - Galarce - 1944.opus
Francisco Lomuto,Y Sonó el Despertador,1944-05-30,Lomuto Francisco/1940-1944/Lomuto - Y Sono el Despertador - Rivera - 1944.opus
Francisco Lomuto,Aquí Me Pongo a Cantar,1945-08-08,Lomuto Francisco/1945-1949/Lomuto - Aqui Me Pongo a Cantar - Rivera - 1945.opus
Francisco Lomuto,De Igual a Igual,1945-04-30,Lomuto Francisco/1945-1949/Lomuto - De Igual a Igual - Galarce - 1945.opus
Francisco Lomuto,Dímelo Al Oído,1945-05-28,Lomuto Francisco/1945-1949/Lomuto - Dimelo Al Oido - Rivera - 1945.opus
Francisco Lomuto,La Revoltosa,1945-06-26,Lomuto Francisco/1945-1949/Lomuto - La Revoltosa - Instrumental - 1945.opus
Francisco Lomuto,Rendido,1945-06-26,Lomuto Francisco/1945-1949/Lomuto - Rendido - Galarce - 1945.opus
Francisco Lomuto,Selección de Tangos,1949-11-02,Lomuto Francisco/1945-1949/Lomuto - Seleccion De Tangos - Rivera y Montero - 1949.opus
Francisco Lomuto,Una Pena,1949-11-02,Lomuto Francisco/1945-1949/Lomuto - Una Pena - Montero - 1949.opus
Francisco Lomuto,Alma en Pena,1950-10-27,Lomuto Francisco/1950-1954/Lomuto - Alma En Pena - Rivera - 1950.opus
Francisco Lomuto,Nunca Más,1950-04-25,Lomuto Francisco/1950-1954/Lomuto - Nunca Mas - Montero - 1950.opus
Francisco Lomuto,Triste Comedia,1950-06-06,Lomuto Francisco/1950-1954/Lomuto - Triste Comedia - Montero - 1950.opus
Ricardo Malerba,Charamusca,1943-08-16,Malerba Ricardo/1940-1944/Malerba - Charamusca - Instrumental - 1943.opus
Ricardo Malerba,Corazón de Artista,1943-01-18,Malerba Ricardo/1940-1944/Malerba - Corazon De Artista - Instrumental - 1943.opus
Ricardo Malerba,Embrujamiento,1943-02-12,Malerba Ricardo/1940-1944/Malerba - Embrujamiento - Medina - 1943.opus
Ricardo Malerba,Encuentro,1944-10-16,Malerba Ricardo/1940-1944/Malerba - Encuentro - Maida - 1944.opus
Ricardo Malerba,Gitana Rusa,1942-10-05,Malerba Ricardo/1940-1944/Malerba - Gitana Rusa - Medina - 1942.opus
Ricardo Malerba,Guardia Vieja,1944-03-23,Malerba Ricardo/1940-1944/Malerba - Guardia Vieja - Instrumental - 1944.opus
Ricardo Malerba,La Piba de los Jazmines,1943-01-18,Malerba Ricardo/1940-1944/Malerba - La Piba de los Jazmines - Medina - 1943.opus
Ricardo Malerba,Magdalena,1943-08-10,Malerba Ricardo/1940-1944/Malerba - Magdalena - Medina - 1943.opus
Ricardo Malerba,Mariana,1942-10-05,Malerba Ricardo/1940-1944/Malerba - Mariana - Medina - 1942.opus
Ricardo Malerba,Media Noche,1944-09-08,Malerba Ricardo/1940-1944/Malerba - Media Noche - Maida - 1944.opus
Ricardo Malerba,Mi Taza de Café,1943-11-08,Malerba Ricardo/1940-1944/Malerba - Mi Taza de Cafe - Medina - 1943.opus
Ricardo Malerba,Ninguna,1942-11-19,Malerba Ricardo/1940-1944/Malerba - Ninguna - Medina - 1942.opus
Ricardo Malerba,Noches de Montmartre,1941-09-25,Malerba Ricardo/1940-1944/Malerba - Noches de Montmartre - Medina - 1941.opus
Ricardo Malerba,Oiga Mozo,1942-11-19,Malerba Ricardo/1940-1944/Malerba - Oiga Mozo - Medina - 1942.opus
Ricardo Malerba,Remembranza,1943-02-12,Malerba Ricardo/1940-1944/Malerba - Remembranza - Medina - 1943.opus
Ricardo Malerba,Ropa Blanca,1943-04-12,Malerba Ricardo/1940-1944/Malerba - Ropa Blanca - Medina - 1943.opus
Ricardo Malerba,Sollozos,1944-03-16,Malerba Ricardo/1940-1944/Malerba - Sollozos - Instrumental - 1944.opus
Ricardo Malerba,Tres Amigos,1944-04-18,Malerba Ricardo/1940-1944/Malerba - Tres Amigos - Medina - 1944.opus
Ricardo Malerba,Una Copa Más,1944-10-16,Malerba Ricardo/1940-1944/Malerba - Una Copa Mas - Maida - 1944.opus
Ricardo Malerba,Pasado Florido,1945-04-04,Malerba Ricardo/1945-1949/Malerba - Pasado Florido - Maida - 1945.opus
Osvaldo Pugliese,Adiós Bardi,1944-10-17,Pugliese Osvaldo/1940-1944/Pugliese - Adios Bardi - Instrumental - 1944.opus
Osvaldo Pugliese,Amurado,1944-11-24,Pugliese Osvaldo/1940-1944/Pugliese - Amurado - Instrumental - 1944.opus
Osvaldo Pugliese,Corrientes y Esmeralda,1944-10-17,Pugliese Osvaldo/1940-1944/Pugliese - Corrientes Y Esmeralda - Chanel - 1944.opus
Osvaldo Pugliese,El Arranque,1944-08-22,Pugliese Osvaldo/1940-1944/Pugliese - El Arranque - Instrumental - 1944.opus
Osvaldo Pugliese,El Día de Tu Ausencia,1944-07-06,Pugliese Osvaldo/1940-1944/Pugliese - El Dia De Tu Ausencia - Chanel - 1944.opus
Osvaldo Pugliese,El Remate,1944-06-01,Pugliese Osvaldo/1940-1944/Pugliese - El Remate - Instrumental - 1944.opus
Osvaldo Pugliese,El Rodeo,1943-07-15,Pugliese Osvaldo/1940-1944/Pugliese - El Rodeo - Instrumental - 1943.opus
Osvaldo Pugliese,El Tango Es una Historia,1944-08-22,Pugliese Osvaldo/1940-1944/Pugliese - El Tango Es Una Historia - Chanel - 1944.opus
Osvaldo Pugliese,Farol,1943-07-15,Pugliese Osvaldo/1940-1944/Pugliese - Farol - Chanel - 1943.opus
Osvaldo Pugliese,La Abandoné y No Sabía,1944-07-20,Pugliese Osvaldo/1940-1944/Pugliese - La Abandone Y No Sabia - Chanel - 1944.opus
Osvaldo Pugliese,Mala Junta,1943-08-27,Pugliese Osvaldo/1940-1944/Pugliese - Mala Junta - Instrumental - 1943.opus
Osvaldo Pugliese,Mala Pinta,1944-12-21,Pugliese Osvaldo/1940-1944/Pugliese - Mala Pinta - Instrumental - 1944.opus
Osvaldo Pugliese,Milonga de Mi Tierra,1943-10-21,Pugliese Osvaldo/1940-1944/Pugliese - Milonga De Mi Tierra - Rubino - 1943.opus
Osvaldo Pugliese,Muchachos Comienza la Ronda,1943-08-27,Pugliese Osvaldo/1940-1944/Pugliese - Muchachos Comienza La Ronda - Chanel - 1943.opus
Osvaldo Pugliese,Nada Más Que un Corazón,1944-11-24,Pugliese Osvaldo/1940-1944/Pugliese - Nada Mas Que Un Corazon - Chanel - 1944.opus
Osvaldo Pugliese,Puentecito de Mi Río,1944-12-21,Pugliese Osvaldo/1940-1944/Pugliese - Puentecito De Mi Rio - Chanel - 1944.opus
Osvaldo Pugliese,Qué Bien Te Queda,1943-10-21,Pugliese Osvaldo/1940-1944/Pugliese - Que Bien Te Queda - Chanel - 1943.opus
Osvaldo Pugliese,Recuerdo,1944-03-31,Pugliese Osvaldo/1940-1944/Pugliese - Recuerdo - Instrumental - 1944.opus
Osvaldo Pugliese,Silbar de Boyero,1944-03-31,Pugliese Osvaldo/1940-1944/Pugliese - Silbar De Boyero - Chanel - 1944.opus
Osvaldo Pugliese,Tierra Querida,1944-07-06,Pugliese Osvaldo/1940-1944/Pugliese - Tierra Querida - Instrumental - 1944.opus
Osvaldo Pugliese,Tortazos,1944-06-01,Pugliese Osvaldo/1940-1944/Pugliese - Tortazos - Chanel - 1944.opus
Osvaldo Pugliese,Tu Casa Ya No Está,1944-07-20,Pugliese Osvaldo/1940-1944/Pugliese - Tu Casa Ya No Esta - Chanel - 1944.opus
Osvaldo Pugliese,Amiga,1947-06-10,Pugliese Osvaldo/1945-1949/Pugliese - Amiga - Chanel - 1947.opus
Osvaldo Pugliese,Andá Que Te Cure Lola,1947-12-01,Pugliese Osvaldo/1945-1949/Pugliese - Anda Que Te Cure Lola - Chanel - 1947.opus
Osvaldo Pugliese,Bien Compadre,1949-09-27,Pugliese Osvaldo/1945-1949/Pugliese - Bien Compadre - Instrumental - 1949.opus
Osvaldo Pugliese,Boedo,1948-07-14,Pugliese Osvaldo/1945-1949/Pugliese - Boedo - Instrumental - 1948.opus
Osvaldo Pugliese,Bolero,1947-12-16,Pugliese Osvaldo/1945-1949/Pugliese - Bolero - Chanel - 1947.opus
Osvaldo Pugliese,Cabecitas Blancas,1947-10-14,Pugliese Osvaldo/1945-1949/Pugliese - Cabecitas Blancas - Chanel - 1947.opus
Osvaldo Pugliese,Cafetín,1947-03-27,Pugliese Osvaldo/1945-1949/Pugliese - Cafetin - Moran - 1947.opus
Osvaldo Pugliese,Canaro en París,1949-11-28,Pugliese Osvaldo/1945-1949/Pugliese - Canaro En Paris - Instrumental - 1949.opus
Osvaldo Pugliese,Catuzo,1949-12-07,Pugliese Osvaldo/1945-1949/Pugliese - Catuzo - Instrumental - 1949.opus
Osvaldo Pugliese,Chuzas,1949-05-04,Pugliese Osvaldo/1945-1949/Pugliese - Chuzas - Instrumental - 1949.opus
Osvaldo Pugliese,Consejo de Oro,1946-02-27,Pugliese Osvaldo/1945-1949/Pugliese - Consejo De Oro - Chanel - 1946.opus
Osvaldo Pugliese,Dandy,1945-12-03,Pugliese Osvaldo/1945-1949/Pugliese - Dandy - Chanel - 1945.opus
Osvaldo Pugliese,Déjame en Paz,1948-04-06,Pugliese Osvaldo/1945-1949/Pugliese - Dejame En Paz - Moran - 1948.opus
Osvaldo Pugliese,Demasiado Tarde,1946-02-27,Pugliese Osvaldo/1945-1949/Pugliese - Demasiado Tarde - Moran - 1946.opus
Osvaldo Pugliese,Derecho Viejo,1945-05-28,Pugliese Osvaldo/1945-1949/Pugliese - Derecho Viejo - Instrumental - 1945.opus
Osvaldo Pugliese,Descorazonado,1949-10-25,Pugliese Osvaldo/1945-1949/Pugliese - Descorazonado - Moran - 1949.opus
Osvaldo Pugliese,Desilusión,1947-04-28,Pugliese Osvaldo/1945-1949/Pugliese - Desilusion - Moran - 1947.opus
Osvaldo Pugliese,Dos Ojos Tristes,1946-05-27,Pugliese Osvaldo/1945-1949/Pugliese - Dos Ojos Tristes - Moran - 1946.opus
Osvaldo Pugliese,Dos Que Se Aman,1948-09-15,Pugliese Osvaldo/1945-1949/Pugliese - Dos Que Se Aman - Moran - 1948.opus
Osvaldo Pugliese,El Abrojito,1945-07-24,Pugliese Osvaldo/1945-1949/Pugliese - El Abrojito - Moran - 1945.opus
Osvaldo Pugliese,El Buscapié,1947-12-01,Pugliese Osvaldo/1945-1949/Pugliese - El Buscapie - Instrumental - 1947.opus
Osvaldo Pugliese,El Mareo,1947-10-14,Pugliese Osvaldo/1945-1949/Pugliese - El Mareo - Chanel y Moran - 1947.opus
Osvaldo Pugliese,El Monito,1945-06-12,Pugliese Osvaldo/1945-1949/Pugliese - El Monito - Instrumental - 1945.opus
Osvaldo Pugliese,El Paladín,1945-03-20,Pugliese Osvaldo/1945-1949/Pugliese - El Paladin - Instrumental - 1945.opus
Osvaldo Pugliese,El Sueño del Pibe,1945-03-22,Pugliese Osvaldo/1945-1949/Pugliese - El Sueno Del Pibe - Chanel - 1945.opus
Osvaldo Pugliese,El Tábano,1946-06-13,Pugliese Osvaldo/1945-1949/Pugliese - El Tabano - Instrumental - 1946.opus
Osvaldo Pugliese,En Secreto,1947-08-19,Pugliese Osvaldo/1945-1949/Pugliese - En Secreto - Moran - 1947.opus
Osvaldo Pugliese,Entrada Prohibida,1947-12-16,Pugliese Osvaldo/1945-1949/Pugliese - Entrada Prohibida - Instrumental - 1947.opus
Osvaldo Pugliese,Escúchame Manón,1947-06-10,Pugliese Osvaldo/1945-1949/Pugliese - Escuchame Manon - Chanel - 1947.opus
Osvaldo Pugliese,Flor de Tango,1945-08-28,Pugliese Osvaldo/1945-1949/Pugliese - Flor De Tango - Instrumental - 1945.opus
Osvaldo Pugliese,Frente a una Copa,1949-05-04,Pugliese Osvaldo/1945-1949/Pugliese - Frente A Una Copa - Moran - 1949.opus
Osvaldo Pugliese,Fuimos,1946-03-28,Pugliese Osvaldo/1945-1949/Pugliese - Fuimos - Chanel - 1946.opus
Osvaldo Pugliese,Galleguita,1945-11-06,Pugliese Osvaldo/1945-1949/Pugliese - Galleguita - Chanel - 1945.opus
Osvaldo Pugliese,Hoy Al Recordarla,1945-12-18,Pugliese Osvaldo/1945-1949/Pugliese - Hoy Al Recordarla - Moran - 1945.opus
Osvaldo Pugliese,Ilusión Marina,1947-01-28,Pugliese Osvaldo/1945-1949/Pugliese - Ilusion Marina - Moran - 1947.opus
Osvaldo Pugliese,Jueves,1947-08-19,Pugliese Osvaldo/1945-1949/Pugliese - Jueves - Instrumental - 1947.opus
Osvaldo Pugliese,La Cachila,1945-09-24,Pugliese Osvaldo/1945-1949/Pugliese - La Cachila - Instrumental - 1945.opus
Osvaldo Pugliese,La Cieguita,1949-09-27,Pugliese Osvaldo/1945-1949/Pugliese - La Cieguita - Vidal - 1949.opus
Osvaldo Pugliese,La Mascota del Barrio,1946-11-08,Pugliese Osvaldo/1945-1949/Pugliese - La Mascota Del Barrio - Chanel - 1946.opus
Osvaldo Pugliese,La Yumba,1946-08-21,Pugliese Osvaldo/1945-1949/Pugliese - La Yumba - Instrumental - 1946.opus
Osvaldo Pugliese,Las Marionetas,1945-11-06,Pugliese Osvaldo/1945-1949/Pugliese - Las Marionetas - Instrumental - 1945.opus
Osvaldo Pugliese,Mal de Amores,1946-08-21,Pugliese Osvaldo/1945-1949/Pugliese - Mal De Amores - Instrumental - 1946.opus
Osvaldo Pugliese,Malandraca,1949-05-31,Pugliese Osvaldo/1945-1949/Pugliese - Malandraca - Instrumental - 1949.opus
Osvaldo Pugliese,Maleza,1945-05-28,Pugliese Osvaldo/1945-1949/Pugliese - Maleza - Moran - 1945.opus
Osvaldo Pugliese,Mentira,1945-09-24,Pugliese Osvaldo/1945-1949/Pugliese - Mentira - Moran - 1945.opus
Osvaldo Pugliese,Mirando la Lluvia,1946-12-20,Pugliese Osvaldo/1945-1949/Pugliese - Mirando La Lluvia - Chanel y Moran - 1946.opus
Osvaldo Pugliese,Negracha,1948-06-24,Pugliese Osvaldo/1945-1949/Pugliese - Negracha - Instrumental - 1948.opus
Osvaldo Pugliese,N.N.,1947-04-28,Pugliese Osvaldo/1945-1949/Pugliese - Nn - Instrumental - 1947.opus
Osvaldo Pugliese,No Me Escribas,1946-07-31,Pugliese Osvaldo/1945-1949/Pugliese - No Me Escribas - Moran - 1946.opus
Osvaldo Pugliese,Ojos Maulas,1947-01-28,Pugliese Osvaldo/1945-1949/Pugliese - Ojos Maulas - Chanel - 1947.opus
Osvaldo Pugliese,Patético,1948-04-06,Pugliese Osvaldo/1945-1949/Pugliese - Patetico - Instrumental - 1948.opus
Osvaldo Pugliese,Pelele,1945-06-12,Pugliese Osvaldo/1945-1949/Pugliese - Pelele - Instrumental - 1945.opus
Osvaldo Pugliese,Por Qué No Has Venido,1945-12-03,Pugliese Osvaldo/1945-1949/Pugliese - Por Que No Has Venido - Moran - 1945.opus
Osvaldo Pugliese,Puente Alsina,1949-08-22,Pugliese Osvaldo/1945-1949/Pugliese - Puente Alsina - Vidal - 1949.opus
Osvaldo Pugliese,Punto y Coma,1948-09-13,Pugliese Osvaldo/1945-1949/Pugliese - Punto Y Coma - Instrumental - 1948.opus
Osvaldo Pugliese,Raza Criolla,1945-01-25,Pugliese Osvaldo/1945-1949/Pugliese - Raza Criolla - Instrumental - 1945.opus
Osvaldo Pugliese,Rondando Tu Esquina,1945-07-18,Pugliese Osvaldo/1945-1949/Pugliese - Rondando Tu Esquina - Chanel - 1945.opus
Osvaldo Pugliese,Sin Lágrimas,1946-05-27,Pugliese Osvaldo/1945-1949/Pugliese - Sin Lagrimas - Chanel - 1946.opus
Osvaldo Pugliese,Sin Palabras,1947-01-02,Pugliese Osvaldo/1945-1949/Pugliese - Sin Palabras - Moran - 1947.opus
Osvaldo Pugliese,Testamento de Arrabal,1949-12-07,Pugliese Osvaldo/1945-1949/Pugliese - Testamento De Arrabal - Vidal - 1949.opus
Osvaldo Pugliese,Tiempo,1946-07-31,Pugliese Osvaldo/1945-1949/Pugliese - Tiempo - Chanel - 1946.opus
Osvaldo Pugliese,Tiny,1945-12-18,Pugliese Osvaldo/1945-1949/Pugliese - Tiny - Instrumental - 1945.opus
Osvaldo Pugliese,Una Vez,1946-11-08,Pugliese Osvaldo/1945-1949/Pugliese - Una Vez - Moran - 1946.opus
Osvaldo Pugliese,Vayan Saliendo,1946-06-21,Pugliese Osvaldo/1945-1949/Pugliese - Vayan Saliendo - Instrumental - 1946.opus
Osvaldo Pugliese,Y Volvemos a Querernos,1949-05-31,Pugliese Osvaldo/1945-1949/Pugliese - Y Volvemos A Querernos - Moran - 1949.opus
Osvaldo Pugliese,Yo Te Bendigo,1947-03-27,Pugliese Osvaldo/1945-1949/Pugliese - Yo Te Bendigo - Chanel - 1947.opus
Osvaldo Pugliese,Yuyo Verde,1945-01-25,Pugliese Osvaldo/1945-1949/Pugliese - Yuyo Verde - Moran - 1945.opus
Osvaldo Pugliese,A la Luz del Candil,1954-07-14,Pugliese Osvaldo/1950-1954/Pugliese - A La Luz Del Candil - Montero - 1954.opus
Osvaldo Pugliese,Ahora No Me Conocés,1952-06-27,Pugliese Osvaldo/1950-1954/Pugliese - Ahora No Me Conoces - Moran - 1952.opus
Osvaldo Pugliese,Barra Querida,1950-11-16,Pugliese Osvaldo/1950-1954/Pugliese - Barra Querida - Vidal - 1950.opus
Osvaldo Pugliese,Barro,1951-05-22,Pugliese Osvaldo/1950-1954/Pugliese - Barro - Moran - 1951.opus
Osvaldo Pugliese,Bien Milonga,1951-07-31,Pugliese Osvaldo/1950-1954/Pugliese - Bien Milonga - Instrumental - 1951.opus
Osvaldo Pugliese,Cadenas,1950-06-30,Pugliese Osvaldo/1950-1954/Pugliese - Cadenas - Moran - 1950.opus
Osvaldo Pugliese,Caminito Soleado,1953-05-28,Pugliese Osvaldo/1950-1954/Pugliese - Caminito Soleado - Cobos y Moran - 1953.opus
Osvaldo Pugliese,Canzoneta,1954-10-29,Pugliese Osvaldo/1950-1954/Pugliese - Canzoneta - Maciel - 1954.opus
Osvaldo Pugliese,Chiqué,1953-05-28,Pugliese Osvaldo/1950-1954/Pugliese - Chique - Instrumental - 1953.opus
Osvaldo Pugliese,Cobardía,1950-10-24,Pugliese Osvaldo/1950-1954/Pugliese - Cobardia - Moran - 1950.opus
Osvaldo Pugliese,Cualquier Cosa,1952-01-28,Pugliese Osvaldo/1950-1954/Pugliese - Cualquier Cosa - Moran - 1952.opus
Osvaldo Pugliese,De Floreo,1950-03-29,Pugliese Osvaldo/1950-1954/Pugliese - De Floreo - Instrumental - 1950.opus
Osvaldo Pugliese,De Vuelta Al Bulín,1951-05-22,Pugliese Osvaldo/1950-1954/Pugliese - De Vuelta Al Bulin - Moran - 1951.opus
Osvaldo Pugliese,Desvelo,1953-08-16,Pugliese Osvaldo/1950-1954/Pugliese - Desvelo - Moran - 1953.opus
Osvaldo Pugliese,Don Aniceto,1950-07-26,Pugliese Osvaldo/1950-1954/Pugliese - Don Aniceto - Instrumental - 1950.opus
Osvaldo Pugliese,Don Atilio,1951-06-27,Pugliese Osvaldo/1950-1954/Pugliese - Don Atilio - Instrumental - 1951.opus
Osvaldo Pugliese,El Cielo en las Manos,1951-10-02,Pugliese Osvaldo/1950-1954/Pugliese - El Cielo En Las Manos - Moran - 1951.opus
Osvaldo Pugliese,El Embrollo,1952-11-13,Pugliese Osvaldo/1950-1954/Pugliese - El Embrollo - Instrumental - 1952.opus
Osvaldo Pugliese,El Refrán,1951-10-02,Pugliese Osvaldo/1950-1954/Pugliese - El Refran - Instrumental - 1951.opus
Osvaldo Pugliese,El Tobiano,1950-10-24,Pugliese Osvaldo/1950-1954/Pugliese - El Tobiano - Instrumental - 1950.opus
Osvaldo Pugliese,Entrador,1952-05-06,Pugliese Osvaldo/1950-1954/Pugliese - Entrador - Instrumental - 1952.opus
Osvaldo Pugliese,Es Preciso Que Te Vayas,1953-11-25,Pugliese Osvaldo/1950-1954/Pugliese - Es Preciso Que Te Vayas - Cobos - 1953.opus
Osvaldo Pugliese,Hacélo Por la Vieja,1950-03-29,Pugliese Osvaldo/1950-1954/Pugliese - Hacelo Por La Vieja - Moran - 1950.opus
Osvaldo Pugliese,La Cachila,1952-11-24,Pugliese Osvaldo/1950-1954/Pugliese - La Cachila - Instrumental - 1952.opus
Osvaldo Pugliese,La Guitarrita,1954-07-14,Pugliese Osvaldo/1950-1954/Pugliese - La Guitarrita - Instrumental - 1954.opus
Osvaldo Pugliese,La Mentirosa,1954-03-17,Pugliese Osvaldo/1950-1954/Pugliese - La Mentirosa - Moran - 1954.opus
Osvaldo Pugliese,La Noche Que Me Esperes,1952-01-28,Pugliese Osvaldo/1950-1954/Pugliese - La Noche Que Me Esperes - Moran - 1952.opus
Osvaldo Pugliese,La Rayuela,1953-11-25,Pugliese Osvaldo/1950-1954/Pugliese - La Rayuela - Instrumental - 1953.opus
Osvaldo Pugliese,La Tupungatina,1952-06-27,Pugliese Osvaldo/1950-1954/Pugliese - La Tupungatina - Instrumental - 1952.opus
Osvaldo Pugliese,La Última Copa,1953-10-06,Pugliese Osvaldo/1950-1954/Pugliese - La Ultima Copa - Moran - 1953.opus
Osvaldo Pugliese,La Yumba,1952-11-13,Pugliese Osvaldo/1950-1954/Pugliese - La Yumba - Instrumental - 1952.opus
Osvaldo Pugliese,Llámame,1950-11-24,Pugliese Osvaldo/1950-1954/Pugliese - Llamame - Moran - 1950.opus
Osvaldo Pugliese,Mala Junta,1952-11-29,Pugliese Osvaldo/1950-1954/Pugliese - Mala Junta - Instrumental - 1952.opus
Osvaldo Pugliese,Manos Adoradas,1952-11-18,Pugliese Osvaldo/1950-1954/Pugliese - Manos Adoradas - Moran - 1952.opus
Osvaldo Pugliese,Mi Fuelle Rezonga,1954-12-13,Pugliese Osvaldo/1950-1954/Pugliese - Mi Fuelle Rezonga - Instrumental - 1954.opus
Osvaldo Pugliese,Mi Lamento,1954-03-17,Pugliese Osvaldo/1950-1954/Pugliese - Mi Lamento - Instrumental - 1954.opus
Osvaldo Pugliese,Milonguera,1953-07-14,Pugliese Osvaldo/1950-1954/Pugliese - Milonguera - Cobos - 1953.opus
Osvaldo Pugliese,N.N.,1952-11-13,Pugliese Osvaldo/1950-1954/Pugliese - Nn - Instrumental - 1952.opus
Osvaldo Pugliese,No Es Más Que Yo,1954-03-17,Pugliese Osvaldo/1950-1954/Pugliese - No Es Mas Que Yo - Cobos - 1954.opus
Osvaldo Pugliese,No Quiero Perderte,1954-03-17,Pugliese Osvaldo/1950-1954/Pugliese - No Quiero Perderte - Moran - 1954.opus
Osvaldo Pugliese,Nueve de Julio,1954-05-13,Pugliese Osvaldo/1950-1954/Pugliese - Nueve De Julio - Instrumental - 1954.opus
Osvaldo Pugliese,Olivero,1951-12-10,Pugliese Osvaldo/1950-1954/Pugliese - Olivero - Instrumental - 1951.opus
Osvaldo Pugliese,Olvidao,1953-08-06,Pugliese Osvaldo/1950-1954/Pugliese - Olvidao - Cobos - 1953.opus
Osvaldo Pugliese,Para Dos,1952-05-06,Pugliese Osvaldo/1950-1954/Pugliese - Para Dos - Instrumental - 1952.opus
Osvaldo Pugliese,Pasional,1952-11-24,Pugliese Osvaldo/1950-1954/Pugliese - Pasional - Moran - 1952.opus
Osvaldo Pugliese,Pastoral,1950-05-03,Pugliese Osvaldo/1950-1954/Pugliese - Pastoral - Instrumental - 1950.opus
Osvaldo Pugliese,Por Pecadora,1952-10-09,Pugliese Osvaldo/1950-1954/Pugliese - Por Pecadora - Moran - 1952.opus
Osvaldo Pugliese,Por una Muñeca,1954-10-29,Pugliese Osvaldo/1950-1954/Pugliese - Por Una Muneca - Montero - 1954.opus
Osvaldo Pugliese,Porque Canto el Tango,1950-06-30,Pugliese Osvaldo/1950-1954/Pugliese - Porque Canto El Tango - Vidal - 1950.opus
Osvaldo Pugliese,Porqué No Te Tengo Más,1954-01-05,Pugliese Osvaldo/1950-1954/Pugliese - Porque No Te Tengo Mas - Moran - 1954.opus
Osvaldo Pugliese,Que Nunca Me Falte,1951-12-06,Pugliese Osvaldo/1950-1954/Pugliese - Que Nunca Me Falte - Moran - 1951.opus
Osvaldo Pugliese,Quiero Verte una Vez Más,1950-03-07,Pugliese Osvaldo/1950-1954/Pugliese - Quiero Verte Una Vez Mas - Moran - 1950.opus
Osvaldo Pugliese,San José de Flores,1953-07-14,Pugliese Osvaldo/1950-1954/Pugliese - San Jose De Flores - Moran - 1953.opus
Osvaldo Pugliese,Seguíme Si Podés,1953-10-06,Pugliese Osvaldo/1950-1954/Pugliese - Seguime Si Podes - Instrumental - 1953.opus
Osvaldo Pugliese,Si Sos Brujo,1952-10-09,Pugliese Osvaldo/1950-1954/Pugliese - Si Sos Brujo - Instrumental - 1952.opus
Osvaldo Pugliese,Si Yo Pudiera Olvidarla,1954-12-13,Pugliese Osvaldo/1950-1954/Pugliese - Si Yo Pudiera Olvidarla - Maciel - 1954.opus
Osvaldo Pugliese,Te Aconsejo Que Me Olvides,1954-05-13,Pugliese Osvaldo/1950-1954/Pugliese - Te Aconsejo Que Me Olvides - Cobos - 1954.opus
Osvaldo Pugliese,Un Baile a Beneficio,1950-11-16,Pugliese Osvaldo/1950-1954/Pugliese - Un Baile A Beneficio - Vidal - 1950.opus
Osvaldo Pugliese,Ventanita de Arrabal,1950-03-07,Pugliese Osvaldo/1950-1954/Pugliese - Ventanita De Arrabal - Vidal - 1950.opus
Osvaldo Pugliese,Vieja Recova,1950-05-03,Pugliese Osvaldo/1950-1954/Pugliese - Vieja Recova - Vidal - 1950.opus
Osvaldo Pugliese,Y Mientes Todavía,1950-07-26,Pugliese Osvaldo/1950-1954/Pugliese - Y Mientes Todavia - Moran - 1950.opus
Osvaldo Pugliese,A Mis Compañeros,1956-01-31,Pugliese Osvaldo/1955-1959/Pugliese - A Mis Companeros - Instrumental - 1956.opus
Osvaldo Pugliese,A Roberto Peppe,1956-03-20,Pugliese Osvaldo/1955-1959/Pugliese - A Roberto Peppe - Instrumental - 1956.opus
Osvaldo Pugliese,Acquaforte,1958-07-23,Pugliese Osvaldo/1955-1959/Pugliese - Acquaforte - Montero - 1958.opus
Osvaldo Pugliese,Adiós Corazón,1958-05-29,Pugliese Osvaldo/1955-1959/Pugliese - Adios Corazon - Maciel - 1958.opus
Osvaldo Pugliese,Alma de Bohemio,1958-12-10,Pugliese Osvaldo/1955-1959/Pugliese - Alma De Bohemio - Instrumental - 1958.opus
Osvaldo Pugliese,Antiguo Reloj de Cobre,1955-09-02,Pugliese Osvaldo/1955-1959/Pugliese - Antiguo Reloj De Cobre - Montero - 1955.opus
Osvaldo Pugliese,Buen Amigo,1958-03-26,Pugliese Osvaldo/1955-1959/Pugliese - Buen Amigo - Instrumental - 1958.opus
Osvaldo Pugliese,Cachá Viaje,1957-07-10,Pugliese Osvaldo/1955-1959/Pugliese - Cacha Viaje - Montero - 1957.opus
Osvaldo Pugliese,Corazoneando,1958-01-02,Pugliese Osvaldo/1955-1959/Pugliese - Corazoneando - Instrumental - 1958.opus
Osvaldo Pugliese,Dicha Pasada,1958-11-19,Pugliese Osvaldo/1955-1959/Pugliese - Dicha Pasada - Montero - 1958.opus
Osvaldo Pugliese,Dónde Estás,1959-08-07,Pugliese Osvaldo/1955-1959/Pugliese - Donde Estas - Maciel - 1959.opus
Osvaldo Pugliese,El Pañuelito,1959-07-23,Pugliese Osvaldo/1955-1959/Pugliese - El Panuelito - Maciel - 1959.opus
Osvaldo Pugliese,Emancipación,1955-09-02,Pugliese Osvaldo/1955-1959/Pugliese - Emancipacion - Instrumental - 1955.opus
Osvaldo Pugliese,En Otros Caminos,1957-07-10,Pugliese Osvaldo/1955-1959/Pugliese - En Otros Caminos - Montero y Maciel - 1957.opus
Osvaldo Pugliese,Esta Noche de Luna,1955-09-02,Pugliese Osvaldo/1955-1959/Pugliese - Esta Noche De Luna - Maciel - 1955.opus
Osvaldo Pugliese,Gallo Ciego,1959-07-23,Pugliese Osvaldo/1955-1959/Pugliese - Gallo Ciego - Instrumental - 1959.opus
Osvaldo Pugliese,Gente Amiga,1958-01-02,Pugliese Osvaldo/1955-1959/Pugliese - Gente Amiga - Instrumental - 1958.opus
Osvaldo Pugliese,Julie,1958-01-16,Pugliese Osvaldo/1955-1959/Pugliese - Julie - Instrumental - 1958.opus
Osvaldo Pugliese,La Bordona,1958-08-06,Pugliese Osvaldo/1955-1959/Pugliese - La Bordona - Instrumental - 1958.opus
Osvaldo Pugliese,La Conciencia,1957-06-24,Pugliese Osvaldo/1955-1959/Pugliese - La Conciencia - Montero - 1957.opus
Osvaldo Pugliese,La Cumparsita,1959-08-06,Pugliese Osvaldo/1955-1959/Pugliese - La Cumparsita - Maciel y Guido - 1959.opus
Osvaldo Pugliese,La Novia del Suburbio,1957-05-13,Pugliese Osvaldo/1955-1959/Pugliese - La Novia Del Suburbio - Maciel - 1957.opus
Osvaldo Pugliese,Las Tres Banderas,1958-07-23,Pugliese Osvaldo/1955-1959/Pugliese - Las Tres Banderas - Maciel - 1958.opus
Osvaldo Pugliese,Los Largos del Pibe,1957-04-04,Pugliese Osvaldo/1955-1959/Pugliese - Los Largos Del Pibe - Montero - 1957.opus
Osvaldo Pugliese,Mamita,1959-07-23,Pugliese Osvaldo/1955-1959/Pugliese - Mamita - Maciel - 1959.opus
Osvaldo Pugliese,Marrón y Azul,1956-12-26,Pugliese Osvaldo/1955-1959/Pugliese - Marron Y Azul - Instrumental - 1956.opus
Osvaldo Pugliese,Mentiras,1956-12-26,Pugliese Osvaldo/1955-1959/Pugliese - Mentiras - Montero y Maciel - 1956.opus
Osvaldo Pugliese,Muchachos Mi Último Tango,1956-05-30,Pugliese Osvaldo/1955-1959/Pugliese - Muchachos Mi Ultimo Tango - Montero - 1956.opus
Osvaldo Pugliese,No Juegues a la Guerra,1956-01-31,Pugliese Osvaldo/1955-1959/Pugliese - No Juegues A La Guerra - Maciel - 1956.opus
Osvaldo Pugliese,No Me Hablen de Ella,1957-10-25,Pugliese Osvaldo/1955-1959/Pugliese - No Me Hablen De Ella - Maciel - 1957.opus
Osvaldo Pugliese,Nochero Soy,1956-11-28,Pugliese Osvaldo/1955-1959/Pugliese - Nochero Soy - Instrumental - 1956.opus
Osvaldo Pugliese,Orgullo Criollo,1956-06-21,Pugliese Osvaldo/1955-1959/Pugliese - Orgullo Criollo - Instrumental - 1956.opus
Osvaldo Pugliese,Pa' la Muchachada,1957-12-18,Pugliese Osvaldo/1955-1959/Pugliese - Pa' La Muchachada - Montero - 1957.opus
Osvaldo Pugliese,Pata Ancha,1957-05-13,Pugliese Osvaldo/1955-1959/Pugliese - Pata Ancha - Instrumental - 1957.opus
Osvaldo Pugliese,Perla Fina,1957-12-18,Pugliese Osvaldo/1955-1959/Pugliese - Perla Fina - Maciel - 1957.opus
Osvaldo Pugliese,Por un Cariño,1959-08-07,Pugliese Osvaldo/1955-1959/Pugliese - Por Un Carino - Maciel y Guido - 1959.opus
Osvaldo Pugliese,Qué Pinturita,1958-08-06,Pugliese Osvaldo/1955-1959/Pugliese - Que Pinturita - Instrumental - 1958.opus
Osvaldo Pugliese,Qué Te Pasa Buenos Aires,1956-03-20,Pugliese Osvaldo/1955-1959/Pugliese - Que Te Pasa Buenos Aires - Montero - 1956.opus
Osvaldo Pugliese,Quejumbroso,1959-07-23,Pugliese Osvaldo/1955-1959/Pugliese - Quejumbroso - Instrumental - 1959.opus
Osvaldo Pugliese,Quién,1958-03-26,Pugliese Osvaldo/1955-1959/Pugliese - Quien - Maciel - 1958.opus
Osvaldo Pugliese,Remembranza,1956-07-04,Pugliese Osvaldo/1955-1959/Pugliese - Remembranza - Maciel - 1956.opus
Osvaldo Pugliese,Sentencia,1959-07-24,Pugliese Osvaldo/1955-1959/Pugliese - Sentencia - Medina - 1959.opus
Osvaldo Pugliese,Si Nace Chancleta,1959-07-23,Pugliese Osvaldo/1955-1959/Pugliese - Si Nace Chancleta - Maciel - 1959.opus
Osvaldo Pugliese,Silueta Porteña,1956-08-02,Pugliese Osvaldo/1955-1959/Pugliese - Silueta Portena - Montero y Maciel - 1956.opus
Osvaldo Pugliese,Suipacha,1956-10-26,Pugliese Osvaldo/1955-1959/Pugliese - Suipacha - Instrumental - 1956.opus
Osvaldo Pugliese,Te Estaba Esperando,1956-08-02,Pugliese Osvaldo/1955-1959/Pugliese - Te Estaba Esperando - Montero - 1956.opus
Osvaldo Pugliese,Un Tango Para el Recuerdo,1957-06-24,Pugliese Osvaldo/1955-1959/Pugliese - Un Tango Para El Recuerdo - Maciel - 1957.opus
Osvaldo Pugliese,Y con Eso Dónde Voy,1956-11-28,Pugliese Osvaldo/1955-1959/Pugliese - Y Con Eso Donde Voy - Montero - 1956.opus
Osvaldo Pugliese,Y No Le Erré,1959-07-24,Pugliese Osvaldo/1955-1959/Pugliese - Y No Le Erre - Medina - 1959.opus
Osvaldo Pugliese,Y No Podrás Querer,1959-07-23,Pugliese Osvaldo/1955-1959/Pugliese - Y No Podras Querer - Maciel - 1959.opus
Osvaldo Pugliese,Y Sigo Esperando,1957-04-04,Pugliese Osvaldo/1955-1959/Pugliese - Y Sigo Esperando - Maciel - 1957.opus
Osvaldo Pugliese,Y Todavía Te Quiero,1956-06-21,Pugliese Osvaldo/1955-1959/Pugliese - Y Todavia Te Quiero - Maciel - 1956.opus
Osvaldo Pugliese,Yunta de Oro,1957-10-25,Pugliese Osvaldo/1955-1959/Pugliese - Yunta De Oro - Instrumental - 1957.opus
Osvaldo Pugliese,A los Amigos,1960-07-15,Pugliese Osvaldo/1960-1964/Pugliese - A Los Amigos - Instrumental - 1960.opus
Osvaldo Pugliese,A los Artistas Plásticos,1964-12,Pugliese Osvaldo/1960-1964/Pugliese - A Los Artistas Plasticos - Instrumental - 1964.opus
Osvaldo Pugliese,Abrazo Fraternal,1964-11,Pugliese Osvaldo/1960-1964/Pugliese - Abrazo Fraternal - Maciel y Cordoba - 1964.opus
Osvaldo Pugliese,Bordoneo y Novecientos,1962-08,Pugliese Osvaldo/1960-1964/Pugliese - Bordoneo y Novecientos - Instrumental - 1962.opus
Osvaldo Pugliese,Bronca,1961-09,Pugliese Osvaldo/1960-1964/Pugliese - Bronca - Belusi - 1961.opus
Osvaldo Pugliese,Cabulero,1962-04,Pugliese Osvaldo/1960-1964/Pugliese - Cabulero - Instrumental - 1962.opus
Osvaldo Pugliese,Candombe Blanco,1961-12,Pugliese Osvaldo/1960-1964/Pugliese - Candombe Blanco - Maciel y Belusi - 1961.opus
Osvaldo Pugliese,Cardo y Malvón,1962-06,Pugliese Osvaldo/1960-1964/Pugliese - Cardo Y Malvon - Instrumental - 1962.opus
Osvaldo Pugliese,Cómo Aprender a Quererte,1964-05,Pugliese Osvaldo/1960-1964/Pugliese - Como Aprender A Quererte - Cordoba - 1964.opus
Osvaldo Pugliese,Coplas,1961-09,Pugliese Osvaldo/1960-1964/Pugliese - Coplas - Maciel y Belusi - 1961.opus
Osvaldo Pugliese,Corrientes Bajo Cero,1961-06,Pugliese Osvaldo/1960-1964/Pugliese - Corrientes Bajo Cero - Belusi - 1961.opus
Osvaldo Pugliese,De Mi Ciudad,1962-09,Pugliese Osvaldo/1960-1964/Pugliese - De Mi Ciudad - Maciel - 1962.opus
Osvaldo Pugliese,Decime Dios Dónde Estás,1963-11,Pugliese Osvaldo/1960-1964/Pugliese - Decime Dios Donde Estas - Maciel - 1963.opus
Osvaldo Pugliese,Desencuentro,1962-08,Pugliese Osvaldo/1960-1964/Pugliese - Desencuentro - Belusi - 1962.opus
Osvaldo Pugliese,Don Agustín Bardi,1961-08,Pugliese Osvaldo/1960-1964/Pugliese - Don Agustin Bardi - Instrumental - 1961.opus
Osvaldo Pugliese,Dos Amores,1961-11,Pugliese Osvaldo/1960-1964/Pugliese - Dos Amores - Maciel - 1961.opus
Osvaldo Pugliese,El Adiós,1963-04,Pugliese Osvaldo/1960-1964/Pugliese - El Adios - Maciel - 1963.opus
Osvaldo Pugliese,El Amanecer,1964-04,Pugliese Osvaldo/1960-1964/Pugliese - El Amanecer - Instrumental - 1964.opus
Osvaldo Pugliese,El Pescante,1962-06,Pugliese Osvaldo/1960-1964/Pugliese - El Pescante - Belusi - 1962.opus
Osvaldo Pugliese,El Relámpago,1964-12,Pugliese Osvaldo/1960-1964/Pugliese - El Relampago - Instrumental - 1964.opus
Osvaldo Pugliese,El Vino Triste,1962-05,Pugliese Osvaldo/1960-1964/Pugliese - El Vino Triste - Belusi - 1962.opus
Osvaldo Pugliese,Festejando,1961-12,Pugliese Osvaldo/1960-1964/Pugliese - Festejando - Instrumental - 1961.opus
Osvaldo Pugliese,Inspiración,1962-12,Pugliese Osvaldo/1960-1964/Pugliese - Inspiracion - Instrumental - 1962.opus
Osvaldo Pugliese,La Cabrera,1963-11,Pugliese Osvaldo/1960-1964/Pugliese - La Cabrera - Instrumental - 1963.opus
Osvaldo Pugliese,La Payanca,1964-05,Pugliese Osvaldo/1960-1964/Pugliese - La Payanca - Instrumental - 1964.opus
Osvaldo Pugliese,La Solita,1964-04,Pugliese Osvaldo/1960-1964/Pugliese - La Solita - Maciel - 1964.opus
Osvaldo Pugliese,La Vi Llegar,1961-08,Pugliese Osvaldo/1960-1964/Pugliese - La Vi Llegar - Maciel - 1961.opus
Osvaldo Pugliese,Llévame Carretero,1962-05,Pugliese Osvaldo/1960-1964/Pugliese - Llevame Carretero - Maciel - 1962.opus
Osvaldo Pugliese,Malambeao,1961-06,Pugliese Osvaldo/1960-1964/Pugliese - Malambeao - Instrumental - 1961.opus
Osvaldo Pugliese,Milonga del Soldado,1961-07,Pugliese Osvaldo/1960-1964/Pugliese - Milonga Del Soldado - Maciel y Belusi - 1961.opus
Osvaldo Pugliese,Morena,1964-11,Pugliese Osvaldo/1960-1964/Pugliese - Morena - Instrumental - 1964.opus
Osvaldo Pugliese,Nido Gaucho,1964-12,Pugliese Osvaldo/1960-1964/Pugliese - Nido Gaucho - Maciel y Cordoba - 1964.opus
Osvaldo Pugliese,No Me Pregunten Por Qué,1962-04,Pugliese Osvaldo/1960-1964/Pugliese - No Me Pregunten Por Que - Belusi - 1962.opus
Osvaldo Pugliese,Nonino,1961-07,Pugliese Osvaldo/1960-1964/Pugliese - Nonino - Instrumental - 1961.opus
Osvaldo Pugliese,Norteño,1964-06,Pugliese Osvaldo/1960-1964/Pugliese - Norteno - Instrumental - 1964.opus
Osvaldo Pugliese,Nostálgico,1962-07,Pugliese Osvaldo/1960-1964/Pugliese - Nostalgico - Instrumental - 1962.opus
Osvaldo Pugliese,Pa' la Guardia,1964-08,Pugliese Osvaldo/1960-1964/Pugliese - Pa' La Guardia - Instrumental - 1964.opus
Osvaldo Pugliese,Por Qué la Quise Tanto,1962-07,Pugliese Osvaldo/1960-1964/Pugliese - Por Que La Quise Tanto - Maciel - 1962.opus
Osvaldo Pugliese,Pregonera,1961-10,Pugliese Osvaldo/1960-1964/Pugliese - Pregonera - Maciel y Belusi - 1961.opus
Osvaldo Pugliese,Qué Falta Que Me Hacés,1964-09,Pugliese Osvaldo/1960-1964/Pugliese - Que Falta Que Me Haces - Maciel - 1964.opus
Osvaldo Pugliese,Será una Noche,1964-06,Pugliese Osvaldo/1960-1964/Pugliese - Sera Una Noche - Maciel - 1964.opus
Osvaldo Pugliese,Un Tropezón,1961-11,Pugliese Osvaldo/1960-1964/Pugliese - Un Tropezon - Belusi - 1961.opus
Osvaldo Pugliese,A Evaristo Carriego,1969-07,Pugliese Osvaldo/1965-1969/Pugliese - A Evaristo Carriego - Instrumental - 1969.opus
Osvaldo Pugliese,Arrepentido,1967-10,Pugliese Osvaldo/1965-1969/Pugliese - Arrepentido - Maciel - 1967.opus
Osvaldo Pugliese,Así Era Ella Muchachos,1966-10,Pugliese Osvaldo/1965-1969/Pugliese - Asi Era Ella Muchachos - Maciel - 1966.opus
Osvaldo Pugliese,Bandó,1969-08,Pugliese Osvaldo/1965-1969/Pugliese - Bando - Instrumental - 1969.opus
Osvaldo Pugliese,Bandoneón Arrabalero,1967-09,Pugliese Osvaldo/1965-1969/Pugliese - Bandoneon Arrabalero - Instrumental - 1967.opus
Osvaldo Pugliese,Bien de Abajo,1967-06,Pugliese Osvaldo/1965-1969/Pugliese - Bien De Abajo - Cordoba - 1967.opus
Osvaldo Pugliese,Bien de Tango,1967-08,Pugliese Osvaldo/1965-1969/Pugliese - Bien De Tango - Instrumental - 1967.opus
Osvaldo Pugliese,Buenos Aires - Tokio,1965-04,Pugliese Osvaldo/1965-1969/Pugliese - Buenos Aires - Tokio - Instrumental - 1965.opus
Osvaldo Pugliese,Caminito,1966-11,Pugliese Osvaldo/1965-1969/Pugliese - Caminito - Maciel - 1966.opus
Osvaldo Pugliese,Canaro en París,1965-10,Pugliese Osvaldo/1965-1969/Pugliese - Canaro En Paris - Instrumental - 1965.opus
Osvaldo Pugliese,Canción de Rango,1965-08,Pugliese Osvaldo/1965-1969/Pugliese - Cancion De Rango - Cordoba - 1965.opus
Osvaldo Pugliese,Canción Para un Niño Negro,1969-06,Pugliese Osvaldo/1965-1969/Pugliese - Cancion Para Un Nino Negro - Cordoba - 1969.opus
Osvaldo Pugliese,Carmen,1965-11,Pugliese Osvaldo/1965-1969/Pugliese - Carmen - Maciel y Cordoba - 1965.opus
Osvaldo Pugliese,Con Voz Rebelde,1966-06,Pugliese Osvaldo/1965-1969/Pugliese - Con Voz Rebelde - Cordoba - 1966.opus
Osvaldo Pugliese,Decencia,1967-08,Pugliese Osvaldo/1965-1969/Pugliese - Decencia - Maciel - 1967.opus
Osvaldo Pugliese,Didí,1967-06,Pugliese Osvaldo/1965-1969/Pugliese - Didi - Instrumental - 1967.opus
Osvaldo Pugliese,El Encopao,1969-05,Pugliese Osvaldo/1965-1969/Pugliese - El Encopao - Cordoba - 1969.opus
Osvaldo Pugliese,El Entrerriano,1968-11,Pugliese Osvaldo/1965-1969/Pugliese - El Entrerriano - Instrumental - 1968.opus
Osvaldo Pugliese,El Inquilino,1966-11,Pugliese Osvaldo/1965-1969/Pugliese - El Inquilino - Cordoba - 1966.opus
Osvaldo Pugliese,El Marne,1969-06,Pugliese Osvaldo/1965-1969/Pugliese - El Marne - Instrumental - 1969.opus
Osvaldo Pugliese,El Motivo,1966-08,Pugliese Osvaldo/1965-1969/Pugliese - El Motivo - Instrumental - 1966.opus
Osvaldo Pugliese,El Negro Cambambá,1967-11,Pugliese Osvaldo/1965-1969/Pugliese - El Negro Cambamba - Cordoba - 1967.opus
Osvaldo Pugliese,El Pensamiento,1969-05,Pugliese Osvaldo/1965-1969/Pugliese - El Pensamiento - Instrumental - 1969.opus
Osvaldo Pugliese,Esta Ciudad,1967-11,Pugliese Osvaldo/1965-1969/Pugliese - Esta Ciudad - Maciel - 1967.opus
Osvaldo Pugliese,Frase,1965-10,Pugliese Osvaldo/1965-1969/Pugliese - Frase - Maciel - 1965.opus
Osvaldo Pugliese,Gente de Teatro,1969-10,Pugliese Osvaldo/1965-1969/Pugliese - Gente De Teatro - Instrumental - 1969.opus
Osvaldo Pugliese,Imagen Campera,1967-07,Pugliese Osvaldo/1965-1969/Pugliese - Imagen Campera - Maciel y Cordoba - 1967.opus
Osvaldo Pugliese,Jamás Lo Vas a Saber,1966-05,Pugliese Osvaldo/1965-1969/Pugliese - Jamas Lo Vas A Saber - Maciel - 1966.opus
Osvaldo Pugliese,La Biandunga,1969-08,Pugliese Osvaldo/1965-1969/Pugliese - La Biandunga - Instrumental - 1969.opus
Osvaldo Pugliese,La Casita de Mis Viejos,1965-04,Pugliese Osvaldo/1965-1969/Pugliese - La Casita De Mis Viejos - Maciel - 1965.opus
Osvaldo Pugliese,La Mariposa,1966-04,Pugliese Osvaldo/1965-1969/Pugliese - La Mariposa - Instrumental - 1966.opus
Osvaldo Pugliese,La Última Cita,1969-11,Pugliese Osvaldo/1965-1969/Pugliese - La Ultima Cita - Instrumental - 1969.opus
Osvaldo Pugliese,Lágrimas de Sangre,1967-04,Pugliese Osvaldo/1965-1969/Pugliese - Lagrimas De Sangre - Maciel - 1967.opus
Osvaldo Pugliese,Locura Tanguera,1966-10,Pugliese Osvaldo/1965-1969/Pugliese - Locura Tanguera - Instrumental - 1966.opus
Osvaldo Pugliese,Lorenzo,1965-08,Pugliese Osvaldo/1965-1969/Pugliese - Lorenzo - Instrumental - 1965.opus
Osvaldo Pugliese,Manón,1969-07,Pugliese Osvaldo/1965-1969/Pugliese - Manon - Cordoba - 1969.opus
Osvaldo Pugliese,Marejada,1967-07,Pugliese Osvaldo/1965-1969/Pugliese - Marejada - Instrumental - 1967.opus
Osvaldo Pugliese,Mi Lejana Buenos Aires,1966-09,Pugliese Osvaldo/1965-1969/Pugliese - Mi Lejana Buenos Aires - Instrumental - 1966.opus
Osvaldo Pugliese,Mi Primer Gol,1968-12,Pugliese Osvaldo/1965-1969/Pugliese - Mi Primer Gol - Cordoba - 1968.opus
Osvaldo Pugliese,Muñequita,1968-11,Pugliese Osvaldo/1965-1969/Pugliese - Munequita - Cordoba - 1968.opus
Osvaldo Pugliese,Navidad,1966-04,Pugliese Osvaldo/1965-1969/Pugliese - Navidad - Maciel - 1966.opus
Osvaldo Pugliese,Nobleza de Arrabal,1966-12,Pugliese Osvaldo/1965-1969/Pugliese - Nobleza De Arrabal - Instrumental - 1966.opus
Osvaldo Pugliese,Orlando Goñi,1965-10,Pugliese Osvaldo/1965-1969/Pugliese - Orlando Goni - Instrumental - 1965.opus
Osvaldo Pugliese,Pavadas,1969-10,Pugliese Osvaldo/1965-1969/Pugliese - Pavadas - Cordoba - 1969.opus
Osvaldo Pugliese,Qué Noche,1968-12,Pugliese Osvaldo/1965-1969/Pugliese - Que Noche - Instrumental - 1968.opus
Osvaldo Pugliese,Qué Solo Estoy,1966-06,Pugliese Osvaldo/1965-1969/Pugliese - Que Solo Estoy - Maciel - 1966.opus
Osvaldo Pugliese,Recuerdo,1966-09,Pugliese Osvaldo/1965-1969/Pugliese - Recuerdo - Maciel - 1966.opus
Osvaldo Pugliese,Se Tiran Conmigo,1966-08,Pugliese Osvaldo/1965-1969/Pugliese - Se Tiran Conmigo - Cordoba - 1966.opus
Osvaldo Pugliese,Sin Gritar,1967-05,Pugliese Osvaldo/1965-1969/Pugliese - Sin Gritar - Cordoba - 1967.opus
Osvaldo Pugliese,Tangueando Te Quiero,1967-09,Pugliese Osvaldo/1965-1969/Pugliese - Tangueando Te Quiero - Cordoba - 1967.opus
Osvaldo Pugliese,Te Quiero Como Te Quiero,1969-11,Pugliese Osvaldo/1965-1969/Pugliese - Te Quiero Como Te Quiero - Cordoba - 1969.opus
Osvaldo Pugliese,Tu Angustia y Mi Dolor,1969-09,Pugliese Osvaldo/1965-1969/Pugliese - Tu Angustia Y Mi Dolor - Cordoba - 1969.opus
Osvaldo Pugliese,Universo,1967-10,Pugliese Osvaldo/1965-1969/Pugliese - Universo - Instrumental - 1967.opus
Osvaldo Pugliese,Verano Porteño,1966-05,Pugliese Osvaldo/1965-1969/Pugliese - Verano Porteno - Instrumental - 1966.opus
Osvaldo Pugliese,Whisky,1965-09,Pugliese Osvaldo/1965-1969/Pugliese - Whisky - Cordoba - 1965.opus
Osvaldo Pugliese,Yo Soy del Treinta,1965-09,Pugliese Osvaldo/1965-1969/Pugliese - Yo Soy Del Treinta - Cordoba - 1965.opus
Osvaldo Pugliese,Zorro Gris,1969-09,Pugliese Osvaldo/1965-1969/Pugliese - Zorro Gris - Instrumental - 1969.opus
Osvaldo Pugliese,Arrabal,1974-09-27,Pugliese Osvaldo/1970-1974/Pugliese - Arrabal - Instrumental - 1974.opus
Osvaldo Pugliese,Balada Para un Loco,1970-05,Pugliese Osvaldo/1970-1974/Pugliese - Balada Para Un Loco - Instrumental - 1970.opus
Osvaldo Pugliese,Callejera,1974-12-11,Pugliese Osvaldo/1970-1974/Pugliese - Callejera - Cordoba - 1974.opus
Osvaldo Pugliese,Camandulaje,1973-12-12,Pugliese Osvaldo/1970-1974/Pugliese - Camandulaje - Instrumental - 1973.opus
Osvaldo Pugliese,Corrales Viejos,1974-05-03,Pugliese Osvaldo/1970-1974/Pugliese - Corrales Viejos - Instrumental - 1974.opus
Osvaldo Pugliese,De Puro Guapo,1972-11-10,Pugliese Osvaldo/1970-1974/Pugliese - De Puro Guapo - Instrumental - 1972.opus
Osvaldo Pugliese,El Andariego,1972-06-26,Pugliese Osvaldo/1970-1974/Pugliese - El Andariego - Instrumental - 1972.opus
Osvaldo Pugliese,Farolito de Mi Barrio,1970-07-11,Pugliese Osvaldo/1970-1974/Pugliese - Farolito De Mi Barrio - Instrumental - 1970.opus
Osvaldo Pugliese,Hasta el Último Tren,1970-07,Pugliese Osvaldo/1970-1974/Pugliese - Hasta El Ultimo Tren - Cordoba - 1970.opus
Osvaldo Pugliese,La Beba,1972-04-25,Pugliese Osvaldo/1970-1974/Pugliese - La Beba - Instrumental - 1972.opus
Osvaldo Pugliese,La Cumparsita,1973-12-26,Pugliese Osvaldo/1970-1974/Pugliese - La Cumparsita - Instrumental - 1973.opus
Osvaldo Pugliese,La Revancha,1972-06-16,Pugliese Osvaldo/1970-1974/Pugliese - La Revancha - Instrumental - 1972.opus
Osvaldo Pugliese,La Vaquita,1972-12-22,Pugliese Osvaldo/1970-1974/Pugliese - La Vaquita - Cordoba - 1972.opus
Osvaldo Pugliese,Malena,1974-12-11,Pugliese Osvaldo/1970-1974/Pugliese - Malena - Instrumental - 1974.opus
Osvaldo Pugliese,Ni Triste Ni Solo,1972-05-12,Pugliese Osvaldo/1970-1974/Pugliese - Ni Triste Ni Solo - Cordoba - 1972.opus
Osvaldo Pugliese,No Me Pregunten Por Qué,1972-05-12,Pugliese Osvaldo/1970-1974/Pugliese - No Me Pregunten Por Que - Cordoba - 1972.opus
Osvaldo Pugliese,Ojos Negros,1972-07-20,Pugliese Osvaldo/1970-1974/Pugliese - Ojos Negros - Instrumental - 1972.opus
Osvaldo Pugliese,Sentimental y Canyengue,1970-06,Pugliese Osvaldo/1970-1974/Pugliese - Sentimental Y Canyengue - Instrumental - 1970.opus
Osvaldo Pugliese,Taconeando,1970-05,Pugliese Osvaldo/1970-1974/Pugliese - Taconeando - Instrumental - 1970.opus
Osvaldo Pugliese,Tinta Roja,1972-04-25,Pugliese Osvaldo/1970-1974/Pugliese - Tinta Roja - Instrumental - 1972.opus
Osvaldo Pugliese,Zum,1973-12-12,Pugliese Osvaldo/1970-1974/Pugliese - Zum - Instrumental - 1973.opus
Osvaldo Pugliese,Desde el Alma,1979-12-27,Pugliese Osvaldo/1975-1979/Pugliese - Desde El Alma - Instrumental - 1979.opus
Osvaldo Pugliese,El Africano,1978-12-20,Pugliese Osvaldo/1975-1979/Pugliese - El Africano - Instrumental - 1978.opus
Osvaldo Pugliese,El Día Que Me Quieras,1977-06-14,Pugliese Osvaldo/1975-1979/Pugliese - El Dia Que Me Quieras - Instrumental - 1977.opus
Osvaldo Pugliese,El Japanga,1978-12-20,Pugliese Osvaldo/1975-1979/Pugliese - El Japanga - Instrumental - 1978.opus
Osvaldo Pugliese,Los Mareados,1977-10-20,Pugliese Osvaldo/1975-1979/Pugliese - Los Mareados - Instrumental - 1977.opus
Osvaldo Pugliese,Madrugados Bien Temprano,1979-12-27,Pugliese Osvaldo/1975-1979/Pugliese - Madrugados Bien Temprano - Instrumental - 1979.opus
Osvaldo Pugliese,Mato y Voy,1978-12-20,Pugliese Osvaldo/1975-1979/Pugliese - Mato Y Voy - Instrumental - 1978.opus
Osvaldo Pugliese,Mentira,1977-10-20,Pugliese Osvaldo/1975-1979/Pugliese - Mentira - Vazquez - 1977.opus
Osvaldo Pugliese,Para Eduardo Arolas,1976-06-04,Pugliese Osvaldo/1975-1979/Pugliese - Para Eduardo Arolas - Instrumental - 1976.opus
Osvaldo Pugliese,Parlamento,1979-12-27,Pugliese Osvaldo/1975-1979/Pugliese - Parlamento - Instrumental - 1979.opus
Osvaldo Pugliese,Quejas de Bandoneón,1977-06-14,Pugliese Osvaldo/1975-1979/Pugliese - Quejas De Bandoneon - Instrumental - 1977.opus
Osvaldo Pugliese,Uno,1976-05-14,Pugliese Osvaldo/1975-1979/Pugliese - Uno - Cordoba - 1976.opus
Osvaldo Pugliese,A Mí Me Copa el Tango,1982-11-15,Pugliese Osvaldo/1980-1984/Pugliese - A Mi Me Copa El Tango - Cordoba - 1982.opus
Osvaldo Pugliese,Chacabuqueando,1982-11-15,Pugliese Osvaldo/1980-1984/Pugliese - Chacabuqueando - Instrumental - 1982.opus
Osvaldo Pugliese,Cómo Se Pianta la Vida,1981-07-08,Pugliese Osvaldo/1980-1984/Pugliese - Como Se Pianta La Vida - Cordoba - 1981.opus
Osvaldo Pugliese,Cómo Te Parecés a Mi Guitarra,1981-07-17,Pugliese Osvaldo/1980-1984/Pugliese - Como Te Pareces A Mi Guitarra - Guida - 1981.opus
Osvaldo Pugliese,Contame una Historia,1981-07-29,Pugliese Osvaldo/1980-1984/Pugliese - Contame Una Historia - Salinas - 1981.opus
Osvaldo Pugliese,Cordón,1982-06-30,Pugliese Osvaldo/1980-1984/Pugliese - Cordon - Trelles - 1982.opus
Osvaldo Pugliese,Esta Es Mi Ciudad,1982-09-03,Pugliese Osvaldo/1980-1984/Pugliese - Esta Es Mi Ciudad - Lasala - 1982.opus
Osvaldo Pugliese,Juan Pueblo,1981-07-29,Pugliese Osvaldo/1980-1984/Pugliese - Juan Pueblo - Instrumental - 1981.opus
Osvaldo Pugliese,La Piel de Buenos Aires,1981-12-03,Pugliese Osvaldo/1980-1984/Pugliese - La Piel De Buenos Aires - Guillermo - 1981.opus
Osvaldo Pugliese,Madrugada Porteña,1981-07-17,Pugliese Osvaldo/1980-1984/Pugliese - Madrugada Portena - Espinoza - 1981.opus
Osvaldo Pugliese,Mi Bandoneón y Yo,1982-06-30,Pugliese Osvaldo/1980-1984/Pugliese - Mi Bandoneon Y Yo - Nocetti - 1982.opus
Osvaldo Pugliese,Mi Viejo Es Amigo Mío,1981-12-03,Pugliese Osvaldo/1980-1984/Pugliese - Mi Viejo Es Amigo Mio - Galve - 1981.opus
Osvaldo Pugliese,Pa' los Medicos,1982-09-03,Pugliese Osvaldo/1980-1984/Pugliese - Pa' Los Medicos - Instrumental - 1982.opus
Osvaldo Pugliese,Preguntas Para Mi Viejo,1984-10-16,Pugliese Osvaldo/1980-1984/Pugliese - Preguntas Para Mi Viejo - Cordoba - 1984.opus
Osvaldo Pugliese,Quinto Año,1981-07-01,Pugliese Osvaldo/1980-1984/Pugliese - Quinto Ano - Guida - 1981.opus
Osvaldo Pugliese,Racconto,1982-08-03,Pugliese Osvaldo/1980-1984/Pugliese - Racconto - Instrumental - 1982.opus
Osvaldo Pugliese,Recién,1980-09-10,Pugliese Osvaldo/1980-1984/Pugliese - Recien - Cordoba - 1980.opus
Osvaldo Pugliese,Tengo Calle,1980-06-03,Pugliese Osvaldo/1980-1984/Pugliese - Tengo Calle - Instrumental - 1980.opus
Osvaldo Pugliese,Volver,1981-12-23,Pugliese Osvaldo/1980-1984/Pugliese - Volver - Guida - 1981.opus
Osvaldo Pugliese,Y No Puedo Olvidarte,1981-12-23,Pugliese Osvaldo/1980-1984/Pugliese - Y No Puedo Olvidarte - Grana - 1981.opus
Osvaldo Pugliese,A Evaristo Carriego,1985-12-26,Pugliese Osvaldo/1985-1989/Pugliese - A Evaristo Carriego - Instrumental - 1985.opus
Osvaldo Pugliese,Almagro,1985-12-26,Pugliese Osvaldo/1985-1989/Pugliese - Almagro - Instrumental - 1985.opus
Osvaldo Pugliese,Andrés Selpa,1985-05-21,Pugliese Osvaldo/1985-1989/Pugliese - Andres Selpa - Instrumental - 1985.opus
Osvaldo Pugliese,Arrabal,1985-12-26,Pugliese Osvaldo/1985-1989/Pugliese - Arrabal - Instrumental - 1985.opus
Osvaldo Pugliese,Chacabuqueando,1985-12-26,Pugliese Osvaldo/1985-1989/Pugliese - Chacabuqueando - Instrumental - 1985.opus
Osvaldo Pugliese,Chiqué,1985-12-26,Pugliese Osvaldo/1985-1989/Pugliese - Chique - Instrumental - 1985.opus
Osvaldo Pugliese,Contame una Historia,1985-12-26,Pugliese Osvaldo/1985-1989/Pugliese - Contame Una Historia - Instrumental - 1985.opus
Osvaldo Pugliese,Copacabana,1985-06-28,Pugliese Osvaldo/1985-1989/Pugliese - Copacabana - Instrumental - 1985 (1985).opus
Osvaldo Pugliese,Copacabana,1985-06-28,Pugliese Osvaldo/1985-1989/Pugliese - Copacabana - Instrumental - 1985.opus
Osvaldo Pugliese,Desde el Alma,1985-12-26,Pugliese Osvaldo/1985-1989/Pugliese - Desde El Alma - Instrumental - 1985.opus
Osvaldo Pugliese,Después,1985-12-26,Pugliese Osvaldo/1985-1989/Pugliese - Despues - Instrumental - 1985.opus
Osvaldo Pugliese,El Encopao,1985-11-11,Pugliese Osvaldo/1985-1989/Pugliese - El Encopao - Instrumental - 1985 (1985).opus
Osvaldo Pugliese,El Encopao,1985-11-11,Pugliese Osvaldo/1985-1989/Pugliese - El Encopao - Instrumental - 1985.opus
Osvaldo Pugliese,Ensayando,1986-11-10,Pugliese Osvaldo/1985-1989/Pugliese - Ensayando - Instrumental - 1986.opus
Osvaldo Pugliese,Igual Que una Sombra,1987-06-09,Pugliese Osvaldo/1985-1989/Pugliese - Igual Que Una Sombra - Guida - 1987.opus
Osvaldo Pugliese,La Canción de Buenos Aires,1985-12-26,Pugliese Osvaldo/1985-1989/Pugliese - La Cancion De Buenos Aires - Instrumental - 1985.opus
Osvaldo Pugliese,La Mariposa,1985-12-26,Pugliese Osvaldo/1985-1989/Pugliese - La Mariposa - Instrumental - 1985.opus
Osvaldo Pugliese,La Yumba,1985-12-26,Pugliese Osvaldo/1985-1989/Pugliese - La Yumba - Instrumental - 1985.opus
Osvaldo Pugliese,Los Mareados,1985-12-26,Pugliese Osvaldo/1985-1989/Pugliese - Los Mareados - Instrumental - 1985.opus
Osvaldo Pugliese,Mala Junta,1985-12-26,Pugliese Osvaldo/1985-1989/Pugliese - Mala Junta - Instrumental - 1985.opus
Osvaldo Pugliese,Melodía de Arrabal,1985-11-11,Pugliese Osvaldo/1985-1989/Pugliese - Melodia De Arrabal - Cordoba - 1985.opus
Osvaldo Pugliese,Milonga Para Gardel,1985-04-30,Pugliese Osvaldo/1985-1989/Pugliese - Milonga Para Gardel - Cordoba y Guida - 1985.opus
Osvaldo Pugliese,Palabras de Osvaldo Pugliese,1985-12-26,Pugliese Osvaldo/1985-1989/Pugliese - Palabras De Osvaldo Pugliese - Instrumental - 1985.opus
Osvaldo Pugliese,Protocoleando,1985-11-15,Pugliese Osvaldo/1985-1989/Pugliese - Protocoleando - Instrumental - 1985 (1985).opus
Osvaldo Pugliese,Protocoleando,1985-11-15,Pugliese Osvaldo/1985-1989/Pugliese - Protocoleando - Instrumental - 1985.opus
Osvaldo Pugliese,Quinto Año,1985-12-26,Pugliese Osvaldo/1985-1989/Pugliese - Quinto Ano - Instrumental - 1985.opus
Osvaldo Pugliese,Recuerdo,1985-04-25,Pugliese Osvaldo/1985-1989/Pugliese - Recuerdo - Instrumental - 1985.opus
Osvaldo Pugliese,Toda Mi Vida,1985-12-26,Pugliese Osvaldo/1985-1989/Pugliese - Toda Mi Vida - Instrumental - 1985.opus
Osvaldo Pugliese,Tokio Luminoso,1987-06-09,Pugliese Osvaldo/1985-1989/Pugliese - Tokio Luminoso - Instrumental - 1987.opus
Florindo Sassone,A la Luz del Candil,1948-03-23,Sassone Florindo/1945-1949/Sassone - A La Luz Del Candil - Casal - 1948.opus
Florindo Sassone,Canción de Cuna,1947-05-19,Sassone Florindo/1945-1949/Sassone - Cancion De Cuna - Casal - 1947.opus
Florindo Sassone,Cien Guitarras,1947-11-13,Sassone Florindo/1945-1949/Sassone - Cien Guitarras - Casal - 1947.opus
Florindo Sassone,Don Esteban,1948-03-23,Sassone Florindo/1945-1949/Sassone - Don Esteban - Instrumental - 1948.opus
Florindo Sassone,El Día Que Me Quieras,1948-05-11,Sassone Florindo/1945-1949/Sassone - El Dia Que Me Quieras - Casal - 1948.opus
Florindo Sassone,El Divorcio,1949-10-04,Sassone Florindo/1945-1949/Sassone - El Divorcio - Chanel - 1949.opus
Florindo Sassone,Fogón de Huella,1949-07-06,Sassone Florindo/1945-1949/Sassone - Fogon de Huella - Casal - 1949.opus
Florindo Sassone,Hoy la Espero a la Salida,1949-02-15,Sassone Florindo/1945-1949/Sassone - Hoy la Espero a la Salida - Chanel - 1949.opus
Florindo Sassone,Junada,1949-07-06,Sassone Florindo/1945-1949/Sassone - Junada - Chanel - 1949.opus
Florindo Sassone,La Última Cita,1949-03-21,Sassone Florindo/1945-1949/Sassone - La Ultima Cita - Casal - 1949.opus
Florindo Sassone,Madre Hay una Sola,1949-08-02,Sassone Florindo/1945-1949/Sassone - Madre Hay una Sola - Casal - 1949.opus
Florindo Sassone,Mano Cruel,1949-03-21,Sassone Florindo/1945-1949/Sassone - Mano Cruel - Chanel - 1949.opus
Florindo Sassone,Mi Noche Triste,1949-02-15,Sassone Florindo/1945-1949/Sassone - Mi Noche Triste - Casal - 1949.opus
Florindo Sassone,No Te Engañes Corazón,1949-10-04,Sassone Florindo/1945-1949/Sassone - No Te Enganes Corazon - Casal - 1949.opus
Florindo Sassone,Por Dónde Andarás,1947-08-27,Sassone Florindo/1945-1949/Sassone - Por Donde Andaras - Casal - 1947.opus
Florindo Sassone,Puentecito de Mi Río,1947-08-27,Sassone Florindo/1945-1949/Sassone - Puentecito De Mi Rio - Casal - 1947.opus
Florindo Sassone,Quimera,1948-05-11,Sassone Florindo/1945-1949/Sassone - Quimera - Diaz - 1948.opus
Florindo Sassone,Rencor,1949-01-25,Sassone Florindo/1945-1949/Sassone - Rencor - Casal - 1949.opus
Florindo Sassone,Ríe Payaso,1949-12-21,Sassone Florindo/1945-1949/Sassone - Rie Payaso - Chanel - 1949.opus
Florindo Sassone,Siempre Te Nombra,1947-11-13,Sassone Florindo/1945-1949/Sassone - Siempre Te Nombra - Casal - 1947.opus
Florindo Sassone,Te Juro Madre Mía,1949-08-02,Sassone Florindo/1945-1949/Sassone - Te Juro Madre Mia - Chanel - 1949.opus
Florindo Sassone,Volver,1947-05-19,Sassone Florindo/1945-1949/Sassone - Volver - Casal - 1947.opus
Florindo Sassone,Y Volvemos a Querernos,1949-01-25,Sassone Florindo/1945-1949/Sassone - Y Volvemos A Querernos - Casal - 1949.opus
Florindo Sassone,Corrientes Angosta,1952-08-06,Sassone Florindo/1950-1954/Sassone - Corrientes Angosta - Chanel - 1952.opus
Florindo Sassone,Don Naides,1951-11-21,Sassone Florindo/1950-1954/Sassone - Don Naides - Gale - 1951.opus
Florindo Sassone,El Estrellero,1953-04-15,Sassone Florindo/1950-1954/Sassone - El Estrellero - Gale - 1953.opus
Florindo Sassone,El Relámpago,1951-05-30,Sassone Florindo/1950-1954/Sassone - El Relampago - Instrumental - 1951.opus
Florindo Sassone,El Soldado,1950-01-10,Sassone Florindo/1950-1954/Sassone - El Soldado - Chanel - 1950.opus
Florindo Sassone,Flor de Fango,1950-04-27,Sassone Florindo/1950-1954/Sassone - Flor de Fango - Chanel - 1950.opus
Florindo Sassone,Íntimas,1951-06-22,Sassone Florindo/1950-1954/Sassone - Intimas - Gale - 1951.opus
Florindo Sassone,La Canción de Buenos Aires,1950-03-30,Sassone Florindo/1950-1954/Sassone - La Cancion de Buenos Aires - Malbran - 1950.opus
Florindo Sassone,La Guitarrita,1951-08-13,Sassone Florindo/1950-1954/Sassone - La Guitarrita - Instrumental - 1951.opus
Florindo Sassone,La Trilla,1951-06-22,Sassone Florindo/1950-1954/Sassone - La Trilla - Instrumental - 1951.opus
Florindo Sassone,Mi Marianela,1952-12-05,Sassone Florindo/1950-1954/Sassone - Mi Marianela - Gale - 1952.opus
Florindo Sassone,Mi Relato,1952-10-09,Sassone Florindo/1950-1954/Sassone - Mi Relato - Gale - 1952.opus
Florindo Sassone,Noches de Atenas,1950-01-10,Sassone Florindo/1950-1954/Sassone - Noches de Atenas - Casal - 1950.opus
Florindo Sassone,Pleito Malevo,1952-10-09,Sassone Florindo/1950-1954/Sassone - Pleito Malevo - Gale - 1952.opus
Florindo Sassone,Sinforosa,1950-08-11,Sassone Florindo/1950-1954/Sassone - Sinforosa - Chanel - 1950.opus
Florindo Sassone,Testamento de Arrabal,1951-05-30,Sassone Florindo/1950-1954/Sassone - Testamento De Arrabal - Gale - 1951.opus
Florindo Sassone,Un Cuadro y una Canción,1950-11-29,Sassone Florindo/1950-1954/Sassone - Un Cuadro y una Cancion - Lavalle - 1950.opus
Florindo Sassone,Vieja Postal,1952-08-06,Sassone Florindo/1950-1954/Sassone - Vieja Postal - Gale - 1952.opus
Florindo Sassone,Visión,1950-03-30,Sassone Florindo/1950-1954/Sassone - Vision - Chanel - 1950.opus
Florindo Sassone,Bahía Blanca,1959-09-10,Sassone Florindo/1955-1959/Sassone - Bahia Blanca - Instrumental - 1959.opus
Florindo Sassone,Bar Exposición,1959-09-10,Sassone Florindo/1955-1959/Sassone - Bar Exposicion - Instrumental - 1959.opus
Florindo Sassone,Canaro,1956-02-29,Sassone Florindo/1955-1959/Sassone - Canaro - Instrumental - 1956.opus
Florindo Sassone,El Morochito,1959-09-10,Sassone Florindo/1955-1959/Sassone - El Morochito - Instrumental - 1959.opus
Florindo Sassone,Hotel Victoria,1959-10-08,Sassone Florindo/1955-1959/Sassone - Hotel Victoria - Instrumental - 1959.opus
Florindo Sassone,Lágrimas,1956-02-29,Sassone Florindo/1955-1959/Sassone - Lagrimas - Instrumental - 1956.opus
Florindo Sassone,Rawson,1959-10-02,Sassone Florindo/1955-1959/Sassone - Rawson - Instrumental - 1959.opus
Florindo Sassone,Retintín,1959-09-29,Sassone Florindo/1955-1959/Sassone - Retintin - Instrumental - 1959.opus
Florindo Sassone,Rodríguez Peña,1959-09-29,Sassone Florindo/1955-1959/Sassone - Rodriguez Pena - Instrumental - 1959.opus
Florindo Sassone,Tango Azul,1959-11-24,Sassone Florindo/1955-1959/Sassone - Tango Azul - Instrumental - 1959.opus
Florindo Sassone,Tierra Negra,1959-10-08,Sassone Florindo/1955-1959/Sassone - Tierra Negra - Instrumental - 1959.opus
Florindo Sassone,Tomasito,1959-09-10,Sassone Florindo/1955-1959/Sassone - Tomasito - Instrumental - 1959.opus
Florindo Sassone,Clavel del Aire,1962-08-16,Sassone Florindo/1960-1964/Sassone - Clavel del Aire - Instrumental - 1962.opus
Florindo Sassone,Como los Nardos en Flor,1963-11-21,Sassone Florindo/1960-1964/Sassone - Como Los Nardos En Flor - Instrumental - 1963.opus
Florindo Sassone,El Choclo,1962-10-05,Sassone Florindo/1960-1964/Sassone - El Choclo - Instrumental - 1962.opus
Florindo Sassone,El Opio,1962-09-21,Sassone Florindo/1960-1964/Sassone - El Opio - Instrumental - 1962.opus
Florindo Sassone,La Clavada,1962-10-05,Sassone Florindo/1960-1964/Sassone - La Clavada - Instrumental - 1962.opus
Florindo Sassone,La Guitarrita,1962-09-10,Sassone Florindo/1960-1964/Sassone - La Guitarrita - Instrumental - 1962.opus
Florindo Sassone,La Trilla,1962-09-04,Sassone Florindo/1960-1964/Sassone - La Trilla - Instrumental - 1962.opus
Florindo Sassone,Lágrimas,1962-09-21,Sassone Florindo/1960-1964/Sassone - Lagrimas - Instrumental - 1962.opus
Florindo Sassone,Negro el 20,1960-06-21,Sassone Florindo/1960-1964/Sassone - Negro el 20 - Instrumental - 1960.opus
Florindo Sassone,Papas Calientes,1962-08-16,Sassone Florindo/1960-1964/Sassone - Papas Calientes - Instrumental - 1962.opus
Florindo Sassone,Tierrita,1963-08-22,Sassone Florindo/1960-1964/Sassone - Tierrita - Instrumental - 1963.opus
Florindo Sassone,A la Gran Muñeca,1966-03-08,Sassone Florindo/1965-1969/Sassone - A La Gran Muneca - Instrumental - 1966.opus
Florindo Sassone,A Media Luz,1968-05-16,Sassone Florindo/1965-1969/Sassone - A Media Luz - Instrumental - 1968.opus
Florindo Sassone,Danzarín,1968-05-30,Sassone Florindo/1965-1969/Sassone - Danzarin - Instrumental - 1968.opus
Florindo Sassone,Derecho Viejo,1966-03-24,Sassone Florindo/1965-1969/Sassone - Derecho Viejo - Instrumental - 1966.opus
Florindo Sassone,Don Juan,1965-08-31,Sassone Florindo/1965-1969/Sassone - Don Juan - Instrumental - 1965.opus
Florindo Sassone,El Amanecer,1966-03-08,Sassone Florindo/1965-1969/Sassone - El Amanecer - Instrumental - 1966.opus
Florindo Sassone,El Pañuelito,1968-05-21,Sassone Florindo/1965-1969/Sassone - El Panuelito - Instrumental - 1968.opus
Florindo Sassone,El Relámpago,1966-03-24,Sassone Florindo/1965-1969/Sassone - El Relampago - Instrumental - 1966.opus
Florindo Sassone,Felicia,1966-03-11,Sassone Florindo/1965-1969/Sassone - Felicia - Instrumental - 1966.opus
Florindo Sassone,La Cumparsita,1966-03-21,Sassone Florindo/1965-1969/Sassone - La Cumparsita - Instrumental - 1966.opus
Florindo Sassone,La Tablada,1966-03-10,Sassone Florindo/1965-1969/Sassone - La Tablada - Instrumental - 1966.opus
Florindo Sassone,Organito de la Tarde,1968-06-03,Sassone Florindo/1965-1969/Sassone - Organito De La Tarde - Instrumental - 1968.opus
Florindo Sassone,Una Noche de Garufa,1966-03-21,Sassone Florindo/1965-1969/Sassone - Una Noche De Garufa - Instrumental - 1966.opus
Florindo Sassone,Yira Yira,1968-06-03,Sassone Florindo/1965-1969/Sassone - Yira Yira - Instrumental - 1968.opus
Florindo Sassone,Cuando Llora la Milonga,1970-04-30,Sassone Florindo/1970-1974/Sassone - Cuando Llora La Milonga - Instrumental - 1970.opus
Florindo Sassone,Duelo Criollo,1970-04-30,Sassone Florindo/1970-1974/Sassone - Duelo Criollo - Instrumental - 1970.opus
Florindo Sassone,El Chamuyo,1970-04-16,Sassone Florindo/1970-1974/Sassone - El Chamuyo - Instrumental - 1970.opus
Florindo Sassone,El Llorón,1970-04-28,Sassone Florindo/1970-1974/Sassone - El Lloron - Instrumental - 1970.opus
Florindo Sassone,Fuegos Artificiales,1970-04-16,Sassone Florindo/1970-1974/Sassone - Fuegos Artificiales - Instrumental - 1970.opus
Florindo Sassone,La Viruta,1970-04-09,Sassone Florindo/1970-1974/Sassone - La Viruta - Instrumental - 1970.opus
Ricardo Tanturi,Al Compás de un Tango,1942-03-18,Tanturi Ricardo/1940-1944/Tanturi - Al Compas De Un Tango - Castillo - 1942.opus
Ricardo Tanturi,Argañaraz,1940-11-18,Tanturi Ricardo/1940-1944/Tanturi - Arganaraz - Instrumental - 1940.opus
Ricardo Tanturi,Así Es la Milonga,1942-05-27,Tanturi Ricardo/1940-1944/Tanturi - Asi Es La Milonga - Castillo - 1942.opus
Ricardo Tanturi,Así Se Baila el Tango,1942-12-04,Tanturi Ricardo/1940-1944/Tanturi - Asi Se Baila El Tango - Castillo - 1942.opus
Ricardo Tanturi,Así Se Canta,1943-08-19,Tanturi Ricardo/1940-1944/Tanturi - Asi Se Canta - Campos - 1943.opus
Ricardo Tanturi,Bailongo de los Domingos,1943-05-07,Tanturi Ricardo/1940-1944/Tanturi - Bailongo De Los Domingos - Castillo - 1943.opus
Ricardo Tanturi,Barajando Recuerdos,1943-05-07,Tanturi Ricardo/1940-1944/Tanturi - Barajando Recuerdos - Castillo - 1943.opus
Ricardo Tanturi,Calla Bandoneón,1944-05-18,Tanturi Ricardo/1940-1944/Tanturi - Calla Bandoneon - Campos - 1944.opus
Ricardo Tanturi,Canción de Rango,1942-12-04,Tanturi Ricardo/1940-1944/Tanturi - Cancion De Rango - Castillo - 1942.opus
Ricardo Tanturi,Cómo Se Pianta la Vida,1942-09-15,Tanturi Ricardo/1940-1944/Tanturi - Como Se Pianta La Vida - Castillo - 1942.opus
Ricardo Tanturi,Comparsa Criolla,1941-06-16,Tanturi Ricardo/1940-1944/Tanturi - Comparsa Criolla - Instrumental - 1941.opus
Ricardo Tanturi,Con los Amigos,1943-03-02,Tanturi Ricardo/1940-1944/Tanturi - Con Los Amigos - Castillo - 1943.opus
Ricardo Tanturi,Cuatro Compases,1942-11-04,Tanturi Ricardo/1940-1944/Tanturi - Cuatro Compases - Castillo - 1942.opus
Ricardo Tanturi,Desde el Alma,1944-08-28,Tanturi Ricardo/1940-1944/Tanturi - Desde El Alma - Instrumental - 1944.opus
Ricardo Tanturi,Desde Lejos,1944-04-27,Tanturi Ricardo/1940-1944/Tanturi - Desde Lejos - Campos - 1944.opus
Ricardo Tanturi,Dos Palabras Por Favor,1943-10-05,Tanturi Ricardo/1940-1944/Tanturi - Dos Palabras Por Favor - Campos - 1943.opus
Ricardo Tanturi,El Buey Solo,1941-01-08,Tanturi Ricardo/1940-1944/Tanturi - El Buey Solo - Instrumental - 1941.opus
Ricardo Tanturi,El Corazón Me Decía,1944-09-29,Tanturi Ricardo/1940-1944/Tanturi - El Corazon Me Decia - Campos - 1944.opus
Ricardo Tanturi,El Moro,1941-11-27,Tanturi Ricardo/1940-1944/Tanturi - El Moro - Castillo - 1941.opus
Ricardo Tanturi,El Tango Es el Tango,1942-08-14,Tanturi Ricardo/1940-1944/Tanturi - El Tango Es El Tango - Castillo - 1942.opus
Ricardo Tanturi,En el Salón,1944-11-14,Tanturi Ricardo/1940-1944/Tanturi - En El Salon - Campos - 1944.opus
Ricardo Tanturi,Encuentro,1944-09-29,Tanturi Ricardo/1940-1944/Tanturi - Encuentro - Campos - 1944.opus
Ricardo Tanturi,Entre Sueños,1943-03-02,Tanturi Ricardo/1940-1944/Tanturi - Entre Suenos - Instrumental - 1943.opus
Ricardo Tanturi,Ese Sos Vos,1941-12-23,Tanturi Ricardo/1940-1944/Tanturi - Ese Sos Vos - Castillo - 1941.opus
Ricardo Tanturi,Esta Noche Me Emborracho,1942-08-14,Tanturi Ricardo/1940-1944/Tanturi - Esta Noche Me Emborracho - Castillo - 1942.opus
Ricardo Tanturi,Jirón de Suburbio,1944-04-27,Tanturi Ricardo/1940-1944/Tanturi - Jiron De Suburbio - Campos - 1944.opus
Ricardo Tanturi,La Abandoné y No Sabía,1944-04-27,Tanturi Ricardo/1940-1944/Tanturi - La Abandone Y No Sabia - Campos - 1944.opus
Ricardo Tanturi,La Copa del Olvido,1942-07-20,Tanturi Ricardo/1940-1944/Tanturi - La Copa Del Olvido - Castillo - 1942.opus
Ricardo Tanturi,La Cumparsita,1940-11-18,Tanturi Ricardo/1940-1944/Tanturi - La Cumparsita - Instrumental - 1940.opus
Ricardo Tanturi,La Huella,1941-11-27,Tanturi Ricardo/1940-1944/Tanturi - La Huella - Instrumental - 1941.opus
Ricardo Tanturi,La Serenata,1941-05-06,Tanturi Ricardo/1940-1944/Tanturi - La Serenata - Castillo - 1941.opus
Ricardo Tanturi,La Última Copa,1943-04-29,Tanturi Ricardo/1940-1944/Tanturi - La Ultima Copa - Castillo - 1943.opus
Ricardo Tanturi,La Vida Es Corta,1941-02-19,Tanturi Ricardo/1940-1944/Tanturi - La Vida Es Corta - Castillo - 1941.opus
Ricardo Tanturi,Lágrimas,1941-07-07,Tanturi Ricardo/1940-1944/Tanturi - Lagrimas - Instrumental - 1941.opus
Ricardo Tanturi,Madame Ivonne,1942-03-18,Tanturi Ricardo/1940-1944/Tanturi - Madame Ivonne - Castillo - 1942.opus
Ricardo Tanturi,Malvón,1943-11-17,Tanturi Ricardo/1940-1944/Tanturi - Malvon - Campos - 1943.opus
Ricardo Tanturi,Marisabel,1942-09-15,Tanturi Ricardo/1940-1944/Tanturi - Marisabel - Castillo - 1942.opus
Ricardo Tanturi,Me Llaman el Zorro,1942-12-04,Tanturi Ricardo/1940-1944/Tanturi - Me Llaman El Zorro - Castillo - 1942.opus
Ricardo Tanturi,Mi Morocha,1941-09-18,Tanturi Ricardo/1940-1944/Tanturi - Mi Morocha - Castillo - 1941.opus
Ricardo Tanturi,Mi Piba,1943-03-16,Tanturi Ricardo/1940-1944/Tanturi - Mi Piba - Castillo - 1943.opus
Ricardo Tanturi,Mi Romance,1941-11-14,Tanturi Ricardo/1940-1944/Tanturi - Mi Romance - Castillo - 1941.opus
Ricardo Tanturi,Moneda de Cobre,1942-12-04,Tanturi Ricardo/1940-1944/Tanturi - Moneda De Cobre - Castillo - 1942.opus
Ricardo Tanturi,Mozo Guapo,1941-02-19,Tanturi Ricardo/1940-1944/Tanturi - Mozo Guapo - Castillo - 1941.opus
Ricardo Tanturi,Muchachos Comienza la Ronda,1943-08-06,Tanturi Ricardo/1940-1944/Tanturi - Muchachos Comienza La Ronda - Campos - 1943.opus
Ricardo Tanturi,Muñeca Brava,1942-09-22,Tanturi Ricardo/1940-1944/Tanturi - Muneca Brava - Castillo - 1942.opus
Ricardo Tanturi,Noches de Colón,1941-08-14,Tanturi Ricardo/1940-1944/Tanturi - Noches De Colon - Castillo - 1941.opus
Ricardo Tanturi,Oigo Tu Voz,1943-11-17,Tanturi Ricardo/1940-1944/Tanturi - Oigo Tu Voz - Campos - 1943.opus
Ricardo Tanturi,Palomita Mía,1943-08-19,Tanturi Ricardo/1940-1944/Tanturi - Palomita Mia - Campos - 1943.opus
Ricardo Tanturi,Pocas Palabras,1941-06-16,Tanturi Ricardo/1940-1944/Tanturi - Pocas Palabras - Castillo - 1941.opus
Ricardo Tanturi,Por Eso Canto Yo,1943-08-06,Tanturi Ricardo/1940-1944/Tanturi - Por Eso Canto Yo - Campos - 1943.opus
Ricardo Tanturi,Prisionero,1944-11-14,Tanturi Ricardo/1940-1944/Tanturi - Prisionero - Campos - 1944.opus
Ricardo Tanturi,Qué Bien Te Queda,1943-10-05,Tanturi Ricardo/1940-1944/Tanturi - Que Bien Te Queda - Campos - 1943.opus
Ricardo Tanturi,Que Nunca Me Falte,1943-11-17,Tanturi Ricardo/1940-1944/Tanturi - Que Nunca Me Falte - Campos - 1943.opus
Ricardo Tanturi,Qué Vas Buscando Muñeca,1943-12-16,Tanturi Ricardo/1940-1944/Tanturi - Que Vas Buscando Muneca - Campos - 1943.opus
Ricardo Tanturi,Raza Criolla,1944-12-13,Tanturi Ricardo/1940-1944/Tanturi - Raza Criolla - Instrumental - 1944.opus
Ricardo Tanturi,Recién,1944-03-24,Tanturi Ricardo/1940-1944/Tanturi - Recien - Campos - 1944.opus
Ricardo Tanturi,Recuerdo,1942-11-04,Tanturi Ricardo/1940-1944/Tanturi - Recuerdo - Instrumental - 1942.opus
Ricardo Tanturi,Recuerdo Malevo,1941-12-23,Tanturi Ricardo/1940-1944/Tanturi - Recuerdo Malevo - Castillo - 1941.opus
Ricardo Tanturi,Si Se Salva el Pibe,1944-07-27,Tanturi Ricardo/1940-1944/Tanturi - Si Se Salva El Pibe - Campos - 1944.opus
Ricardo Tanturi,Sollozo de Bandoneón,1943-12-16,Tanturi Ricardo/1940-1944/Tanturi - Sollozo De Bandoneon - Campos - 1943.opus
Ricardo Tanturi,Sombrerito,1944-07-27,Tanturi Ricardo/1940-1944/Tanturi - Sombrerito - Campos - 1944.opus
Ricardo Tanturi,Un Crimen,1942-09-22,Tanturi Ricardo/1940-1944/Tanturi - Un Crimen - Castillo - 1942.opus
Ricardo Tanturi,Una Emoción,1943-11-17,Tanturi Ricardo/1940-1944/Tanturi - Una Emocion - Campos - 1943.opus
Ricardo Tanturi,Una Noche de Garufa,1941-02-06,Tanturi Ricardo/1940-1944/Tanturi - Una Noche De Garufa - Instrumental - 1941.opus
Ricardo Tanturi,Vieja Esquina,1943-08-06,Tanturi Ricardo/1940-1944/Tanturi - Vieja Esquina - Campos - 1943.opus
Ricardo Tanturi,Ya Sale el Tren,1943-03-16,Tanturi Ricardo/1940-1944/Tanturi - Ya Sale El Tren - Castillo - 1943.opus
Ricardo Tanturi,Alma de Bohemio,1947-04-02,Tanturi Ricardo/1945-1949/Tanturi - Alma De Bohemio - Ribo - 1947.opus
Ricardo Tanturi,Amiga,1947-04-02,Tanturi Ricardo/1945-1949/Tanturi - Amiga - Videla - 1947.opus
Ricardo Tanturi,Amor de Estudiante,1946-08-16,Tanturi Ricardo/1945-1949/Tanturi - Amor De Estudiante - Videla y Ribo - 1946.opus
Ricardo Tanturi,Barrio Viejo,1946-01-30,Tanturi Ricardo/1945-1949/Tanturi - Barrio Viejo - Campos y Videla - 1946.opus
Ricardo Tanturi,Bien Criolla y Bien Porteña,1945-07-13,Tanturi Ricardo/1945-1949/Tanturi - Bien Criolla Y Bien Portena - Campos - 1945.opus
Ricardo Tanturi,Bolero,1948-01-26,Tanturi Ricardo/1945-1949/Tanturi - Bolero - Videla - 1948.opus
Ricardo Tanturi,Callejero,1947-05-09,Tanturi Ricardo/1945-1949/Tanturi - Callejero - Videla - 1947.opus
Ricardo Tanturi,Calor de Hogar,1945-11-09,Tanturi Ricardo/1945-1949/Tanturi - Calor De Hogar - Campos - 1945.opus
Ricardo Tanturi,Cantor de Barrio,1945-07-13,Tanturi Ricardo/1945-1949/Tanturi - Cantor De Barrio - Campos - 1945.opus
Ricardo Tanturi,Como Aquella Muñeca,1946-04-03,Tanturi Ricardo/1945-1949/Tanturi - Como Aquella Muneca - Videla - 1946.opus
Ricardo Tanturi,Corazoncito,1945-12-05,Tanturi Ricardo/1945-1949/Tanturi - Corazoncito - Videla - 1945.opus
Ricardo Tanturi,Cuatro Lágrimas,1945-10-23,Tanturi Ricardo/1945-1949/Tanturi - Cuatro Lagrimas - Campos - 1945.opus
Ricardo Tanturi,Cuatro Recuerdos,1945-09-05,Tanturi Ricardo/1945-1949/Tanturi - Cuatro Recuerdos - Campos - 1945.opus
Ricardo Tanturi,De Seis a Siete,1945-01-22,Tanturi Ricardo/1945-1949/Tanturi - De Seis A Siete - Campos - 1945.opus
Ricardo Tanturi,De Todo Te Olvidas,1946-11-15,Tanturi Ricardo/1945-1949/Tanturi - De Todo Te Olvidas - Ribo - 1946.opus
Ricardo Tanturi,Discos de Gardel,1945-05-03,Tanturi Ricardo/1945-1949/Tanturi - Discos De Gardel - Campos - 1945.opus
Ricardo Tanturi,Dos Que Se Aman,1948-06-25,Tanturi Ricardo/1945-1949/Tanturi - Dos Que Se Aman - Videla y Ribo - 1948.opus
Ricardo Tanturi,El Sueño del Pibe,1945-06-14,Tanturi Ricardo/1945-1949/Tanturi - El Sueno Del Pibe - Campos - 1945.opus
Ricardo Tanturi,Esta Noche Al Pasar,1945-01-22,Tanturi Ricardo/1945-1949/Tanturi - Esta Noche Al Pasar - Campos - 1945.opus
Ricardo Tanturi,Giuseppe el Zapatero,1945-05-03,Tanturi Ricardo/1945-1949/Tanturi - Giuseppe el Zapatero - Campos - 1945.opus
Ricardo Tanturi,Ivón,1945-09-05,Tanturi Ricardo/1945-1949/Tanturi - Ivon - Campos - 1945.opus
Ricardo Tanturi,La Mesa de un Café,1946-07-23,Tanturi Ricardo/1945-1949/Tanturi - La Mesa De Un Cafe - Videla - 1946.opus
Ricardo Tanturi,Llévame Carretero,1946-01-30,Tanturi Ricardo/1945-1949/Tanturi - Llevame Carretero - Videla - 1946.opus
Ricardo Tanturi,Me Besó y Se Fue,1945-02-19,Tanturi Ricardo/1945-1949/Tanturi - Me Beso Y Se Fue - Campos - 1945.opus
Ricardo Tanturi,Me Da Pena Confesarlo,1947-03-28,Tanturi Ricardo/1945-1949/Tanturi - Me Da Pena Confesarlo - Videla - 1947.opus
Ricardo Tanturi,No Me Escribas,1946-07-23,Tanturi Ricardo/1945-1949/Tanturi - No Me Escribas - Videla - 1946.opus
Ricardo Tanturi,Noches de Tango,1946-09-05,Tanturi Ricardo/1945-1949/Tanturi - Noches De Tango - Videla - 1946.opus
Ricardo Tanturi,Remembranza,1947-05-09,Tanturi Ricardo/1945-1949/Tanturi - Remembranza - Ribo - 1947.opus
Ricardo Tanturi,San José de Flores,1947-05-09,Tanturi Ricardo/1945-1949/Tanturi - San Jose De Flores - Videla - 1947.opus
Ricardo Tanturi,Seis Días,1946-01-03,Tanturi Ricardo/1945-1949/Tanturi - Seis Dias - Campos - 1946.opus
Ricardo Tanturi,Sombras,1946-08-27,Tanturi Ricardo/1945-1949/Tanturi - Sombras - Ribo - 1946.opus
Ricardo Tanturi,Tiene Razón Amigazo,1946-04-23,Tanturi Ricardo/1945-1949/Tanturi - Tiene Razon Amigazo - Videla - 1946.opus
Ricardo Tanturi,Tu Olvido,1946-12-19,Tanturi Ricardo/1945-1949/Tanturi - Tu Olvido - Videla y Ribo - 1946.opus
Ricardo Tanturi,Tu Vieja Ventana,1945-10-23,Tanturi Ricardo/1945-1949/Tanturi - Tu Vieja Ventana - Campos y Videla - 1945.opus
Ricardo Tanturi,Una Lágrima,1946-08-27,Tanturi Ricardo/1945-1949/Tanturi - Una Lagrima - Ribo - 1946.opus
Ricardo Tanturi,Vagabundo,1947-05-09,Tanturi Ricardo/1945-1949/Tanturi - Vagabundo - Ribo - 1947.opus
Ricardo Tanturi,Viejo Ciego,1946-05-16,Tanturi Ricardo/1945-1949/Tanturi - Viejo Ciego - Videla - 1946.opus
Ricardo Tanturi,Cuando Llora la Milonga,1950-08-16,Tanturi Ricardo/1950-1954/Tanturi - Cuando Llora La Milonga - Ribo - 1950.opus
Ricardo Tanturi,Milonguita,1950-08-16,Tanturi Ricardo/1950-1954/Tanturi - Milonguita - Roca - 1950.opus
Ricardo Tanturi,Amigos Presente,1959-05-27,Tanturi Ricardo/1955-1959/Tanturi - Amigos Presente - Instrumental - 1959.opus
Ricardo Tanturi,El Pollito,1959-12-09,Tanturi Ricardo/1955-1959/Tanturi - El Pollito - Instrumental - 1959.opus
Ricardo Tanturi,El Resero,1965-12,Tanturi Ricardo/1965-1969/Tanturi - El Resero - Instrumental - 1965.opus
Ricardo Tanturi,Qué Noche,1965-12,Tanturi Ricardo/1965-1969/Tanturi - Que Noche - Instrumental - 1965.opus
Ricardo Tanturi,Trasnochando,1965-12,Tanturi Ricardo/1965-1969/Tanturi - Trasnochando - Instrumental - 1965.opus
Ricardo Tanturi,Un Amor,1965-12,Tanturi Ricardo/1965-1969/Tanturi - Un Amor - Instrumental - 1965.opus
Aníbal Troilo,Comme Il Faut,1938-03-07,Troilo Anibal/1935-1939/Troilo - Comme Il Faut - Instrumental - 1938.opus
Aníbal Troilo,Tinta Verde,1938-03-07,Troilo Anibal/1935-1939/Troilo - Tinta Verde - Instrumental - 1938.opus
Aníbal Troilo,A Bailar,1943-11-05,Troilo Anibal/1940-1944/Troilo - A Bailar - Fiorentino - 1943.opus
Aníbal Troilo,Acordándome de Vos,1942-07-23,Troilo Anibal/1940-1944/Troilo - Acordandome De Vos - Fiorentino - 1942.opus
Aníbal Troilo,Alhucema,1944-08-31,Troilo Anibal/1940-1944/Troilo - Alhucema - Marino - 1944.opus
Aníbal Troilo,Barrio de Tango,1942-12-14,Troilo Anibal/1940-1944/Troilo - Barrio De Tango - Fiorentino - 1942.opus
Aníbal Troilo,Bien Porteño,1944-03-30,Troilo Anibal/1940-1944/Troilo - Bien Porteno - Instrumental - 1944.opus
Aníbal Troilo,Buenos Aires,1942-12-29,Troilo Anibal/1940-1944/Troilo - Buenos Aires - Fiorentino - 1942.opus
Aníbal Troilo,C. T. V.,1942-01-08,Troilo Anibal/1940-1944/Troilo - C. T. V. - Instrumental - 1942.opus
Aníbal Troilo,Cachirulo,1941-03-04,Troilo Anibal/1940-1944/Troilo - Cachirulo - Instrumental - 1941.opus
Aníbal Troilo,Cada Día Te Extraño Mas,1943-12-17,Troilo Anibal/1940-1944/Troilo - Cada Dia Te Extrano Mas - Fiorentino - 1943.opus
Aníbal Troilo,Cada Vez Que Me Recuerdes,1943-04-05,Troilo Anibal/1940-1944/Troilo - Cada Vez Que Me Recuerdes - Fiorentino - 1943.opus
Aníbal Troilo,Café de los Angelitos,1944-12-19,Troilo Anibal/1940-1944/Troilo - Cafe De Los Angelitos - Marino - 1944.opus
Aníbal Troilo,Cantando Se Van las Penas,1943-09-30,Troilo Anibal/1940-1944/Troilo - Cantando Se Van Las Penas - Marino - 1943.opus
Aníbal Troilo,Cautivo,1941-10-09,Troilo Anibal/1940-1944/Troilo - Cautivo - Fiorentino - 1941.opus
Aníbal Troilo,Chiqué,1944-03-03,Troilo Anibal/1940-1944/Troilo - Chique - Instrumental - 1944.opus
Aníbal Troilo,"Colorao, Colorao",1942-06-12,Troilo Anibal/1940-1944/Troilo - Colorao Colorao - Fiorentino - 1942.opus
Aníbal Troilo,"Colorao, Colorao",1942-06-12,"Troilo Anibal/1940-1944/Troilo - Colorao, Colorao - Fiorentino - 1942.opus"
Aníbal Troilo,Con Permiso,1944-09-27,Troilo Anibal/1940-1944/Troilo - Con Permiso - Marino - 1944.opus
Aníbal Troilo,Con Toda la Voz Que Tengo,1941-04-16,Troilo Anibal/1940-1944/Troilo - Con Toda La Voz Que Tengo - Fiorentino - 1941.opus
Aníbal Troilo,"Copas, Amigas y Besos",1944-12-19,Troilo Anibal/1940-1944/Troilo - Copas Amigas Y Besos - Marino - 1944.opus
Aníbal Troilo,"Copas, Amigas y Besos",1944-12-19,"Troilo Anibal/1940-1944/Troilo - Copas, Amigas Y Besos - Marino - 1944.opus"
Aníbal Troilo,Corazón No Le Hagas Caso,1943-03-11,Troilo Anibal/1940-1944/Troilo - Corazon No Le Hagas Caso - Fiorentino - 1943.opus
Aníbal Troilo,Cordón de Oro,1941-07-18,Troilo Anibal/1940-1944/Troilo - Cordon De Oro - Instrumental - 1941.opus
Aníbal Troilo,Cristal,1944-06-07,Troilo Anibal/1940-1944/Troilo - Cristal - Marino - 1944.opus
Aníbal Troilo,C. T. V.,1942-01-08,Troilo Anibal/1940-1944/Troilo - CTV - Instrumental - 1942.opus
Aníbal Troilo,Cuando Tallan los Recuerdos,1943-04-27,Troilo Anibal/1940-1944/Troilo - Cuando Tallan Los Recuerdos - Marino - 1943.opus
Aníbal Troilo,De Barro,1943-06-02,Troilo Anibal/1940-1944/Troilo - De Barro - Fiorentino - 1943.opus
Aníbal Troilo,De Pura Cepa,1942-10-22,Troilo Anibal/1940-1944/Troilo - De Pura Cepa - Instrumental - 1942.opus
Aníbal Troilo,Del Tiempo Guapo,1941-11-21,Troilo Anibal/1940-1944/Troilo - Del Tiempo Guapo - Fiorentino - 1941.opus
Aníbal Troilo,Después,1944-03-03,Troilo Anibal/1940-1944/Troilo - Despues - Marino - 1944.opus
Aníbal Troilo,El Barrio del Tambor,1943-11-05,Troilo Anibal/1940-1944/Troilo - El Barrio Del Tambor - Marino - 1943.opus
Aníbal Troilo,El Bulín de la Calle Ayacucho,1941-06-17,Troilo Anibal/1940-1944/Troilo - El Bulin De La Calle Ayacucho - Fiorentino - 1941.opus
Aníbal Troilo,El Chupete,1942-10-22,Troilo Anibal/1940-1944/Troilo - El Chupete - Instrumental - 1942.opus
Aníbal Troilo,El Cuarteador,1941-09-06,Troilo Anibal/1940-1944/Troilo - El Cuarteador - Fiorentino - 1941.opus
Aníbal Troilo,El Desafió,1944-03-30,Troilo Anibal/1940-1944/Troilo - El Desafio - Fiorentino y Mandarino - 1944.opus
Aníbal Troilo,El Distinguido Ciudadano,1943-08-04,Troilo Anibal/1940-1944/Troilo - El Distinguido Ciudadano - Instrumental - 1943.opus
Aníbal Troilo,El Encopao,1942-09-01,Troilo Anibal/1940-1944/Troilo - El Encopao - Fiorentino - 1942.opus
Aníbal Troilo,El Entrerriano,1944-06-27,Troilo Anibal/1940-1944/Troilo - El Entrerriano - Instrumental - 1944.opus
Aníbal Troilo,El Tamango,1941-10-23,Troilo Anibal/1940-1944/Troilo - El Tamango - Instrumental - 1941.opus
Aníbal Troilo,En Esta Tarde Gris,1941-07-18,Troilo Anibal/1940-1944/Troilo - En Esta Tarde Gris - Fiorentino - 1941.opus
Aníbal Troilo,Farol,1943-09-30,Troilo Anibal/1940-1944/Troilo - Farol - Fiorentino - 1943.opus
Aníbal Troilo,Farolito de Papel,1943-06-02,Troilo Anibal/1940-1944/Troilo - Farolito De Papel - Marino - 1943.opus
Aníbal Troilo,Ficha de Oro,1942-10-09,Troilo Anibal/1940-1944/Troilo - Ficha De Oro - Fiorentino - 1942.opus
Aníbal Troilo,Fueye,1942-06-12,Troilo Anibal/1940-1944/Troilo - Fueye - Fiorentino - 1942.opus
Aníbal Troilo,Garúa,1943-08-04,Troilo Anibal/1940-1944/Troilo - Garua - Fiorentino - 1943.opus
Aníbal Troilo,Gime el Viento,1943-10-20,Troilo Anibal/1940-1944/Troilo - Gime El Viento - Fiorentino - 1943.opus
Aníbal Troilo,Gricel,1942-10-30,Troilo Anibal/1940-1944/Troilo - Gricel - Fiorentino - 1942.opus
Aníbal Troilo,Guapeando,1941-07-11,Troilo Anibal/1940-1944/Troilo - Guapeando - Instrumental - 1941.opus
Aníbal Troilo,Inspiración,1943-05-03,Troilo Anibal/1940-1944/Troilo - Inspiracion - Instrumental - 1943.opus
Aníbal Troilo,La Cumparsita,1943-11-05,Troilo Anibal/1940-1944/Troilo - La Cumparsita - Instrumental - 1943.opus
Aníbal Troilo,La Luz de un Fósforo,1943-12-17,Troilo Anibal/1940-1944/Troilo - La Luz De Un Fosforo - Marino - 1943.opus
Aníbal Troilo,La Maleva,1942-10-09,Troilo Anibal/1940-1944/Troilo - La Maleva - Instrumental - 1942.opus
Aníbal Troilo,La Tablada,1942-07-23,Troilo Anibal/1940-1944/Troilo - La Tablada - Instrumental - 1942.opus
Aníbal Troilo,La Vi Llegar,1944-06-27,Troilo Anibal/1940-1944/Troilo - La Vi Llegar - Marino - 1944.opus
Aníbal Troilo,Lejos de Buenos Aires,1942-09-01,Troilo Anibal/1940-1944/Troilo - Lejos De Buenos Aires - Fiorentino - 1942.opus
Aníbal Troilo,Los Mareados,1942-06-15,Troilo Anibal/1940-1944/Troilo - Los Mareados - Fiorentino - 1942.opus
Aníbal Troilo,Luna Llena,1944-12-19,Troilo Anibal/1940-1944/Troilo - Luna Llena - Ruiz - 1944.opus
Aníbal Troilo,Malena,1942-01-08,Troilo Anibal/1940-1944/Troilo - Malena - Fiorentino - 1942.opus
Aníbal Troilo,Mano Brava,1941-03-04,Troilo Anibal/1940-1944/Troilo - Mano Brava - Fiorentino - 1941.opus
Aníbal Troilo,Maragata,1941-10-09,Troilo Anibal/1940-1944/Troilo - Maragata - Fiorentino - 1941.opus
Aníbal Troilo,Margarita Gauthier,1943-03-11,Troilo Anibal/1940-1944/Troilo - Margarita Gauthier - Fiorentino - 1943.opus
Aníbal Troilo,Marioneta,1944-10-06,Troilo Anibal/1940-1944/Troilo - Marioneta - Ruiz - 1944.opus
Aníbal Troilo,Me Están Sobrando las Penas,1944-08-01,Troilo Anibal/1940-1944/Troilo - Me Estan Sobrando Las Penas - Marino - 1944.opus
Aníbal Troilo,Mi Castigo,1942-04-16,Troilo Anibal/1940-1944/Troilo - Mi Castigo - Fiorentino - 1942.opus
Aníbal Troilo,Milonga en Rojo,1944-12-19,Troilo Anibal/1940-1944/Troilo - Milonga En Rojo - Marino y Ruiz - 1944.opus
Aníbal Troilo,Milongueando en el 40,1941-06-17,Troilo Anibal/1940-1944/Troilo - Milongueando En El 40 - Instrumental - 1941.opus
Aníbal Troilo,Nada Mas Que un Corazón,1944-08-31,Troilo Anibal/1940-1944/Troilo - Nada Mas Que Un Corazon - Marino - 1944.opus
Aníbal Troilo,Naipe,1944-06-27,Troilo Anibal/1940-1944/Troilo - Naipe - Marino - 1944.opus
Aníbal Troilo,Naranjo en Flor,1944-11-23,Troilo Anibal/1940-1944/Troilo - Naranjo En Flor - Ruiz - 1944.opus
Aníbal Troilo,No Le Digas Que la Quiero,1941-10-23,Troilo Anibal/1940-1944/Troilo - No Le Digas Que La Quiero - Fiorentino - 1941.opus
Aníbal Troilo,No Te Apures Carablanca,1942-09-18,Troilo Anibal/1940-1944/Troilo - No Te Apures Carablanca - Fiorentino - 1942.opus
Aníbal Troilo,Orquesta de Mi Ciudad,1943-12-17,Troilo Anibal/1940-1944/Troilo - Orquesta De Mi Ciudad - Fiorentino - 1943.opus
Aníbal Troilo,Pa' Que Bailen los Muchachos,1942-04-16,Troilo Anibal/1940-1944/Troilo - Pa' Que Bailen Los Muchachos - Fiorentino - 1942.opus
Aníbal Troilo,Pa' Que Seguir,1942-12-14,Troilo Anibal/1940-1944/Troilo - Pa' Que Seguir - Fiorentino - 1942.opus
Aníbal Troilo,Pablo,1943-10-20,Troilo Anibal/1940-1944/Troilo - Pablo - Instrumental - 1943.opus
Aníbal Troilo,Pájaro Ciego,1941-05-28,Troilo Anibal/1940-1944/Troilo - Pajaro Ciego - Fiorentino y Mandarino - 1941.opus
Aníbal Troilo,Palomita Blanca,1944-11-23,Troilo Anibal/1940-1944/Troilo - Palomita Blanca - Marino y Ruiz - 1944.opus
Aníbal Troilo,Papa Baltasar,1942-04-16,Troilo Anibal/1940-1944/Troilo - Papa Baltasar - Fiorentino - 1942.opus
Aníbal Troilo,Pedacito de Cielo,1942-09-10,Troilo Anibal/1940-1944/Troilo - Pedacito De Cielo - Fiorentino - 1942.opus
Aníbal Troilo,Percal,1943-03-25,Troilo Anibal/1940-1944/Troilo - Percal - Fiorentino - 1943.opus
Aníbal Troilo,Piropos,1944-04-11,Troilo Anibal/1940-1944/Troilo - Piropos - Instrumental - 1944.opus
Aníbal Troilo,Por las Calles de la Vida,1942-12-14,Troilo Anibal/1940-1944/Troilo - Por Las Calles De La Vida - Fiorentino - 1942.opus
Aníbal Troilo,Quejas de Bandoneón,1944-09-27,Troilo Anibal/1940-1944/Troilo - Quejas De Bandoneon - Instrumental - 1944.opus
Aníbal Troilo,Ropa Blanca,1943-05-03,Troilo Anibal/1940-1944/Troilo - Ropa Blanca - Marino - 1943.opus
Aníbal Troilo,Rosa de Tango,1944-08-01,Troilo Anibal/1940-1944/Troilo - Rosa De Tango - Marino - 1944.opus
Aníbal Troilo,Sencillo y Compadre,1941-11-21,Troilo Anibal/1940-1944/Troilo - Sencillo Y Compadre - Fiorentino - 1941.opus
Aníbal Troilo,Siga el Corso,1944-06-07,Troilo Anibal/1940-1944/Troilo - Siga El Corso - Marino - 1944.opus
Aníbal Troilo,Sombras Nada Más,1944-03-30,Troilo Anibal/1940-1944/Troilo - Sombras Nada Mas - Marino - 1944.opus
Aníbal Troilo,Soñar y Nada Mas,1943-08-04,Troilo Anibal/1940-1944/Troilo - Sonar Y Nada Mas - Fiorentino y Mandarino - 1943.opus
Aníbal Troilo,Sosiego en la Noche,1943-11-05,Troilo Anibal/1940-1944/Troilo - Sosiego En La Noche - Fiorentino - 1943.opus
Aníbal Troilo,Soy del 90',1943-04-27,Troilo Anibal/1940-1944/Troilo - Soy Del 90' - Fiorentino - 1943.opus
Aníbal Troilo,Soy Muchacho de la Guardia,1942-06-15,Troilo Anibal/1940-1944/Troilo - Soy Muchacho De La Guardia - Fiorentino - 1942.opus
Aníbal Troilo,Soy un Porteño,1943-05-02,Troilo Anibal/1940-1944/Troilo - Soy Un Porteno - Fiorentino - 1943.opus
Aníbal Troilo,Suerte Loca,1942-06-15,Troilo Anibal/1940-1944/Troilo - Suerte Loca - Fiorentino - 1942.opus
Aníbal Troilo,Tabaco,1944-03-30,Troilo Anibal/1940-1944/Troilo - Tabaco - Fiorentino - 1944.opus
Aníbal Troilo,Tabernero,1941-05-28,Troilo Anibal/1940-1944/Troilo - Tabernero - Fiorentino - 1941.opus
Aníbal Troilo,Tal Vez Será su Voz,1943-08-04,Troilo Anibal/1940-1944/Troilo - Tal Vez Sera Su Voz - Marino - 1943.opus
Aníbal Troilo,Tango y Copas,1943-04-05,Troilo Anibal/1940-1944/Troilo - Tango Y Copas - Marino - 1943.opus
Aníbal Troilo,Te Aconsejo Que Me Olvides,1941-04-16,Troilo Anibal/1940-1944/Troilo - Te Aconsejo Que Me Olvides - Fiorentino - 1941.opus
Aníbal Troilo,Temblando,1944-03-30,Troilo Anibal/1940-1944/Troilo - Temblando - Fiorentino - 1944.opus
Aníbal Troilo,Tinta Roja,1941-10-23,Troilo Anibal/1940-1944/Troilo - Tinta Roja - Fiorentino - 1941.opus
Aníbal Troilo,Toda Mi Vida,1941-03-04,Troilo Anibal/1940-1944/Troilo - Toda Mi Vida - Fiorentino - 1941.opus
Aníbal Troilo,Torrente,1944-10-06,Troilo Anibal/1940-1944/Troilo - Torrente - Marino - 1944.opus
Aníbal Troilo,Total Pa' Qué Sirvo,1941-09-08,Troilo Anibal/1940-1944/Troilo - Total Pa' Que Sirvo - Fiorentino - 1941.opus
Aníbal Troilo,Tres Amigos,1944-04-11,Troilo Anibal/1940-1944/Troilo - Tres Amigos - Marino - 1944.opus
Aníbal Troilo,Tristezas de la Calle Corrientes,1942-09-18,Troilo Anibal/1940-1944/Troilo - Tristezas De La Calle Corrientes - Fiorentino - 1942.opus
Aníbal Troilo,Tu Diagnóstico,1941-10-09,Troilo Anibal/1940-1944/Troilo - Tu Diagnostico - Fiorentino - 1941.opus
Aníbal Troilo,Un Placer,1942-06-12,Troilo Anibal/1940-1944/Troilo - Un Placer - Instrumental - 1942.opus
Aníbal Troilo,Una Carta,1941-07-11,Troilo Anibal/1940-1944/Troilo - Una Carta - Fiorentino - 1941.opus
Aníbal Troilo,Uno,1943-06-30,Troilo Anibal/1940-1944/Troilo - Uno - Marino - 1943.opus
Aníbal Troilo,Uruguaya,1943-10-20,Troilo Anibal/1940-1944/Troilo - Uruguaya - Fiorentino y Mandarino - 1943.opus
Aníbal Troilo,Valsecito Amigo,1943-03-25,Troilo Anibal/1940-1944/Troilo - Valsecito Amigo - Fiorentino - 1943.opus
Aníbal Troilo,Yo Soy el Tango,1941-03-04,Troilo Anibal/1940-1944/Troilo - Yo Soy El Tango - Fiorentino - 1941.opus
Aníbal Troilo,A la Parrilla,1949-06-30,Troilo Anibal/1945-1949/Troilo - A La Parrilla - Instrumental - 1949.opus
Aníbal Troilo,A Unos Ojos,1949-03-31,Troilo Anibal/1945-1949/Troilo - A Unos Ojos - Rivero y Calderon - 1949.opus
Aníbal Troilo,Adiós Pampa Mía,1945-11-15,Troilo Anibal/1945-1949/Troilo - Adios Pampa Mia - Marino y Ruiz - 1945.opus
Aníbal Troilo,Amor y Tango,1945-10-09,Troilo Anibal/1945-1949/Troilo - Amor Y Tango - Ruiz - 1945.opus
Aníbal Troilo,Así Es Ninon,1946-09-25,Troilo Anibal/1945-1949/Troilo - Asi Es Ninon - Marino - 1946.opus
Aníbal Troilo,Bandita de Mi Pueblo,1946-04-22,Troilo Anibal/1945-1949/Troilo - Bandita De Mi Pueblo - Ruiz - 1946.opus
Aníbal Troilo,Bienvenida,1946-04-10,Troilo Anibal/1945-1949/Troilo - Bienvenida - Instrumental - 1946.opus
Aníbal Troilo,Buen Amigo,1946-07-11,Troilo Anibal/1945-1949/Troilo - Buen Amigo - Instrumental - 1946.opus
Aníbal Troilo,Cafetín de Buenos Aires,1948-07-08,Troilo Anibal/1945-1949/Troilo - Cafetin De Buenos Aires - Rivero - 1948.opus
Aníbal Troilo,Camino del Tucumán,1946-06-14,Troilo Anibal/1945-1949/Troilo - Camino Del Tucuman - Marino y Ruiz - 1946.opus
Aníbal Troilo,Canción Desesperada,1945-10-09,Troilo Anibal/1945-1949/Troilo - Cancion Desesperada - Marino - 1945.opus
Aníbal Troilo,Carnaval,1947-07-04,Troilo Anibal/1945-1949/Troilo - Carnaval - Rivero - 1947.opus
Aníbal Troilo,Cimarrón de Ausencia,1945-06-05,Troilo Anibal/1945-1949/Troilo - Cimarron De Ausencia - Marino y Ruiz - 1945.opus
Aníbal Troilo,Color de Rosa,1945-10-25,Troilo Anibal/1945-1949/Troilo - Color De Rosa - Instrumental - 1945.opus
Aníbal Troilo,Como Tú,1948-10-01,Troilo Anibal/1945-1949/Troilo - Como Tu - Rivero - 1948.opus
Aníbal Troilo,Con Mi Perro,1946-05-14,Troilo Anibal/1945-1949/Troilo - Con Mi Perro - Marino - 1946.opus
Aníbal Troilo,Confesión,1947-04-29,Troilo Anibal/1945-1949/Troilo - Confesion - Ruiz - 1947.opus
Aníbal Troilo,Corazón de Papel,1947-10-24,Troilo Anibal/1945-1949/Troilo - Corazon De Papel - Ruiz - 1947.opus
Aníbal Troilo,Cotorrita de la Suerte,1945-06-28,Troilo Anibal/1945-1949/Troilo - Cotorrita De La Suerte - Marino - 1945.opus
Aníbal Troilo,Cuándo Volverás,1949-03-31,Troilo Anibal/1945-1949/Troilo - Cuando Volveras - Calderon - 1949.opus
Aníbal Troilo,De Todo Te Olvidas,1948-02-23,Troilo Anibal/1945-1949/Troilo - De Todo Te Olvidas - Ruiz - 1948.opus
Aníbal Troilo,Desvelo,1948-02-28,Troilo Anibal/1945-1949/Troilo - Desvelo - Ruiz - 1948.opus
Aníbal Troilo,El Africano,1945-11-15,Troilo Anibal/1945-1949/Troilo - El Africano - Instrumental - 1945.opus
Aníbal Troilo,El Milagro,1947-04-29,Troilo Anibal/1945-1949/Troilo - El Milagro - Rivero - 1947.opus
Aníbal Troilo,El Morocho y el Oriental [Gardel-Razzano],1947-07-04,Troilo Anibal/1945-1949/Troilo - El Morocho y el Oriental [Gardel-Razzano] - Ruiz y Rivero - 1947.opus
Aníbal Troilo,El Último Organito,1949-03-31,Troilo Anibal/1945-1949/Troilo - El Ultimo Organito - Rivero - 1949.opus
Aníbal Troilo,En Carne Propia,1946-06-14,Troilo Anibal/1945-1949/Troilo - En Carne Propia - Marino - 1946.opus
Aníbal Troilo,Equipaje,1945-03-27,Troilo Anibal/1945-1949/Troilo - Equipaje - Ruiz - 1945.opus
Aníbal Troilo,Flor de Lino,1947-04-29,Troilo Anibal/1945-1949/Troilo - Flor De Lino - Ruiz - 1947.opus
Aníbal Troilo,Fruta Amarga,1945-08-10,Troilo Anibal/1945-1949/Troilo - Fruta Amarga - Marino - 1945.opus
Aníbal Troilo,Fuegos Artificiales,1945-05-29,Troilo Anibal/1945-1949/Troilo - Fuegos Artificiales - Instrumental - 1945.opus
Aníbal Troilo,Fuimos,1946-04-10,Troilo Anibal/1945-1949/Troilo - Fuimos - Marino - 1946.opus
Aníbal Troilo,Garras,1945-02-28,Troilo Anibal/1945-1949/Troilo - Garras - Marino - 1945.opus
Aníbal Troilo,Juan Tango,1945-05-29,Troilo Anibal/1945-1949/Troilo - Juan Tango - Ruiz - 1945.opus
Aníbal Troilo,La Embriaguez del Tango,1945-03-27,Troilo Anibal/1945-1949/Troilo - La Embriaguez Del Tango - Ruiz - 1945.opus
Aníbal Troilo,La Mariposa,1949-07-22,Troilo Anibal/1945-1949/Troilo - La Mariposa - Rivero - 1949.opus
Aníbal Troilo,La Noche Que Te Fuiste,1945-06-05,Troilo Anibal/1945-1949/Troilo - La Noche Que Te Fuiste - Ruiz - 1945.opus
Aníbal Troilo,La Revancha,1946-10-22,Troilo Anibal/1945-1949/Troilo - La Revancha - Instrumental - 1946.opus
Aníbal Troilo,La Viajera Perdida,1949-10-20,Troilo Anibal/1945-1949/Troilo - La Viajera Perdida - Rivero - 1949.opus
Aníbal Troilo,Lagrimitas de Mi Corazón,1948-07-08,Troilo Anibal/1945-1949/Troilo - Lagrimitas De Mi Corazon - Ruiz y Rivero - 1948.opus
Aníbal Troilo,"Lloraras, Llorarás",1945-08-10,Troilo Anibal/1945-1949/Troilo - Lloraras Lloraras - Ruiz - 1945.opus
Aníbal Troilo,Los Ejes de Mi Carreta,1947-10-07,Troilo Anibal/1945-1949/Troilo - Los Ejes De Mi Carreta - Rivero - 1947.opus
Aníbal Troilo,Margó,1945-12-18,Troilo Anibal/1945-1949/Troilo - Margo - Marino - 1945.opus
Aníbal Troilo,María,1945-10-09,Troilo Anibal/1945-1949/Troilo - Maria - Marino - 1945.opus
Aníbal Troilo,Me Quede Mirándola,1945-03-27,Troilo Anibal/1945-1949/Troilo - Me Quede Mirandola - Marino - 1945.opus
Aníbal Troilo,Mi Noche Triste,1949-06-30,Troilo Anibal/1945-1949/Troilo - Mi Noche Triste - Rivero - 1949.opus
Aníbal Troilo,Mi Tango Triste,1946-11-28,Troilo Anibal/1945-1949/Troilo - Mi Tango Triste - Marino - 1946.opus
Aníbal Troilo,Mientras Gime el Bandoneón,1946-11-28,Troilo Anibal/1945-1949/Troilo - Mientras Gime El Bandoneon - Ruiz - 1946.opus
Aníbal Troilo,Milonga en Negro,1949-03-31,Troilo Anibal/1945-1949/Troilo - Milonga En Negro - Rivero - 1949.opus
Aníbal Troilo,Milonga Triste,1946-03-22,Troilo Anibal/1945-1949/Troilo - Milonga Triste - Marino - 1946.opus
Aníbal Troilo,Miriñaque,1949-10-20,Troilo Anibal/1945-1949/Troilo - Mirinaque - Rivero y Calderon - 1949.opus
Aníbal Troilo,Mis Amigos de Ayer,1946-01-23,Troilo Anibal/1945-1949/Troilo - Mis Amigos De Ayer - Ruiz - 1946.opus
Aníbal Troilo,Ojos Negros,1948-10-01,Troilo Anibal/1945-1949/Troilo - Ojos Negros - Instrumental - 1948.opus
Aníbal Troilo,Patético,1949-03-30,Troilo Anibal/1945-1949/Troilo - Patetico - Instrumental - 1949.opus
Aníbal Troilo,Príncipe,1946-01-23,Troilo Anibal/1945-1949/Troilo - Principe - Marino - 1946.opus
Aníbal Troilo,Que Me Van Hablar de Amor,1946-07-11,Troilo Anibal/1945-1949/Troilo - Que Me Van Hablar De Amor - Ruiz - 1946.opus
Aníbal Troilo,Recuerdos de Bohemia,1946-03-12,Troilo Anibal/1945-1949/Troilo - Recuerdos De Bohemia - Instrumental - 1946.opus
Aníbal Troilo,Romance de Barrio,1947-08-19,Troilo Anibal/1945-1949/Troilo - Romance De Barrio - Ruiz - 1947.opus
Aníbal Troilo,Rosicler,1946-07-11,Troilo Anibal/1945-1949/Troilo - Rosicler - Marino - 1946.opus
Aníbal Troilo,Selección de Tangos de Julio De Caro,1949-07-22,Troilo Anibal/1945-1949/Troilo - Seleccion de Tangos de Julio De Caro - Instrumental - 1949.opus
Aníbal Troilo,Sin Palabras,1946-10-22,Troilo Anibal/1945-1949/Troilo - Sin Palabras - Marino - 1946.opus
Aníbal Troilo,Soledad... la de Barracas,1945-06-28,Troilo Anibal/1945-1949/Troilo - Soledad La De Barracas - Marino - 1945.opus
Aníbal Troilo,Solo Se Quiere una Vez,1946-09-25,Troilo Anibal/1945-1949/Troilo - Solo Se Quiere Una Vez - Ruiz - 1946.opus
Aníbal Troilo,Sur,1948-02-23,Troilo Anibal/1945-1949/Troilo - Sur - Rivero - 1948.opus
Aníbal Troilo,Tapera,1947-10-24,Troilo Anibal/1945-1949/Troilo - Tapera - Rivero - 1947.opus
Aníbal Troilo,Tarde Gris,1946-06-14,Troilo Anibal/1945-1949/Troilo - Tarde Gris - Ruiz - 1946.opus
Aníbal Troilo,Tedio,1945-12-18,Troilo Anibal/1945-1949/Troilo - Tedio - Marino - 1945.opus
Aníbal Troilo,Tres y Dos,1946-05-14,Troilo Anibal/1945-1949/Troilo - Tres Y Dos - Instrumental - 1946.opus
Aníbal Troilo,Tú,1949-10-26,Troilo Anibal/1945-1949/Troilo - Tu - Rivero - 1949.opus
Aníbal Troilo,Tu Pálido Final,1947-07-04,Troilo Anibal/1945-1949/Troilo - Tu Palido Final - Rivero - 1947.opus
Aníbal Troilo,Tu Perro Pekinés,1948-02-28,Troilo Anibal/1945-1949/Troilo - Tu Perro Pekines - Rivero - 1948.opus
Aníbal Troilo,Una Lagrima Tuya,1949-03-30,Troilo Anibal/1945-1949/Troilo - Una Lagrima Tuya - Rivero y Calderon - 1949.opus
Aníbal Troilo,Y Dicen Que No Te Quiero,1947-07-04,Troilo Anibal/1945-1949/Troilo - Y Dicen Que No Te Quiero - Ruiz - 1947.opus
Aníbal Troilo,Y la Perdí,1947-10-07,Troilo Anibal/1945-1949/Troilo - Y La Perdi - Ruiz - 1947.opus
Aníbal Troilo,Y Volvemos a Querernos,1949-10-26,Troilo Anibal/1945-1949/Troilo - Y Volvemos A Querernos - Calderon - 1949.opus
Aníbal Troilo,Ya Estamos Iguales,1945-03-27,Troilo Anibal/1945-1949/Troilo - Ya Estamos Iguales - Marino - 1945.opus
Aníbal Troilo,"Yira, Yira",1947-04-29,Troilo Anibal/1945-1949/Troilo - Yira Yira - Rivero - 1947.opus
Aníbal Troilo,"Yira, Yira",1947-04-29,Troilo Anibal/1945-1949/Troilo - Yira... Yira... - Rivero - 1947.opus
Aníbal Troilo,Yo Te Bendigo,1947-08-19,Troilo Anibal/1945-1949/Troilo - Yo Te Bendigo - Rivero - 1947.opus
Aníbal Troilo,Yuyo Verde,1945-02-28,Troilo Anibal/1945-1949/Troilo - Yuyo Verde - Ruiz - 1945.opus
Aníbal Troilo,A Pedro Maffia,1953-12-18,Troilo Anibal/1950-1954/Troilo - A Pedro Maffia - Instrumental - 1953.opus
Aníbal Troilo,Amigazo,1952-03-28,Troilo Anibal/1950-1954/Troilo - Amigazo - Casal - 1952.opus
Aníbal Troilo,"Araca, Corazón",1952-11-23,"Troilo Anibal/1950-1954/Troilo - Araca, Corazon - Casal - 1952.opus"
Aníbal Troilo,Barrio Viejo,1952-09-11,Troilo Anibal/1950-1954/Troilo - Barrio Viejo - Casal - 1952.opus
Aníbal Troilo,Bien Milonga,1951-06-26,Troilo Anibal/1950-1954/Troilo - Bien Milonga - Instrumental - 1951.opus
Aníbal Troilo,Buenos Aires,1952-03-20,Troilo Anibal/1950-1954/Troilo - Buenos Aires - Casal - 1952.opus
Aníbal Troilo,Carmín,1954-02-12,Troilo Anibal/1950-1954/Troilo - Carmin - Casal - 1954.opus
Aníbal Troilo,Cenizas,1952-05-14,Troilo Anibal/1950-1954/Troilo - Cenizas - Instrumental - 1952.opus
Aníbal Troilo,"Che, Bandoneón",1950-11-24,"Troilo Anibal/1950-1954/Troilo - Che, Bandoneon - Casal - 1950 (1950).opus"
Aníbal Troilo,"Che, Bandoneón",1950-11-24,"Troilo Anibal/1950-1954/Troilo - Che, Bandoneon - Casal - 1950.opus"
Aníbal Troilo,Chiqué,1952-06-05,Troilo Anibal/1950-1954/Troilo - Chique - Instrumental - 1952.opus
Aníbal Troilo,Contrabajeando,1954-02-28,Troilo Anibal/1950-1954/Troilo - Contrabajeando - Instrumental - 1954.opus
Aníbal Troilo,Contratiempo,1952-03-20,Troilo Anibal/1950-1954/Troilo - Contratiempo - Instrumental - 1952.opus
Aníbal Troilo,Corrientes Angosta,1954-04-24,Troilo Anibal/1950-1954/Troilo - Corrientes Angosta - Beron - 1954.opus
Aníbal Troilo,Cualquier Cosa,1952-03-28,Troilo Anibal/1950-1954/Troilo - Cualquier Cosa - Beron - 1952.opus
Aníbal Troilo,De Muy Adentro,1954-04-24,Troilo Anibal/1950-1954/Troilo - De Muy Adentro - Instrumental - 1954.opus
Aníbal Troilo,De Vuelta Al Bulín,1951-06-26,Troilo Anibal/1950-1954/Troilo - De Vuelta Al Bulin - Beron - 1951.opus
Aníbal Troilo,Del Suburbio,1952-09-11,Troilo Anibal/1950-1954/Troilo - Del Suburbio - Casal - 1952.opus
Aníbal Troilo,Diablito,1954-02-28,Troilo Anibal/1950-1954/Troilo - Diablito - Instrumental - 1954.opus
Aníbal Troilo,Discepolín,1951-05-29,Troilo Anibal/1950-1954/Troilo - Discepolin - Beron - 1951.opus
Aníbal Troilo,Don Juan,1954-02-12,Troilo Anibal/1950-1954/Troilo - Don Juan - Instrumental - 1954.opus
Aníbal Troilo,El Choclo,1952-08-18,Troilo Anibal/1950-1954/Troilo - El Choclo - Beron - 1952.opus
Aníbal Troilo,El Entrerriano,1952-08-18,Troilo Anibal/1950-1954/Troilo - El Entrerriano - Instrumental - 1952.opus
Aníbal Troilo,El Marne,1952-03-28,Troilo Anibal/1950-1954/Troilo - El Marne - Instrumental - 1952.opus
Aníbal Troilo,El Monito,1953-03-23,Troilo Anibal/1950-1954/Troilo - El Monito - Instrumental - 1953.opus
Aníbal Troilo,El Patio de la Morocha,1951-03-21,Troilo Anibal/1950-1954/Troilo - El Patio De La Morocha - Casal - 1951.opus
Aníbal Troilo,El Pollo Ricardo,1954-02-28,Troilo Anibal/1950-1954/Troilo - El Pollo Ricardo - Instrumental - 1954.opus
Aníbal Troilo,Flor Campera,1952-06-05,Troilo Anibal/1950-1954/Troilo - Flor Campera - Casal - 1952.opus
Aníbal Troilo,Fuegos Artificiales,1952-08-07,Troilo Anibal/1950-1954/Troilo - Fuegos Artificiales - Instrumental - 1952.opus
Aníbal Troilo,Inspiración,1951-07-30,Troilo Anibal/1950-1954/Troilo - Inspiracion - Instrumental - 1951.opus
Aníbal Troilo,Inspiración,1952-12-12,Troilo Anibal/1950-1954/Troilo - Inspiracion - Instrumental - 1952.opus
Aníbal Troilo,La Cachila,1953-08-05,Troilo Anibal/1950-1954/Troilo - La Cachila - Instrumental - 1953.opus
Aníbal Troilo,La Cantina,1954-04-29,Troilo Anibal/1950-1954/Troilo - La Cantina - Casal - 1954.opus
Aníbal Troilo,La Chiflada,1954-09-06,Troilo Anibal/1950-1954/Troilo - La Chiflada - Instrumental - 1954.opus
Aníbal Troilo,La Cumparsita,1951-07-30,Troilo Anibal/1950-1954/Troilo - La Cumparsita - Instrumental - 1951.opus
Aníbal Troilo,La Cumparsita,1952-12-12,Troilo Anibal/1950-1954/Troilo - La Cumparsita - Instrumental - 1952.opus
Aníbal Troilo,La Mentirosa,1952-12-12,Troilo Anibal/1950-1954/Troilo - La Mentirosa - Casal - 1952.opus
Aníbal Troilo,La Trampera,1951-04-18,Troilo Anibal/1950-1954/Troilo - La Trampera - Instrumental - 1951.opus
Aníbal Troilo,La Violeta,1951-07-30,Troilo Anibal/1950-1954/Troilo - La Violeta - Casal - 1951.opus
Aníbal Troilo,Los Cosos de Al Lao,1954-09-06,Troilo Anibal/1950-1954/Troilo - Los Cosos De Al Lao - Casal - 1954.opus
Aníbal Troilo,Malena,1952-08-18,Troilo Anibal/1950-1954/Troilo - Malena - Beron - 1952.opus
Aníbal Troilo,Mano Brava,1952-09-11,Troilo Anibal/1950-1954/Troilo - Mano Brava - Instrumental - 1952.opus
Aníbal Troilo,Medianoche,1952-05-08,Troilo Anibal/1950-1954/Troilo - Medianoche - Beron - 1952.opus
Aníbal Troilo,Mensaje,1953-03-23,Troilo Anibal/1950-1954/Troilo - Mensaje - Beron - 1953.opus
Aníbal Troilo,Mi Vieja Viola,1951-02-19,Troilo Anibal/1950-1954/Troilo - Mi Vieja Viola - Casal - 1951.opus
Aníbal Troilo,Milonga del Mayoral,1953-09-22,Troilo Anibal/1950-1954/Troilo - Milonga del Mayoral - Casal y Beron - 1953.opus
Aníbal Troilo,N.P.,1951-04-18,Troilo Anibal/1950-1954/Troilo - NP - Beron - 1951.opus
Aníbal Troilo,Ojos Negros,1953-07-28,Troilo Anibal/1950-1954/Troilo - Ojos Negros - Instrumental - 1953.opus
Aníbal Troilo,Orlando Goñi,1952-08-18,Troilo Anibal/1950-1954/Troilo - Orlando Goni - Instrumental - 1952.opus
Aníbal Troilo,Palomita Blanca,1953-08-05,Troilo Anibal/1950-1954/Troilo - Palomita Blanca - Instrumental - 1953.opus
Aníbal Troilo,Para Lucirse,1950-11-24,Troilo Anibal/1950-1954/Troilo - Para Lucirse - Instrumental - 1950.opus
Aníbal Troilo,Patio Mío,1953-09-22,Troilo Anibal/1950-1954/Troilo - Patio Mio - Casal - 1953.opus
Aníbal Troilo,Pero Yo Sé,1954-04-29,Troilo Anibal/1950-1954/Troilo - Pero Yo Se - Beron - 1954.opus
Aníbal Troilo,Prepárense,1951-03-21,Troilo Anibal/1950-1954/Troilo - Preparense - Instrumental - 1951.opus
Aníbal Troilo,Quejas de Bandoneón,1952-03-28,Troilo Anibal/1950-1954/Troilo - Quejas De Bandoneon - Instrumental - 1952.opus
Aníbal Troilo,Responso,1951-05-29,Troilo Anibal/1950-1954/Troilo - Responso - Instrumental - 1951.opus
Aníbal Troilo,Selección de Francisco Canaro,1952-08-18,Troilo Anibal/1950-1954/Troilo - Seleccion De Francisco Canaro - Instrumental - 1952.opus
Aníbal Troilo,Sobre el Pucho,1953-12-18,Troilo Anibal/1950-1954/Troilo - Sobre El Pucho - Instrumental - 1953.opus
Aníbal Troilo,Tanguango,1951-07-30,Troilo Anibal/1950-1954/Troilo - Tanguango - Instrumental - 1951.opus
Aníbal Troilo,Taquito Militar,1954-09-06,Troilo Anibal/1950-1954/Troilo - Taquito Militar - Instrumental - 1954.opus
Aníbal Troilo,Tata No Quiero,1951-02-19,Troilo Anibal/1950-1954/Troilo - Tata No Quiero - Calderon - 1951.opus
Aníbal Troilo,Tecleando,1952-05-08,Troilo Anibal/1950-1954/Troilo - Tecleando - Instrumental - 1952.opus
Aníbal Troilo,Triunfal,1953-03-23,Troilo Anibal/1950-1954/Troilo - Triunfal - Instrumental - 1953.opus
Aníbal Troilo,Un Momento,1951-07-30,Troilo Anibal/1950-1954/Troilo - Un Momento - Beron - 1951.opus
Aníbal Troilo,Un Placer,1954-02-28,Troilo Anibal/1950-1954/Troilo - Un Placer - Instrumental - 1954.opus
Aníbal Troilo,Un Tango Para Esthercita,1954-08-27,Troilo Anibal/1950-1954/Troilo - Un Tango Para Esthercita - Beron - 1954.opus
Aníbal Troilo,Una Canción,1953-05-19,Troilo Anibal/1950-1954/Troilo - Una Cancion - Casal - 1953.opus
Aníbal Troilo,Uno,1952-05-14,Troilo Anibal/1950-1954/Troilo - Uno - Casal - 1952.opus
Aníbal Troilo,Ventanita de Arrabal,1952-08-07,Troilo Anibal/1950-1954/Troilo - Ventanita De Arrabal - Casal - 1952.opus
Aníbal Troilo,Vuelve la Serenata,1953-03-23,Troilo Anibal/1950-1954/Troilo - Vuelve La Serenata - Casal y Beron - 1953.opus
Aníbal Troilo,A Fuego Lento,1955-09-13,Troilo Anibal/1955-1959/Troilo - A Fuego Lento - Instrumental - 1955.opus
Aníbal Troilo,A la Guardia Nueva,1955-05-16,Troilo Anibal/1955-1959/Troilo - A la Guardia Nueva - Instrumental - 1955.opus
Aníbal Troilo,Aguántate Casimiro,1958-12-23,Troilo Anibal/1955-1959/Troilo - Aguantate Casimiro - Goyeneche - 1958.opus
Aníbal Troilo,Aquel Tapado de Armiño,1958-12-23,Troilo Anibal/1955-1959/Troilo - Aquel Tapado de Armino - Cardenas - 1958.opus
Aníbal Troilo,Bandoneón Arrabalero,1956-09-07,Troilo Anibal/1955-1959/Troilo - Bandoneon Arrabalero - Goyeneche - 1956.opus
Aníbal Troilo,Barrio Pobre,1958-12-23,Troilo Anibal/1955-1959/Troilo - Barrio Pobre - Goyeneche - 1958.opus
Aníbal Troilo,Calla,1956-09-07,Troilo Anibal/1955-1959/Troilo - Calla - Goyeneche - 1956.opus
Aníbal Troilo,Callejón,1956-11-09,Troilo Anibal/1955-1959/Troilo - Callejon - Cardenas - 1956.opus
Aníbal Troilo,Cantor de Mi Barrio,1956-11-09,Troilo Anibal/1955-1959/Troilo - Cantor De Mi Barrio - Goyeneche - 1956.opus
Aníbal Troilo,Chuzas,1956-09-07,Troilo Anibal/1955-1959/Troilo - Chuzas - Cardenas - 1956.opus
Aníbal Troilo,Color de Rosa,1956-07-18,Troilo Anibal/1955-1959/Troilo - Color De Rosa - Instrumental - 1956.opus
Aníbal Troilo,Corralera,1956-08-10,Troilo Anibal/1955-1959/Troilo - Corralera - Instrumental - 1956.opus
Aníbal Troilo,Danzarín,1958-12-05,Troilo Anibal/1955-1959/Troilo - Danzarin - Instrumental - 1958.opus
Aníbal Troilo,El Abrojito,1955-09-16,Troilo Anibal/1955-1959/Troilo - El Abrojito - Instrumental - 1955.opus
Aníbal Troilo,El Cantor de Buenos Aires,1955-07-14,Troilo Anibal/1955-1959/Troilo - El Cantor De Buenos Aires - Olmedo - 1955.opus
Aníbal Troilo,El Irresistible,1955-07-07,Troilo Anibal/1955-1959/Troilo - El Irresistible - Instrumental - 1955.opus
Aníbal Troilo,El Metejón,1958-12-16,Troilo Anibal/1955-1959/Troilo - El Metejon - Goyeneche - 1958.opus
Aníbal Troilo,Fraternal,1956-11-02,Troilo Anibal/1955-1959/Troilo - Fraternal - Instrumental - 1956.opus
Aníbal Troilo,Inspiración,1957-09-25,Troilo Anibal/1955-1959/Troilo - Inspiracion - Instrumental - 1957.opus
Aníbal Troilo,Intermezzo,1955-07-14,Troilo Anibal/1955-1959/Troilo - Intermezzo - Instrumental - 1955.opus
Aníbal Troilo,Ivette,1955-09-13,Troilo Anibal/1955-1959/Troilo - Ivette - Beron - 1955.opus
Aníbal Troilo,La Bordona,1958-05-06,Troilo Anibal/1955-1959/Troilo - La Bordona - Instrumental - 1958.opus
Aníbal Troilo,La Calesita,1958-05-06,Troilo Anibal/1955-1959/Troilo - La Calesita - Goyeneche y Cardenas - 1958.opus
Aníbal Troilo,La Cumparsita,1955-04-21,Troilo Anibal/1955-1959/Troilo - La Cumparsita - Instrumental - 1955.opus
Aníbal Troilo,La Flor de la Canela,1957-07-10,Troilo Anibal/1955-1959/Troilo - La Flor de la Canela - Goyeneche y Cardenas - 1957.opus
Aníbal Troilo,La Última Curda,1956-08-08,Troilo Anibal/1955-1959/Troilo - La Ultima Curda - Rivero - 1956.opus
Aníbal Troilo,La Vuelta de Montonero,1958-12-15,Troilo Anibal/1955-1959/Troilo - La Vuelta De Montonero - Cardenas - 1958.opus
Aníbal Troilo,Lo Que Vendrá,1957-09-24,Troilo Anibal/1955-1959/Troilo - Lo Que Vendra - Instrumental - 1957.opus
Aníbal Troilo,Lo Que Vos Te Mereces,1957-07-10,Troilo Anibal/1955-1959/Troilo - Lo Que Vos Te Mereces - Goyeneche - 1957.opus
Aníbal Troilo,Malón de Ausencia,1958-12-16,Troilo Anibal/1955-1959/Troilo - Malon de Ausencia - Goyeneche y Cardenas - 1958.opus
Aníbal Troilo,Marinera,1959-06-04,Troilo Anibal/1955-1959/Troilo - Marinera - Cardenas - 1959.opus
Aníbal Troilo,Mi Refugio,1955-05-16,Troilo Anibal/1955-1959/Troilo - Mi Refugio - Instrumental - 1955.opus
Aníbal Troilo,Milonga Que Peina Canas,1956-11-09,Troilo Anibal/1955-1959/Troilo - Milonga Que Peina Canas - Goyeneche - 1956.opus
Aníbal Troilo,Ni Mas Ni Menos,1958-12-23,Troilo Anibal/1955-1959/Troilo - Ni Mas Ni Menos - Cardenas - 1958.opus
Aníbal Troilo,Nunca Tuvo Novia,1955-04-21,Troilo Anibal/1955-1959/Troilo - Nunca Tuvo Novia - Instrumental - 1955.opus
Aníbal Troilo,Pablo,1956-09-07,Troilo Anibal/1955-1959/Troilo - Pablo - Instrumental - 1956.opus
Aníbal Troilo,Que Me Importa Tu Pasado,1958-12-16,Troilo Anibal/1955-1959/Troilo - Que Me Importa Tu Pasado - Cardenas - 1958.opus
Aníbal Troilo,Qué Risa,1956-11-09,Troilo Anibal/1955-1959/Troilo - Que Risa - Cardenas - 1956.opus
Aníbal Troilo,Quejas de Bandoneón,1958-12-16,Troilo Anibal/1955-1959/Troilo - Quejas De Bandoneon - Instrumental - 1958.opus
Aníbal Troilo,Quién,1956-07-18,Troilo Anibal/1955-1959/Troilo - Quien - Cardenas - 1956.opus
Aníbal Troilo,Recordándote,1955-07-07,Troilo Anibal/1955-1959/Troilo - Recordandote - Olmedo - 1955.opus
Aníbal Troilo,Retirao,1957-07-10,Troilo Anibal/1955-1959/Troilo - Retirao - Instrumental - 1957.opus
Aníbal Troilo,San Pedro y San Pablo,1959-06-04,Troilo Anibal/1955-1959/Troilo - San Pedro Y San Pablo - Goyeneche - 1959.opus
Aníbal Troilo,Sur,1956-08-08,Troilo Anibal/1955-1959/Troilo - Sur - Rivero - 1956.opus
Aníbal Troilo,Taconeando,1955-09-16,Troilo Anibal/1955-1959/Troilo - Taconeando - Instrumental - 1955.opus
Aníbal Troilo,Te Llaman Malevo,1957-07-10,Troilo Anibal/1955-1959/Troilo - Te Llaman Malevo - Cardenas - 1957.opus
Aníbal Troilo,Un Boliche,1958-12-15,Troilo Anibal/1955-1959/Troilo - Un Boliche - Goyeneche - 1958.opus
Aníbal Troilo,"Vamos, Vamos Zaino Viejo",1956-11-02,"Troilo Anibal/1955-1959/Troilo - Vamos, Vamos Zaino Viejo - Cardenas - 1956.opus"
Aníbal Troilo,Viejo Baldío,1956-08-10,Troilo Anibal/1955-1959/Troilo - Viejo Baldio - Lozano - 1956.opus
Aníbal Troilo,A Homero,1961-08-18,Troilo Anibal/1960-1964/Troilo - A Homero - Goyeneche - 1961.opus
Aníbal Troilo,A Mí No Me Hablen de Tango,1963-04-23,Troilo Anibal/1960-1964/Troilo - A Mi No Me Hablen De Tango - Goyeneche - 1963.opus
Aníbal Troilo,A Mis Viejos,1963-04-09,Troilo Anibal/1960-1964/Troilo - A Mis Viejos - Instrumental - 1963.opus
Aníbal Troilo,Amores de Estudiante,1963-06-18,Troilo Anibal/1960-1964/Troilo - Amores De Estudiante - Rufino - 1963.opus
Aníbal Troilo,B. B.,1963-04-17,Troilo Anibal/1960-1964/Troilo - B. B. - Instrumental - 1963.opus
Aníbal Troilo,Barrio de Tango,1964-02-03,Troilo Anibal/1960-1964/Troilo - Barrio De Tango - Vazquez - 1964.opus
Aníbal Troilo,Cachirliando,1962-01-09,Troilo Anibal/1960-1964/Troilo - Cachirliando - Beron - 1962.opus
Aníbal Troilo,Cómo Se Pianta la Vida,1963-04-24,Troilo Anibal/1960-1964/Troilo - Como Se Pianta La Vida - Goyeneche - 1963.opus
Aníbal Troilo,Coplas,1962-02-10,Troilo Anibal/1960-1964/Troilo - Coplas - Goyeneche y Beron - 1962.opus
Aníbal Troilo,Danzarín,1963-04-17,Troilo Anibal/1960-1964/Troilo - Danzarin - Instrumental - 1963.opus
Aníbal Troilo,Desencuentro,1962-02-09,Troilo Anibal/1960-1964/Troilo - Desencuentro - Beron - 1962.opus
Aníbal Troilo,Desencuentro,1963-06-05,Troilo Anibal/1960-1964/Troilo - Desencuentro - Rufino - 1963.opus
Aníbal Troilo,El Metejón,1963-06-05,Troilo Anibal/1960-1964/Troilo - El Metejon - Goyeneche - 1963.opus
Aníbal Troilo,El Motivo,1961-08-18,Troilo Anibal/1960-1964/Troilo - El Motivo - Goyeneche - 1961.opus
Aníbal Troilo,Frente Al Mar,1963-04-23,Troilo Anibal/1960-1964/Troilo - Frente Al Mar - Rufino - 1963.opus
Aníbal Troilo,Garúa,1962-01-09,Troilo Anibal/1960-1964/Troilo - Garua - Goyeneche - 1962.opus
Aníbal Troilo,Ivette,1962-08-27,Troilo Anibal/1960-1964/Troilo - Ivette - Instrumental - 1962.opus
Aníbal Troilo,La Bordona,1962-01-09,Troilo Anibal/1960-1964/Troilo - La Bordona - Instrumental - 1962.opus
Aníbal Troilo,La Bordona,1963-04-16,Troilo Anibal/1960-1964/Troilo - La Bordona - Instrumental - 1963.opus
Aníbal Troilo,La Cumparsita,1963-04-09,Troilo Anibal/1960-1964/Troilo - La Cumparsita - Instrumental - 1963.opus
Aníbal Troilo,La Maleva,1962-08-27,Troilo Anibal/1960-1964/Troilo - La Maleva - Instrumental - 1962.opus
Aníbal Troilo,La Tablada,1962-08-21,Troilo Anibal/1960-1964/Troilo - La Tablada - Instrumental - 1962.opus
Aníbal Troilo,La Trampera,1962-08-21,Troilo Anibal/1960-1964/Troilo - La Trampera - Instrumental - 1962.opus
Aníbal Troilo,La Última Curda,1963-05-07,Troilo Anibal/1960-1964/Troilo - La Ultima Curda - Goyeneche - 1963.opus
Aníbal Troilo,Las Carretas,1964-02-03,Troilo Anibal/1960-1964/Troilo - Las Carretas - Reyes - 1964.opus
Aníbal Troilo,Lo Que Vendrá,1963-04-05,Troilo Anibal/1960-1964/Troilo - Lo Que Vendra - Instrumental - 1963.opus
Aníbal Troilo,Madame Ivonne,1962-08-21,Troilo Anibal/1960-1964/Troilo - Madame Ivonne - Instrumental - 1962.opus
Aníbal Troilo,Madreselva,1964-02-03,Troilo Anibal/1960-1964/Troilo - Madreselva - Vazquez - 1964.opus
Aníbal Troilo,Maipo,1962-09-13,Troilo Anibal/1960-1964/Troilo - Maipo - Instrumental - 1962.opus
Aníbal Troilo,María,1963-05-07,Troilo Anibal/1960-1964/Troilo - Maria - Rufino - 1963.opus
Aníbal Troilo,Melancólico,1961-08-18,Troilo Anibal/1960-1964/Troilo - Melancolico - Instrumental - 1961.opus
Aníbal Troilo,Melancólico,1963-04-16,Troilo Anibal/1960-1964/Troilo - Melancolico - Instrumental - 1963.opus
Aníbal Troilo,Mi Luna,1961-08-23,Troilo Anibal/1960-1964/Troilo - Mi Luna - Goyeneche - 1961.opus
Aníbal Troilo,Mi Noche Triste,1962-08-21,Troilo Anibal/1960-1964/Troilo - Mi Noche Triste - Instrumental - 1962.opus
Aníbal Troilo,Mi Vieja Viola,1964-02-03,Troilo Anibal/1960-1964/Troilo - Mi Vieja Viola - Reyes - 1964.opus
Aníbal Troilo,Mi Viejo Reloj,1963-06-11,Troilo Anibal/1960-1964/Troilo - Mi Viejo Reloj - Instrumental - 1963.opus
Aníbal Troilo,Ninguna,1963-04-24,Troilo Anibal/1960-1964/Troilo - Ninguna - Rufino - 1963.opus
Aníbal Troilo,Nocturna,1961-08-18,Troilo Anibal/1960-1964/Troilo - Nocturna - Instrumental - 1961.opus
Aníbal Troilo,Nocturna,1963-04-16,Troilo Anibal/1960-1964/Troilo - Nocturna - Instrumental - 1963.opus
Aníbal Troilo,Nostálgico,1963-04-17,Troilo Anibal/1960-1964/Troilo - Nostalgico - Instrumental - 1963.opus
Aníbal Troilo,Nunca Tuvo Novio,1962-12-03,Troilo Anibal/1960-1964/Troilo - Nunca Tuvo Novio - Instrumental - 1962.opus
Aníbal Troilo,Pa' Que Bailen los Muchachos,1963-06-18,Troilo Anibal/1960-1964/Troilo - Pa' Que Bailen Los Muchachos - Goyeneche - 1963.opus
Aníbal Troilo,Pa' Que Bailen los Muchachos,1962-09-13,Troilo Anibal/1960-1964/Troilo - Pa' Que Bailen Los Muchachos - Instrumental - 1962.opus
Aníbal Troilo,Por Qué la Quise Tanto,1963-06-05,Troilo Anibal/1960-1964/Troilo - Por Que La Quise Tanto - Rufino - 1963.opus
Aníbal Troilo,Qué Falta Que Me Hacés,1964-12-22,Troilo Anibal/1960-1964/Troilo - Que Falta Que Me Haces - Rufino - 1964.opus
Aníbal Troilo,Quién Lo Habría de Pensar,1963-05-14,Troilo Anibal/1960-1964/Troilo - Quien Lo Habria De Pensar - Rufino - 1963.opus
Aníbal Troilo,Quiero Huir de Mi,1963-05-14,Troilo Anibal/1960-1964/Troilo - Quiero Huir De Mi - Goyeneche y Rufino - 1963.opus
Aníbal Troilo,Recordando a Discepolo,1963-04-05,Troilo Anibal/1960-1964/Troilo - Recordando a Discepolo - Instrumental - 1963.opus
Aníbal Troilo,Responso,1963-04-05,Troilo Anibal/1960-1964/Troilo - Responso - Instrumental - 1963.opus
Aníbal Troilo,San Pedro y San Pablo,1963-06-11,Troilo Anibal/1960-1964/Troilo - San Pedro Y San Pablo - Goyeneche - 1963.opus
Aníbal Troilo,Silbando,1962-08-27,Troilo Anibal/1960-1964/Troilo - Silbando - Instrumental - 1962.opus
Aníbal Troilo,Tamar,1963-06-05,Troilo Anibal/1960-1964/Troilo - Tamar - Goyeneche - 1963.opus
Aníbal Troilo,Tierrita,1961-08-22,Troilo Anibal/1960-1964/Troilo - Tierrita - Instrumental - 1961.opus
Aníbal Troilo,Tierrita,1963-04-09,Troilo Anibal/1960-1964/Troilo - Tierrita - Instrumental - 1963.opus
Aníbal Troilo,Y a Mí Qué,1962-02-09,Troilo Anibal/1960-1964/Troilo - Y a Mi Que - Beron - 1962.opus
Aníbal Troilo,Yo Soy del 30,1964-12-22,Troilo Anibal/1960-1964/Troilo - Yo Soy Del 30 - Reyes - 1964.opus
Aníbal Troilo,A Pedro Maffia,1968-09-11,Troilo Anibal/1965-1969/Troilo - A Pedro Maffia - Instrumental - 1968.opus
Aníbal Troilo,Adiós Nonino,1966-12-06,Troilo Anibal/1965-1969/Troilo - Adios Nonino - Instrumental - 1966.opus
Aníbal Troilo,Alma de Bohemio,1965-12-10,Troilo Anibal/1965-1969/Troilo - Alma De Bohemio - Vazquez - 1965.opus
Aníbal Troilo,Amanece,1968-12-06,Troilo Anibal/1965-1969/Troilo - Amanece - Goyeneche - 1968.opus
Aníbal Troilo,Apenas Marielena,1968-11-28,Troilo Anibal/1965-1969/Troilo - Apenas Marielena - Goyeneche - 1968.opus
Aníbal Troilo,Aquí Nomas,1965-12-16,Troilo Anibal/1965-1969/Troilo - Aqui Nomas - Reyes - 1965.opus
Aníbal Troilo,Bailarín Compadrito,1966-12-06,Troilo Anibal/1965-1969/Troilo - Bailarin Compadrito - Reyes - 1966.opus
Aníbal Troilo,Buenos Aires,1965-12-30,Troilo Anibal/1965-1969/Troilo - Buenos Aires - Reyes - 1965.opus
Aníbal Troilo,Canción de Ave María,1965-09-24,Troilo Anibal/1965-1969/Troilo - Cancion de Ave Maria - Vazquez - 1965.opus
Aníbal Troilo,Che Buenos Aires,1969-08-12,Troilo Anibal/1965-1969/Troilo - Che Buenos Aires - Instrumental - 1969.opus
Aníbal Troilo,"Che, Bandoneón",1965-11-25,"Troilo Anibal/1965-1969/Troilo - Che, Bandoneon - Reyes - 1965.opus"
Aníbal Troilo,Chumbicha,1966-04-01,Troilo Anibal/1965-1969/Troilo - Chumbicha - Instrumental - 1966.opus
Aníbal Troilo,Cielo de Cometas,1968-11-28,Troilo Anibal/1965-1969/Troilo - Cielo de Cometas - Goyeneche - 1968.opus
Aníbal Troilo,Color Tango,1967-09-20,Troilo Anibal/1965-1969/Troilo - Color Tango - Instrumental - 1967.opus
Aníbal Troilo,Compadrita Mía,1966-04-13,Troilo Anibal/1965-1969/Troilo - Compadrita Mia - Instrumental - 1966.opus
Aníbal Troilo,"Dale, Tango",1966-04-18,"Troilo Anibal/1965-1969/Troilo - Dale, Tango - Reyes - 1966.opus"
Aníbal Troilo,De Puro Guapo,1967-11-29,Troilo Anibal/1965-1969/Troilo - De Puro Guapo - Instrumental - 1967.opus
Aníbal Troilo,Decime Dios Dónde Estás,1965-10-01,Troilo Anibal/1965-1969/Troilo - Decime Dios Donde Estas - Reyes - 1965.opus
Aníbal Troilo,Del Barrio de las Latas,1968-08-05,Troilo Anibal/1965-1969/Troilo - Del Barrio De Las Latas - Instrumental - 1968.opus
Aníbal Troilo,Dicha Pasada,1965-01-07,Troilo Anibal/1965-1969/Troilo - Dicha Pasada - Reyes - 1965.opus
Aníbal Troilo,Don Juan,1967-10-18,Troilo Anibal/1965-1969/Troilo - Don Juan - Instrumental - 1967.opus
Aníbal Troilo,El Africano,1967-10-08,Troilo Anibal/1965-1969/Troilo - El Africano - Instrumental - 1967.opus
Aníbal Troilo,El Baqueano,1969-09-12,Troilo Anibal/1965-1969/Troilo - El Baqueano - Instrumental - 1969.opus
Aníbal Troilo,El Conventillo,1965-11-12,Troilo Anibal/1965-1969/Troilo - El Conventillo - Reyes - 1965.opus
Aníbal Troilo,El Irresistible,1967-12-06,Troilo Anibal/1965-1969/Troilo - El Irresistible - Instrumental - 1967.opus
Aníbal Troilo,El Marne,1967-11-29,Troilo Anibal/1965-1969/Troilo - El Marne - Instrumental - 1967.opus
Aníbal Troilo,El Motivo,1965-12-16,Troilo Anibal/1965-1969/Troilo - El Motivo - Reyes - 1965.opus
Aníbal Troilo,El Último Farol,1969-07-30,Troilo Anibal/1965-1969/Troilo - El Ultimo Farol - Reyes - 1969.opus
Aníbal Troilo,El Último Guapo,1966-04-13,Troilo Anibal/1965-1969/Troilo - El Ultimo Guapo - Reyes - 1966.opus
Aníbal Troilo,Galleguita,1965-12-23,Troilo Anibal/1965-1969/Troilo - Galleguita - Vazquez - 1965.opus
Aníbal Troilo,Golondrinas,1965-10-01,Troilo Anibal/1965-1969/Troilo - Golondrinas - Vazquez - 1965.opus
Aníbal Troilo,La Cumparsita,1968-09-11,Troilo Anibal/1965-1969/Troilo - La Cumparsita - Instrumental - 1968.opus
Aníbal Troilo,La Esquina Cualquiera,1968-12-04,Troilo Anibal/1965-1969/Troilo - La esquina cualquiera - Goyeneche - 1968.opus
Aníbal Troilo,La Milonga y Yo,1969-10-10,Troilo Anibal/1965-1969/Troilo - La Milonga Y Yo - Reyes - 1969.opus
Aníbal Troilo,La Tablada,1968-08-05,Troilo Anibal/1965-1969/Troilo - La Tablada - Instrumental - 1968.opus
Aníbal Troilo,La Trampera,1969-07-30,Troilo Anibal/1965-1969/Troilo - La trampera - Instrumental - 1969.opus
Aníbal Troilo,La Trilla,1969-08-12,Troilo Anibal/1965-1969/Troilo - La Trilla - Instrumental - 1969.opus
Aníbal Troilo,La Última Curda,1969-07-30,Troilo Anibal/1965-1969/Troilo - La ultima curda - Instrumental - 1969.opus
Aníbal Troilo,Las Arrugas de Mi Frente,1965-12-10,Troilo Anibal/1965-1969/Troilo - Las Arrugas De Mi Frente - Reyes - 1965.opus
Aníbal Troilo,Los Cosos de Al Lao,1965-01-13,Troilo Anibal/1965-1969/Troilo - Los Cosos De Al Lao - Reyes - 1965.opus
Aníbal Troilo,Los Mareados,1967-08-10,Troilo Anibal/1965-1969/Troilo - Los Mareados - Instrumental - 1967.opus
Aníbal Troilo,Los Mareados,1968-09-11,Troilo Anibal/1965-1969/Troilo - Los Mareados - Instrumental - 1968.opus
Aníbal Troilo,"Más Allá, Bandoneón",1967-08-10,"Troilo Anibal/1965-1969/Troilo - Mas Alla, Bandoneon - Instrumental - 1967.opus"
Aníbal Troilo,Mensaje,1965-01-04,Troilo Anibal/1965-1969/Troilo - Mensaje - Rufino - 1965.opus
Aníbal Troilo,Mi Viejo el Remendón,1965-11-12,Troilo Anibal/1965-1969/Troilo - Mi Viejo El Remendon - Reyes - 1965.opus
Aníbal Troilo,Mi Viejo Reloj,1965-01-07,Troilo Anibal/1965-1969/Troilo - Mi Viejo Reloj - Instrumental - 1965.opus
Aníbal Troilo,Milonga de la Parda,1969-07-30,Troilo Anibal/1965-1969/Troilo - Milonga De La Parda - Reyes - 1969.opus
Aníbal Troilo,Milonguero Triste,1965-01-04,Troilo Anibal/1965-1969/Troilo - Milonguero Triste - Instrumental - 1965.opus
Aníbal Troilo,Milonguero Triste,1969-07-30,Troilo Anibal/1965-1969/Troilo - Milonguero triste - Instrumental - 1969.opus
Aníbal Troilo,Milonguita,1965-01-13,Troilo Anibal/1965-1969/Troilo - Milonguita - Vazquez - 1965.opus
Aníbal Troilo,Morena,1965-01-13,Troilo Anibal/1965-1969/Troilo - Morena - Instrumental - 1965.opus
Aníbal Troilo,Nocturno a Mi Barrio,1968-08-30,Troilo Anibal/1965-1969/Troilo - Nocturno a mi barrio - Instrumental - 1968.opus
Aníbal Troilo,Nuestro Buenos Aires,1968-11-28,Troilo Anibal/1965-1969/Troilo - Nuestro Buenos Aires - Goyeneche - 1968.opus
Aníbal Troilo,Orlando Goñi,1965-01-19,Troilo Anibal/1965-1969/Troilo - Orlando Goni - Instrumental - 1965.opus
Aníbal Troilo,Otra Vez Esthercita,1968-12-04,Troilo Anibal/1965-1969/Troilo - Otra vez Esthercita - Goyeneche - 1968.opus
Aníbal Troilo,Pablo,1968-08-05,Troilo Anibal/1965-1969/Troilo - Pablo - Instrumental - 1968.opus
Aníbal Troilo,Palermo en Octubre,1968-11-28,Troilo Anibal/1965-1969/Troilo - Palermo en Octubre - Goyeneche - 1968.opus
Aníbal Troilo,Para Poder Volver,1968-12-06,Troilo Anibal/1965-1969/Troilo - Para Poder Volver - Goyeneche - 1968.opus
Aníbal Troilo,Patio Mío,1965-01-04,Troilo Anibal/1965-1969/Troilo - Patio Mio - Vazquez - 1965.opus
Aníbal Troilo,Payadora,1966-04-18,Troilo Anibal/1965-1969/Troilo - Payadora - Instrumental - 1966.opus
Aníbal Troilo,Pichuqueando,1966-04-13,Troilo Anibal/1965-1969/Troilo - Pichuqueando - Instrumental - 1966.opus
Aníbal Troilo,Pico Blanco,1969-09-12,Troilo Anibal/1965-1969/Troilo - Pico Blanco - Instrumental - 1969.opus
Aníbal Troilo,Quédemos Aquí,1965-01-07,Troilo Anibal/1965-1969/Troilo - Quedemos Aqui - Vazquez - 1965.opus
Aníbal Troilo,Racconto,1965-11-25,Troilo Anibal/1965-1969/Troilo - Racconto - Vazquez - 1965.opus
Aníbal Troilo,Recuerdo,1967-08-10,Troilo Anibal/1965-1969/Troilo - Recuerdo - Instrumental - 1967.opus
Aníbal Troilo,Romance de la Ciudad,1968-12-04,Troilo Anibal/1965-1969/Troilo - Romance de la Ciudad - Goyeneche - 1968.opus
Aníbal Troilo,Selección de Tangos de Arola,1967-12-06,Troilo Anibal/1965-1969/Troilo - Seleccion De Tangos De Arola - Instrumental - 1967.opus
Aníbal Troilo,Selección de Tangos de Julio De Caro,1966-12-06,Troilo Anibal/1965-1969/Troilo - Seleccion de Tangos de Julio De Caro - Instrumental - 1966.opus
Aníbal Troilo,Señorita María,1968-12-04,Troilo Anibal/1965-1969/Troilo - Senorita Maria - Goyeneche - 1968.opus
Aníbal Troilo,Siempre No,1965-11-12,Troilo Anibal/1965-1969/Troilo - Siempre No - Vazquez - 1965.opus
Aníbal Troilo,Siga el Corso,1965-01-13,Troilo Anibal/1965-1969/Troilo - Siga El Corso - Rufino - 1965.opus
Aníbal Troilo,Sobre el Pucho,1968-09-11,Troilo Anibal/1965-1969/Troilo - Sobre el pucho - Instrumental - 1968.opus
Aníbal Troilo,Sombras Nada Más,1966-04-01,Troilo Anibal/1965-1969/Troilo - Sombras Nada Mas - Vazquez - 1966.opus
Aníbal Troilo,Tallador,1969-10-10,Troilo Anibal/1965-1969/Troilo - Tallador - Instrumental - 1969.opus
Aníbal Troilo,Tango del Colectivo,1968-12-04,Troilo Anibal/1965-1969/Troilo - Tango del Colectivo - Goyeneche - 1968.opus
Aníbal Troilo,Tanguistoria,1968-12-04,Troilo Anibal/1965-1969/Troilo - Tanguistoria - Goyeneche - 1968.opus
Aníbal Troilo,Te Llaman Malevo,1965-10-01,Troilo Anibal/1965-1969/Troilo - Te Llaman Malevo - Reyes - 1965.opus
Aníbal Troilo,Tema Otoñal,1967-08-20,Troilo Anibal/1965-1969/Troilo - Tema Otonal - Instrumental - 1967.opus
Aníbal Troilo,Toda Mi Vida,1968-08-05,Troilo Anibal/1965-1969/Troilo - Toda Mi Vida - Instrumental - 1968.opus
Aníbal Troilo,Trasnoche de Ilusión,1965-11-12,Troilo Anibal/1965-1969/Troilo - Trasnoche De Ilusion - Vazquez - 1965.opus
Aníbal Troilo,Tu Vuelta,1965-10-01,Troilo Anibal/1965-1969/Troilo - Tu Vuelta - Vazquez - 1965.opus
Aníbal Troilo,Un Tango Para el Recuerdo,1965-12-23,Troilo Anibal/1965-1969/Troilo - Un Tango Para El Recuerdo - Reyes - 1965.opus
Aníbal Troilo,Vals del Jamás,1965-12-30,Troilo Anibal/1965-1969/Troilo - Vals Del Jamas - Vazquez - 1965.opus
Aníbal Troilo,Ventanita de Arrabal,1965-09-24,Troilo Anibal/1965-1969/Troilo - Ventanita De Arrabal - Reyes - 1965.opus
Aníbal Troilo,Verano Porteño,1967-08-10,Troilo Anibal/1965-1969/Troilo - Verano Porteno - Instrumental - 1967.opus
Aníbal Troilo,Yo No Merezco Este Castigo,1966-04-13,Troilo Anibal/1965-1969/Troilo - Yo No Merezco Este Castigo - Vazquez - 1966.opus
Aníbal Troilo,Adiós Bardi,1970-09-28,Troilo Anibal/1970-1974/Troilo - Adios Bardi - Instrumental - 1970.opus
Aníbal Troilo,Bandola Triste,1970-09-14,Troilo Anibal/1970-1974/Troilo - Bandola Triste - Instrumental - 1970.opus
Aníbal Troilo,Barrio de Tango,1971-05-06,Troilo Anibal/1970-1974/Troilo - Barrio De Tango - Goyeneche - 1971.opus
Aníbal Troilo,Corazón de Papel,1971-06-24,Troilo Anibal/1970-1974/Troilo - Corazon De Papel - Goyeneche - 1971.opus
Aníbal Troilo,El Bulín de la Calle Ayacucho,1971-04-24,Troilo Anibal/1970-1974/Troilo - El Bulin De La Calle Ayacucho - Goyeneche - 1971.opus
Aníbal Troilo,En Esta Tarde Gris,1971-05-06,Troilo Anibal/1970-1974/Troilo - En Esta Tarde Gris - Goyeneche - 1971.opus
Aníbal Troilo,Entre Sueños,1970-04-14,Troilo Anibal/1970-1974/Troilo - Entre Suenos - Instrumental - 1970.opus
Aníbal Troilo,Fechoría,1970-09-14,Troilo Anibal/1970-1974/Troilo - Fechoria - Instrumental - 1970.opus
Aníbal Troilo,Fogón de Huella,1971-06-24,Troilo Anibal/1970-1974/Troilo - Fogon De Huella - Goyeneche - 1971.opus
Aníbal Troilo,Fueye,1971-05-06,Troilo Anibal/1970-1974/Troilo - Fueye - Goyeneche - 1971.opus
Aníbal Troilo,La Racha,1970-09-14,Troilo Anibal/1970-1974/Troilo - La Racha - Instrumental - 1970.opus
Aníbal Troilo,La Violeta,1971-06-24,Troilo Anibal/1970-1974/Troilo - La Violeta - Goyeneche - 1971.opus
Aníbal Troilo,Mañanitas de Montmartre,1970-04-14,Troilo Anibal/1970-1974/Troilo - Mananitas De Montmartre - Instrumental - 1970.opus
Aníbal Troilo,Mi Refugio,1970-12-28,Troilo Anibal/1970-1974/Troilo - Mi Refugio - Instrumental - 1970.opus
Aníbal Troilo,Milonga del Corralón,1970-04-14,Troilo Anibal/1970-1974/Troilo - Milonga Del Corralon - Reyes - 1970.opus
Aníbal Troilo,Milontango,1970-11-23,Troilo Anibal/1970-1974/Troilo - Milontango - Instrumental - 1970.opus
Aníbal Troilo,Naipe Marcado,1970-04-14,Troilo Anibal/1970-1974/Troilo - Naipe Marcado - Instrumental - 1970.opus
Aníbal Troilo,Nobleza de Arrabal,1970-09-14,Troilo Anibal/1970-1974/Troilo - Nobleza De Arrabal - Instrumental - 1970.opus
Aníbal Troilo,Ojos Negros,1970-12-21,Troilo Anibal/1970-1974/Troilo - Ojos Negros - Instrumental - 1970.opus
Aníbal Troilo,Pa' Que Bailen los Muchachos,1970-12-21,Troilo Anibal/1970-1974/Troilo - Pa' Que Bailen Los Muchachos - Instrumental - 1970.opus
Aníbal Troilo,Piropos,1970-11-23,Troilo Anibal/1970-1974/Troilo - Piropos - Instrumental - 1970.opus
Aníbal Troilo,Sur,1971-04-26,Troilo Anibal/1970-1974/Troilo - Sur - Goyeneche - 1971.opus
Aníbal Troilo,Tinta Roja,1971-04-26,Troilo Anibal/1970-1974/Troilo - Tinta Roja - Goyeneche - 1971.opus
Aníbal Troilo,Tinta Verde,1970-11-23,Troilo Anibal/1970-1974/Troilo - Tinta Verde - Instrumental - 1970.opus
Aníbal Troilo,Toda Mi Vida,1971-04-24,Troilo Anibal/1970-1974/Troilo - Toda Mi Vida - Goyeneche - 1971.opus
Aníbal Troilo,Tomando Color,1970-12-28,Troilo Anibal/1970-1974/Troilo - Tomando Color - Instrumental - 1970.opus
Aníbal Troilo,Trenzas,1971-06-24,Troilo Anibal/1970-1974/Troilo - Trenzas - Goyeneche - 1971.opus
Aníbal Troilo,Una Canción,1971-05-06,Troilo Anibal/1970-1974/Troilo - Una Cancion - Goyeneche - 1971.opus
Héctor Varela,A la Gran Muñeca,1951-05-28,Varela Hector/1950-1954/Varela - A La Gran Muneca - Instrumental - 1951.opus
Héctor Varela,A Tres Bandas,1952-09-19,Varela Hector/1950-1954/Varela - A Tres Bandas - Instrumental - 1952.opus
Héctor Varela,Aguantalo Si Podés,1953-03-06,Varela Hector/1950-1954/Varela - Aguantalo Si Podes - Instrumental - 1953.opus
Héctor Varela,Anoche a las Dos,1951-11-15,Varela Hector/1950-1954/Varela - Anoche A Las Dos - Laborde - 1951.opus
Héctor Varela,Canaro en París,1952-06-09,Varela Hector/1950-1954/Varela - Canaro En Paris - Instrumental - 1952.opus
Héctor Varela,Champagne Tango,1952-09-19,Varela Hector/1950-1954/Varela - Champagne Tango - Instrumental - 1952.opus
Héctor Varela,Como Tu Cariño,1954-11-25,Varela Hector/1950-1954/Varela - Como Tu Carino - Lesica - 1954.opus
Héctor Varela,Criolla Linda,1951-10-26,Varela Hector/1950-1954/Varela - Criolla Linda - Instrumental - 1951.opus
Héctor Varela,Didí,1954-10-26,Varela Hector/1950-1954/Varela - Didi - Instrumental - 1954.opus
Héctor Varela,Don Juan,1954-11-25,Varela Hector/1950-1954/Varela - Don Juan - Instrumental - 1954.opus
Héctor Varela,Don Orlando,1952-06-13,Varela Hector/1950-1954/Varela - Don Orlando - Instrumental - 1952.opus
Héctor Varela,El Africano,1951-11-15,Varela Hector/1950-1954/Varela - El Africano - Instrumental - 1951.opus
Héctor Varela,El As de los Ases,1952-05-07,Varela Hector/1950-1954/Varela - El As de los Ases - Lesica - 1952.opus
Héctor Varela,El Bulín de la Calle Ayacucho,1951-07-17,Varela Hector/1950-1954/Varela - El Bulin De La Calle Ayacucho - Lesica - 1951.opus
Héctor Varela,El Flete,1952-06-09,Varela Hector/1950-1954/Varela - El Flete - Instrumental - 1952.opus
Héctor Varela,El Fustazo,1953-03-06,Varela Hector/1950-1954/Varela - El Fustazo - Instrumental - 1953.opus
Héctor Varela,El Rápido,1950-12-04,Varela Hector/1950-1954/Varela - El Rapido - Instrumental - 1950.opus
Héctor Varela,Eras Como la Flor,1954-10-26,Varela Hector/1950-1954/Varela - Eras Como La Flor - Ledesma - 1954.opus
Héctor Varela,Farolito Viejo,1950-12-15,Varela Hector/1950-1954/Varela - Farolito Viejo - Laborde - 1950.opus
Héctor Varela,Igual Que Dos Palomas,1953-06-16,Varela Hector/1950-1954/Varela - Igual Que Dos Palomas - Lesica - 1953.opus
Héctor Varela,La Carreta,1951-11-15,Varela Hector/1950-1954/Varela - La Carreta - Lesica - 1951.opus
Héctor Varela,La Chacarera,1952-08-21,Varela Hector/1950-1954/Varela - La Chacarera - Instrumental - 1952.opus
Héctor Varela,La Cumparsita,1954-11-25,Varela Hector/1950-1954/Varela - La Cumparsita - Instrumental - 1954.opus
Héctor Varela,La Taba,1953-06-16,Varela Hector/1950-1954/Varela - La Taba - Instrumental - 1953.opus
Héctor Varela,La Trilla,1950-12-15,Varela Hector/1950-1954/Varela - La Trilla - Instrumental - 1950.opus
Héctor Varela,Llanto de Amor,1952-06-13,Varela Hector/1950-1954/Varela - Llanto de Amor - Instrumental - 1952.opus
Héctor Varela,Los Diablos Rojos,1953-03-06,Varela Hector/1950-1954/Varela - Los Diablos Rojos - Instrumental - 1953.opus
Héctor Varela,Mi Dolor,1953-06-16,Varela Hector/1950-1954/Varela - Mi Dolor - Instrumental - 1953.opus
Héctor Varela,Moneda de Cobre,1953-06-16,Varela Hector/1950-1954/Varela - Moneda De Cobre - Ledesma - 1953.opus
Héctor Varela,Murió el Malevo,1953-06-16,Varela Hector/1950-1954/Varela - Murio el Malevo - Lesica - 1953.opus
Héctor Varela,Noches de Cabaret,1952-05-23,Varela Hector/1950-1954/Varela - Noches de Cabaret - Lesica - 1952.opus
Héctor Varela,Novia Provinciana,1952-08-21,Varela Hector/1950-1954/Varela - Novia Provinciana - Ledesma - 1952.opus
Héctor Varela,Paciencia,1951-10-26,Varela Hector/1950-1954/Varela - Paciencia - Lesica - 1951.opus
Héctor Varela,Patio Porteño,1952-01-03,Varela Hector/1950-1954/Varela - Patio Porteno - Lesica - 1952.opus
Héctor Varela,Prienda,1953-03-06,Varela Hector/1950-1954/Varela - Prienda - Ledesma - 1953.opus
Héctor Varela,Que Sigan Charlando,1952-12-19,Varela Hector/1950-1954/Varela - Que Sigan Charlando - Lesica - 1952.opus
Héctor Varela,Sábado Inglés,1951-07-17,Varela Hector/1950-1954/Varela - Sabado Ingles - Instrumental - 1951.opus
Héctor Varela,Suipacha,1951-11-15,Varela Hector/1950-1954/Varela - Suipacha - Instrumental - 1951.opus
Héctor Varela,Tal Para Cual,1952-06-13,Varela Hector/1950-1954/Varela - Tal Para Cual - Lesica - 1952.opus
Héctor Varela,Tierra Negra,1952-05-07,Varela Hector/1950-1954/Varela - Tierra Negra - Instrumental - 1952.opus
Héctor Varela,Un Bailongo,1950-12-04,Varela Hector/1950-1954/Varela - Un Bailongo - Lesica - 1950.opus
Héctor Varela,Volvé Mi Negra,1953-06-17,Varela Hector/1950-1954/Varela - Volve Mi Negra - Lesica - 1953.opus
Héctor Varela,Y No Te Voy a Llorar,1953-11-19,Varela Hector/1950-1954/Varela - Y No Te Voy A Llorar - Ledesma - 1953.opus
Héctor Varela,Yo También,1952-12-19,Varela Hector/1950-1954/Varela - Yo Tambien - Ledesma - 1952.opus
Héctor Varela,Yuyo Brujo,1951-05-28,Varela Hector/1950-1954/Varela - Yuyo Brujo - Laborde - 1951.opus
Héctor Varela,A Media Luz,1955-11-01,Varela Hector/1955-1959/Varela - A Media Luz - Lesica - 1955.opus
Héctor Varela,A Mis Manos,1955-05-19,Varela Hector/1955-1959/Varela - A Mis Manos - Ledesma - 1955.opus
Héctor Varela,Abran Cancha,1955-03-29,Varela Hector/1955-1959/Varela - Abran Cancha - Instrumental - 1955.opus
Héctor Varela,Algo Inolvidable,1958-06-16,Varela Hector/1955-1959/Varela - Algo Inolvidable - Instrumental - 1958.opus
Héctor Varela,Amor de Chiquilina,1959-08-21,Varela Hector/1955-1959/Varela - Amor de Chiquilina - Herrera - 1959.opus
Héctor Varela,Caracoleando,1958-06-26,Varela Hector/1955-1959/Varela - Caracoleando - Instrumental - 1958.opus
Héctor Varela,Cariñito,1958-07-17,Varela Hector/1955-1959/Varela - Carinito - Herrera - 1958.opus
Héctor Varela,Derecho Viejo,1957-03-29,Varela Hector/1955-1959/Varela - Derecho Viejo - Instrumental - 1957.opus
Héctor Varela,Don Esteban,1957-04-08,Varela Hector/1955-1959/Varela - Don Esteban - Instrumental - 1957.opus
Héctor Varela,El Choclo,1956-11-29,Varela Hector/1955-1959/Varela - El Choclo - Instrumental - 1956.opus
Héctor Varela,El Cincuenta y Ocho,1958-07-17,Varela Hector/1955-1959/Varela - El Cincuenta y Ocho - Instrumental - 1958.opus
Héctor Varela,El Destino la Llevó,1959-12-02,Varela Hector/1955-1959/Varela - El Destino la Llevo - Lesica - 1959.opus
Héctor Varela,El Entrerriano,1957-03-29,Varela Hector/1955-1959/Varela - El Entrerriano - Instrumental - 1957.opus
Héctor Varela,El Pensamiento,1957-05-03,Varela Hector/1955-1959/Varela - El Pensamiento - Instrumental - 1957.opus
Héctor Varela,Entre Tu Amor y Mi Amor,1959-08-21,Varela Hector/1955-1959/Varela - Entre Tu Amor y Mi Amor - Laborde - 1959.opus
Héctor Varela,Es Mi Tormento,1958-04-23,Varela Hector/1955-1959/Varela - Es Mi Tormento - Herrera - 1958.opus
Héctor Varela,Esta Noche de Copas,1958-01-02,Varela Hector/1955-1959/Varela - Esta Noche de Copas - Reyes - 1958.opus
Héctor Varela,Fosforerita,1957-01-18,Varela Hector/1955-1959/Varela - Fosforerita - Ledesma - 1957.opus
Héctor Varela,Fuegos Artificiales,1957-04-08,Varela Hector/1955-1959/Varela - Fuegos Artificiales - Instrumental - 1957.opus
Héctor Varela,Fueron Tres Años,1956-05-18,Varela Hector/1955-1959/Varela - Fueron Tres Anos - Ledesma - 1956.opus
Héctor Varela,Fumando Espero,1955-06-01,Varela Hector/1955-1959/Varela - Fumando Espero - Ledesma - 1955.opus
Héctor Varela,Gaucha,1959-04-29,Varela Hector/1955-1959/Varela - Gaucha - Herrera - 1959.opus
Héctor Varela,Gota de Lluvia,1956-08-01,Varela Hector/1955-1959/Varela - Gota de Lluvia - Lesica - 1956.opus
Héctor Varela,Gran Muñeca,1959-09-07,Varela Hector/1955-1959/Varela - Gran Muneca - Instrumental - 1959.opus
Héctor Varela,Guerrera,1956-08-01,Varela Hector/1955-1959/Varela - Guerrera - Instrumental - 1956.opus
Héctor Varela,Historia de un Amor,1956-03-13,Varela Hector/1955-1959/Varela - Historia De Un Amor - Lesica - 1956.opus
Héctor Varela,La Macumba,1959-09-07,Varela Hector/1955-1959/Varela - La Macumba - Instrumental - 1959.opus
Héctor Varela,La Mano de Dios,1958-06-16,Varela Hector/1955-1959/Varela - La Mano de Dios - Herrera - 1958.opus
Héctor Varela,La Payanca,1957-04-12,Varela Hector/1955-1959/Varela - La Payanca - Instrumental - 1957.opus
Héctor Varela,Lonjazos,1956-07-12,Varela Hector/1955-1959/Varela - Lonjazos - Lesica - 1956.opus
Héctor Varela,Marinera,1958-08-14,Varela Hector/1955-1959/Varela - Marinera - Herrera - 1958.opus
Héctor Varela,Mi Corazón Es un Violín,1956-03-13,Varela Hector/1955-1959/Varela - Mi Corazon Es un Violin - Instrumental - 1956.opus
Héctor Varela,Muchacha,1956-09-26,Varela Hector/1955-1959/Varela - Muchacha - Ledesma - 1956.opus
Héctor Varela,Muñequita de Arrabal,1959-05-27,Varela Hector/1955-1959/Varela - Munequita de Arrabal - Herrera - 1959.opus
Héctor Varela,No Me Hablen de Ella,1957-09-12,Varela Hector/1955-1959/Varela - No Me Hablen De Ella - Lesica - 1957.opus
Héctor Varela,No No Llores Más,1958-04-10,Varela Hector/1955-1959/Varela - No No Llores Mas - Herrera - 1958.opus
Héctor Varela,Pa' Que Te Oigan Bandoneón,1956-07-22,Varela Hector/1955-1959/Varela - Pa' que Te Oigan Bandoneon - Instrumental - 1956.opus
Héctor Varela,Por Celos Nada Más,1959-07-30,Varela Hector/1955-1959/Varela - Por Celos Nada Mas - Laborde - 1959.opus
Héctor Varela,Portero Suba y Diga,1955-10-19,Varela Hector/1955-1959/Varela - Portero Suba Y Diga - Ledesma - 1955.opus
Héctor Varela,Princesa Margarita,1958-06-26,Varela Hector/1955-1959/Varela - Princesa Margarita - Herrera - 1958.opus
Héctor Varela,Que Digan Lo Que Quieran,1958-07-30,Varela Hector/1955-1959/Varela - Que Digan Lo Que Quieran - Yanel - 1958.opus
Héctor Varela,Qué Lindo Es Perdonar,1958-03-19,Varela Hector/1955-1959/Varela - Que Lindo Es Perdonar - Herrera - 1958.opus
Héctor Varela,Qué Tarde Que Has Venido,1956-07-24,Varela Hector/1955-1959/Varela - Que Tarde que Has Venido - Ledesma - 1956.opus
Héctor Varela,Quién Te Quiere Como Yo,1958-03-19,Varela Hector/1955-1959/Varela - Quien Te Quiere Como Yo - Duo - 1958.opus
Héctor Varela,Quiero Papita,1959-09-16,Varela Hector/1955-1959/Varela - Quiero Papita - Instrumental - 1959.opus
Héctor Varela,Risque,1955-07-22,Varela Hector/1955-1959/Varela - Risque - Lesica - 1955.opus
Héctor Varela,Rococó,1959-02-24,Varela Hector/1955-1959/Varela - Rococo - Herrera - 1959.opus
Héctor Varela,Rosa Mía,1956-11-30,Varela Hector/1955-1959/Varela - Rosa Mia - Lesica - 1956.opus
Héctor Varela,Royal Pigall,1955-10-21,Varela Hector/1955-1959/Varela - Royal Pigall - Instrumental - 1955.opus
Héctor Varela,Se Mira y No Se Toca,1959-09-30,Varela Hector/1955-1959/Varela - Se Mira y No Se Toca - Instrumental - 1959.opus
Héctor Varela,Señora Princesa,1957-07-02,Varela Hector/1955-1959/Varela - Senora Princesa - Lavie - 1957.opus
Héctor Varela,Si Me Hablaras Corazón,1956-11-30,Varela Hector/1955-1959/Varela - Si Me Hablaras Corazon - Ledesma - 1956.opus
Héctor Varela,Silueta Porteña,1956-05-18,Varela Hector/1955-1959/Varela - Silueta Portena - Ledesma - 1956.opus
Héctor Varela,Te Creía Como Todas,1957-09-12,Varela Hector/1955-1959/Varela - Te Creia Como Todas - Lavie - 1957.opus
Héctor Varela,Tentadora,1957-05-13,Varela Hector/1955-1959/Varela - Tentadora - Lesica - 1957.opus
Héctor Varela,Trovador Mazorquero,1955-03-29,Varela Hector/1955-1959/Varela - Trovador Mazorquero - Lesica - 1955.opus
Héctor Varela,Un Remordimiento,1955-03-17,Varela Hector/1955-1959/Varela - Un Remordimiento - Ledesma - 1955.opus
Héctor Varela,Valsecito Criollo,1955-11-01,Varela Hector/1955-1959/Varela - Valsecito Criollo - Instrumental - 1955.opus
Héctor Varela,Viejo Rincón,1955-10-07,Varela Hector/1955-1959/Varela - Viejo Rincon - Ledesma - 1955.opus
Héctor Varela,Volvé Mimosa,1958-01-02,Varela Hector/1955-1959/Varela - Volve Mimosa - Herrera - 1958.opus
Héctor Varela,Y No Me Dejes Corazón,1958-04-23,Varela Hector/1955-1959/Varela - Y No Me Dejes Corazon - Herrera - 1958.opus
Héctor Varela,Y No Me Digas No,1957-07-02,Varela Hector/1955-1959/Varela - Y No Me Digas No - Lavie - 1957.opus
Héctor Varela,Y Porque Te Quiero Tanto,1959-05-13,Varela Hector/1955-1959/Varela - Y Porque Te Quiero Tanto - Laborde - 1959.opus
Héctor Varela,Y Solamente Mía,1958-08-14,Varela Hector/1955-1959/Varela - Y Solamente Mia - Yanel - 1958.opus
Héctor Varela,Y Te Parece Todavía,1959-02-24,Varela Hector/1955-1959/Varela - Y Te Parece Todavia - Laborde - 1959.opus
Héctor Varela,Y Te Tengo Que Esperar,1957-01-18,Varela Hector/1955-1959/Varela - Y Te Tengo Que Esperar - Lesica - 1957.opus
Héctor Varela,Y Todavía Te Quiero,1956-07-24,Varela Hector/1955-1959/Varela - Y Todavia Te Quiero - Lesica - 1956.opus
Héctor Varela,Yo No Quiero Que Se Entere,1958-07-30,Varela Hector/1955-1959/Varela - Yo No Quiero Que Se Entere - Yanel - 1958.opus
Héctor Varela,Yo Te Canto Buenos Aires,1959-04-29,Varela Hector/1955-1959/Varela - Yo Te Canto Buenos Aires - Herrera - 1959.opus
Héctor Varela,A Don Antonio,1964-04-02,Varela Hector/1960-1964/Varela - A Don Antonio - Instrumental - 1964.opus
Héctor Varela,Carcajada,1960-09-14,Varela Hector/1960-1964/Varela - Carcajada - Instrumental - 1960.opus
Héctor Varela,Con Flauta y Guitarra,1960-03-18,Varela Hector/1960-1964/Varela - Con Flauta y Guitarra - Lesica - 1960.opus
Héctor Varela,El Distinguido Ciudadano,1960-08-12,Varela Hector/1960-1964/Varela - El Distinguido Ciudadano - Instrumental - 1960.opus
Héctor Varela,El Irresistible,1960-06-08,Varela Hector/1960-1964/Varela - El Irresistible - Instrumental - 1960.opus
Héctor Varela,El Mayorengo,1960-09-14,Varela Hector/1960-1964/Varela - El Mayorengo - Instrumental - 1960.opus
Héctor Varela,Elegante Papirusa,1960-06-08,Varela Hector/1960-1964/Varela - Elegante Papirusa - Instrumental - 1960.opus
Héctor Varela,Guapeando,1964-05-07,Varela Hector/1960-1964/Varela - Guapeando - Instrumental - 1964.opus
Héctor Varela,Pa' Que Se Luzca la Orquesta,1964-04-09,Varela Hector/1960-1964/Varela - Pa' Que Se Luzca la Orquesta - Instrumental - 1964.opus
Héctor Varela,Qué Poca Cosa Fue Tu Amor,1960-03-18,Varela Hector/1960-1964/Varela - Que Poca Cosa Fue Tu Amor - Lesica - 1960.opus
Héctor Varela,Rulito,1961-06-03,Varela Hector/1960-1964/Varela - Rulito - Instrumental - 1961.opus
Héctor Varela,Soy Cuartelera,1964-04-02,Varela Hector/1960-1964/Varela - Soy Cuartelera - Instrumental - 1964.opus
Héctor Varela,Vareleando,1961-06-09,Varela Hector/1960-1964/Varela - Vareleando - Instrumental - 1961.opus
Héctor Varela,Y Es Hora de Vivir,1961-05-30,Varela Hector/1960-1964/Varela - Y Es Hora de Vivir - Herrera - 1961.opus
Héctor Varela,Araca Corazón,1968-05-24,Varela Hector/1965-1969/Varela - Araca Corazon - Instrumental - 1968.opus
Héctor Varela,Buen Amigo,1966-10-17,Varela Hector/1965-1969/Varela - Buen Amigo - Instrumental - 1966.opus
Héctor Varela,Comme Il Faut,1966-09-30,Varela Hector/1965-1969/Varela - Comme Il Faut - Instrumental - 1966.opus
Héctor Varela,Cuesta Abajo,1968-03-26,Varela Hector/1965-1969/Varela - Cuesta Abajo - Instrumental - 1968.opus
Héctor Varela,De Vuelta y Media,1967-04-18,Varela Hector/1965-1969/Varela - De Vuelta y Media - Instrumental - 1967.opus
Héctor Varela,El Amanecer,1967-07-04,Varela Hector/1965-1969/Varela - El Amanecer - Instrumental - 1967.opus
Héctor Varela,El Caburé,1966-10-23,Varela Hector/1965-1969/Varela - El Cabure - Instrumental - 1966.opus
Héctor Varela,El Marne,1967-05-09,Varela Hector/1965-1969/Varela - El Marne - Instrumental - 1967.opus
Héctor Varela,El Pollo Ricardo,1966-09-30,Varela Hector/1965-1969/Varela - El Pollo Ricardo - Instrumental - 1966.opus
Héctor Varela,La Cachila,1967-05-16,Varela Hector/1965-1969/Varela - La Cachila - Instrumental - 1967.opus
Héctor Varela,La Maleva,1967-05-09,Varela Hector/1965-1969/Varela - La Maleva - Instrumental - 1967.opus
Héctor Varela,La Morocha,1967-07-14,Varela Hector/1965-1969/Varela - La Morocha - Instrumental - 1967.opus
Héctor Varela,La Puñalada,1967-04-18,Varela Hector/1965-1969/Varela - La Punalada - Instrumental - 1967.opus
Héctor Varela,La Viruta,1967-07-04,Varela Hector/1965-1969/Varela - La Viruta - Instrumental - 1967.opus
Héctor Varela,Mano a Mano,1968-05-15,Varela Hector/1965-1969/Varela - Mano a Mano - Instrumental - 1968.opus
Héctor Varela,Mi Buenos Aires Querido,1968-03-22,Varela Hector/1965-1969/Varela - Mi Buenos Aires Querido - Instrumental - 1968.opus
Héctor Varela,Ojos Negros,1967-07-14,Varela Hector/1965-1969/Varela - Ojos Negros - Instrumental - 1967.opus
Héctor Varela,Pabellón de las Rosas,1967-04-27,Varela Hector/1965-1969/Varela - Pabellon De Las Rosas - Instrumental - 1967.opus
Héctor Varela,Beautiful Tango,1967-04-27,Varela Hector/1965-1969/Varela - Palomita Blanca - Instrumental - 1967.opus
Héctor Varela,Retirao,1966-10-17,Varela Hector/1965-1969/Varela - Retirao - Instrumental - 1966.opus
Héctor Varela,Tomo y Obligo,1968-05-15,Varela Hector/1965-1969/Varela - Tomo y Obligo - Instrumental - 1968.opus
Héctor Varela,Un Tropezón,1968-03-22,Varela Hector/1965-1969/Varela - Un Tropezon - Instrumental - 1968.opus
Héctor Varela,Yira Yira,1968-05-08,Varela Hector/1965-1969/Varela - Yira Yira - Instrumental - 1968.opus
Héctor Varela,Milongueando en el 40,1971-04-13,Varela Hector/1970-1974/Varela - Milongueando en el 40 - Instrumental - 1971.opus
Héctor Varela,Mística,1970-04-07,Varela Hector/1970-1974/Varela - Mistica - Instrumental - 1970.opus
